# Build Log
Date: Thu Jul 30 11:14:11 UTC 2026
SHA: fb2e862d7f2af2a91246e86abeb3f082215f512e

## Environment
JAVA_HOME=/opt/hostedtoolcache/Java_Temurin-Hotspot_jdk/17.0.19-10/x64
ANDROID_HOME=/usr/local/lib/android/sdk
Java version: openjdk version "17.0.19" 2026-04-21
OpenJDK Runtime Environment Temurin-17.0.19+10 (build 17.0.19+10)
OpenJDK 64-Bit Server VM Temurin-17.0.19+10 (build 17.0.19+10, mixed mode, sharing)

## Gradle wrapper test

------------------------------------------------------------
Gradle 8.2
------------------------------------------------------------

Build time:   2023-06-30 18:02:30 UTC
Revision:     5f4a070a62a31a17438ac998c2b849f4f6892877

Kotlin:       1.8.20
Groovy:       3.0.17
Ant:          Apache Ant(TM) version 1.10.13 compiled on January 4 2023
JVM:          17.0.19 (Eclipse Adoptium 17.0.19+10)
OS:           Linux 6.17.0-1020-azure amd64


## Build attempt
Initialized native services in: /home/runner/.gradle/native
Initialized jansi services in: /home/runner/.gradle/native
Received JVM installation metadata from '/usr/lib/jvm/temurin-17-jdk-amd64': {JAVA_HOME=/usr/lib/jvm/temurin-17-jdk-amd64, JAVA_VERSION=17.0.19, JAVA_VENDOR=Eclipse Adoptium, RUNTIME_NAME=OpenJDK Runtime Environment, RUNTIME_VERSION=17.0.19+10, VM_NAME=OpenJDK 64-Bit Server VM, VM_VERSION=17.0.19+10, VM_VENDOR=Eclipse Adoptium, OS_ARCH=amd64}
Checking if the launcher JVM can be re-used for build. To be re-used, the launcher JVM needs to match the parameters required for the build process: --add-opens=java.base/java.util=ALL-UNNAMED --add-opens=java.base/java.lang=ALL-UNNAMED --add-opens=java.base/java.lang.invoke=ALL-UNNAMED --add-opens=java.prefs/java.util.prefs=ALL-UNNAMED --add-opens=java.base/java.nio.charset=ALL-UNNAMED --add-opens=java.base/java.net=ALL-UNNAMED --add-opens=java.base/java.util.concurrent.atomic=ALL-UNNAMED -Xmx2048m -Dfile.encoding=UTF-8 -Duser.country -Duser.language=en -Duser.variant
To honour the JVM settings for this build a single-use Daemon process will be forked. For more on this, please refer to https://docs.gradle.org/8.2/userguide/gradle_daemon.html#sec:disabling_the_daemon in the Gradle documentation.
Starting process 'Gradle build daemon'. Working directory: /home/runner/.gradle/daemon/8.2 Command: /usr/lib/jvm/temurin-17-jdk-amd64/bin/java --add-opens=java.base/java.util=ALL-UNNAMED --add-opens=java.base/java.lang=ALL-UNNAMED --add-opens=java.base/java.lang.invoke=ALL-UNNAMED --add-opens=java.prefs/java.util.prefs=ALL-UNNAMED --add-opens=java.base/java.nio.charset=ALL-UNNAMED --add-opens=java.base/java.net=ALL-UNNAMED --add-opens=java.base/java.util.concurrent.atomic=ALL-UNNAMED -Xmx2048m -Dfile.encoding=UTF-8 -Duser.country -Duser.language=en -Duser.variant -cp /home/runner/.gradle/wrapper/dists/gradle-8.2-bin/bbg7u40eoinfdyxsxr3z4i7ta/gradle-8.2/lib/gradle-launcher-8.2.jar -javaagent:/home/runner/.gradle/wrapper/dists/gradle-8.2-bin/bbg7u40eoinfdyxsxr3z4i7ta/gradle-8.2/lib/agents/gradle-instrumentation-agent-8.2.jar org.gradle.launcher.daemon.bootstrap.GradleDaemon 8.2
Successfully started process 'Gradle build daemon'
An attempt to start the daemon took 0.795 secs.
The client will now receive all logging from the daemon (pid: 3013). The daemon log file: /home/runner/.gradle/daemon/8.2/daemon-3013.out.log
Closing daemon's stdin at end of input.
The daemon will no longer process any standard input.
Daemon will be stopped at the end of the build 
Using 4 worker leases.
Received JVM installation metadata from '/usr/lib/jvm/temurin-17-jdk-amd64': {JAVA_HOME=/usr/lib/jvm/temurin-17-jdk-amd64, JAVA_VERSION=17.0.19, JAVA_VENDOR=Eclipse Adoptium, RUNTIME_NAME=OpenJDK Runtime Environment, RUNTIME_VERSION=17.0.19+10, VM_NAME=OpenJDK 64-Bit Server VM, VM_VERSION=17.0.19+10, VM_VENDOR=Eclipse Adoptium, OS_ARCH=amd64}
Watching the file system is configured to be enabled if available
Now considering [/home/runner/work/HardwareInfoPro/HardwareInfoPro] as hierarchies to watch
File system watching is active
Starting Build
Settings evaluated using settings file '/home/runner/work/HardwareInfoPro/HardwareInfoPro/settings.gradle'.
Projects loaded. Root project using build file '/home/runner/work/HardwareInfoPro/HardwareInfoPro/build.gradle'.
Included projects: [root project 'HardwareInfoPro', project ':app']

> Configure project :
Evaluating root project 'HardwareInfoPro' using build file '/home/runner/work/HardwareInfoPro/HardwareInfoPro/build.gradle'.
The configuration detachedConfiguration1 is both resolvable and consumable. This is considered a legacy configuration and it will eventually only be possible to be one of these.
The configuration detachedConfiguration1 is both consumable and declarable. This combination is incorrect, only one of these flags should be set.
The configuration detachedConfiguration1 is both resolvable and consumable. This is considered a legacy configuration and it will eventually only be possible to be one of these.
The configuration detachedConfiguration1 is both consumable and declarable. This combination is incorrect, only one of these flags should be set.
The configuration detachedConfiguration2 is both resolvable and consumable. This is considered a legacy configuration and it will eventually only be possible to be one of these.
The configuration detachedConfiguration2 is both consumable and declarable. This combination is incorrect, only one of these flags should be set.
The configuration detachedConfiguration2 is both resolvable and consumable. This is considered a legacy configuration and it will eventually only be possible to be one of these.
The configuration detachedConfiguration2 is both consumable and declarable. This combination is incorrect, only one of these flags should be set.
The configuration :classpath is both resolvable and consumable. This is considered a legacy configuration and it will eventually only be possible to be one of these.
The configuration :classpath is both consumable and declarable. This combination is incorrect, only one of these flags should be set.
The configuration :classpath is both resolvable and consumable. This is considered a legacy configuration and it will eventually only be possible to be one of these.
The configuration :classpath is both consumable and declarable. This combination is incorrect, only one of these flags should be set.

> Configure project :app
Evaluating project ':app' using build file '/home/runner/work/HardwareInfoPro/HardwareInfoPro/app/build.gradle'.
Using default execution profile
Using Kotlin Gradle Plugin gradle82 variant
All projects evaluated.
The configuration :classpath is both resolvable and consumable. This is considered a legacy configuration and it will eventually only be possible to be one of these.
The configuration :classpath is both consumable and declarable. This combination is incorrect, only one of these flags should be set.
The configuration :classpath is both resolvable and consumable. This is considered a legacy configuration and it will eventually only be possible to be one of these.
The configuration :classpath is both consumable and declarable. This combination is incorrect, only one of these flags should be set.
The configuration :classpath is both resolvable and consumable. This is considered a legacy configuration and it will eventually only be possible to be one of these.
The configuration :classpath is both consumable and declarable. This combination is incorrect, only one of these flags should be set.
The configuration :classpath is both resolvable and consumable. This is considered a legacy configuration and it will eventually only be possible to be one of these.
The configuration :classpath is both consumable and declarable. This combination is incorrect, only one of these flags should be set.
The configuration :classpath is both resolvable and consumable. This is considered a legacy configuration and it will eventually only be possible to be one of these.
The configuration :classpath is both consumable and declarable. This combination is incorrect, only one of these flags should be set.
The configuration :app:classpath is both resolvable and consumable. This is considered a legacy configuration and it will eventually only be possible to be one of these.
The configuration :app:classpath is both consumable and declarable. This combination is incorrect, only one of these flags should be set.
The configuration :app:classpath is both resolvable and consumable. This is considered a legacy configuration and it will eventually only be possible to be one of these.
The configuration :app:classpath is both consumable and declarable. This combination is incorrect, only one of these flags should be set.
The configuration :app:classpath is both resolvable and consumable. This is considered a legacy configuration and it will eventually only be possible to be one of these.
The configuration :app:classpath is both consumable and declarable. This combination is incorrect, only one of these flags should be set.
The configuration :app:classpath is both resolvable and consumable. This is considered a legacy configuration and it will eventually only be possible to be one of these.
The configuration :app:classpath is both consumable and declarable. This combination is incorrect, only one of these flags should be set.
The configuration :app:classpath is both resolvable and consumable. This is considered a legacy configuration and it will eventually only be possible to be one of these.
The configuration :app:classpath is both consumable and declarable. This combination is incorrect, only one of these flags should be set.
The configuration :app:classpath is both resolvable and consumable. This is considered a legacy configuration and it will eventually only be possible to be one of these.
The configuration :app:classpath is both consumable and declarable. This combination is incorrect, only one of these flags should be set.
Task name matched 'assembleDebug'
Selected primary task 'assembleDebug' from project :
Tasks to be executed: [task ':app:preBuild', task ':app:preDebugBuild', task ':app:mergeDebugNativeDebugMetadata', task ':app:checkKotlinGradlePluginConfigurationErrors', task ':app:dataBindingMergeDependencyArtifactsDebug', task ':app:generateDebugResValues', task ':app:generateDebugResources', task ':app:mergeDebugResources', task ':app:packageDebugResources', task ':app:parseDebugLocalResources', task ':app:dataBindingGenBaseClassesDebug', task ':app:checkDebugAarMetadata', task ':app:mapDebugSourceSetPaths', task ':app:createDebugCompatibleScreenManifests', task ':app:extractDeepLinksDebug', task ':app:processDebugMainManifest', task ':app:processDebugManifest', task ':app:processDebugManifestForPackage', task ':app:processDebugResources', task ':app:compileDebugKotlin', task ':app:javaPreCompileDebug', task ':app:compileDebugJavaWithJavac', task ':app:mergeDebugShaders', task ':app:compileDebugShaders', task ':app:generateDebugAssets', task ':app:mergeDebugAssets', task ':app:compressDebugAssets', task ':app:processDebugJavaRes', task ':app:mergeDebugJavaResource', task ':app:checkDebugDuplicateClasses', task ':app:desugarDebugFileDependencies', task ':app:mergeExtDexDebug', task ':app:mergeLibDexDebug', task ':app:dexBuilderDebug', task ':app:mergeProjectDexDebug', task ':app:mergeDebugJniLibFolders', task ':app:mergeDebugNativeLibs', task ':app:stripDebugDebugSymbols', task ':app:validateSigningDebug', task ':app:writeDebugAppMetadata', task ':app:writeDebugSigningConfigVersions', task ':app:packageDebug', task ':app:createDebugApkListingFileRedirect', task ':app:assembleDebug']
Tasks that were excluded: []
Resolve mutations for :app:preBuild (Thread[Execution worker,5,main]) started.
:app:preBuild (Thread[Execution worker,5,main]) started.

> Task :app:preBuild UP-TO-DATE
Skipping task ':app:preBuild' as it has no actions.
Resolve mutations for :app:preDebugBuild (Thread[Execution worker,5,main]) started.
:app:preDebugBuild (Thread[Execution worker,5,main]) started.

> Task :app:preDebugBuild UP-TO-DATE
Skipping task ':app:preDebugBuild' as it has no actions.
Resolve mutations for :app:mergeDebugNativeDebugMetadata (Thread[Execution worker,5,main]) started.
:app:mergeDebugNativeDebugMetadata (Thread[Execution worker,5,main]) started.

> Task :app:mergeDebugNativeDebugMetadata NO-SOURCE
Skipping task ':app:mergeDebugNativeDebugMetadata' as it has no source files and no previous output files.
Resolve mutations for :app:checkKotlinGradlePluginConfigurationErrors (Thread[Execution worker,5,main]) started.
:app:checkKotlinGradlePluginConfigurationErrors (Thread[Execution worker Thread 3,5,main]) started.

> Task :app:checkKotlinGradlePluginConfigurationErrors
Caching disabled for task ':app:checkKotlinGradlePluginConfigurationErrors' because:
  Build cache is disabled
Task ':app:checkKotlinGradlePluginConfigurationErrors' is not up-to-date because:
  Task has not declared any outputs despite executing actions.
Resolve mutations for :app:dataBindingMergeDependencyArtifactsDebug (Thread[Execution worker Thread 3,5,main]) started.
:app:dataBindingMergeDependencyArtifactsDebug (Thread[Execution worker,5,main]) started.

> Task :app:dataBindingMergeDependencyArtifactsDebug UP-TO-DATE
Watching 1 directories to track changes
Watching 2 directories to track changes
Watching 3 directories to track changes
Transforming appcompat-1.6.1.aar (androidx.appcompat:appcompat:1.6.1) with ExtractAarTransform
Transforming viewbinding-8.2.0.aar (androidx.databinding:viewbinding:8.2.0) with ExtractAarTransform
Transforming material-1.11.0.aar (com.google.android.material:material:1.11.0) with ExtractAarTransform
Transforming viewpager2-1.1.0-beta02.aar (androidx.viewpager2:viewpager2:1.1.0-beta02) with ExtractAarTransform
Caching disabled for ExtractAarTransform: /home/runner/.gradle/caches/modules-2/files-2.1/androidx.viewpager2/viewpager2/1.1.0-beta02/8382bf0f6d375711dfb5ae019e77960c22f8f893/viewpager2-1.1.0-beta02.aar because:
  Build cache is disabled
Caching disabled for ExtractAarTransform: /home/runner/.gradle/caches/modules-2/files-2.1/androidx.databinding/viewbinding/8.2.0/82f5fd3bd4ee912e5fee216e201769288a2a9dae/viewbinding-8.2.0.aar because:
  Build cache is disabled
Skipping ExtractAarTransform: /home/runner/.gradle/caches/modules-2/files-2.1/androidx.viewpager2/viewpager2/1.1.0-beta02/8382bf0f6d375711dfb5ae019e77960c22f8f893/viewpager2-1.1.0-beta02.aar as it is up-to-date.
Skipping ExtractAarTransform: /home/runner/.gradle/caches/modules-2/files-2.1/androidx.databinding/viewbinding/8.2.0/82f5fd3bd4ee912e5fee216e201769288a2a9dae/viewbinding-8.2.0.aar as it is up-to-date.
Transforming viewbinding-8.2.0.aar (androidx.databinding:viewbinding:8.2.0) with AarTransform
Transforming viewpager2-1.1.0-beta02.aar (androidx.viewpager2:viewpager2:1.1.0-beta02) with AarTransform
Caching disabled for AarTransform: /home/runner/.gradle/caches/transforms-3/4951730462e4aa2a807e0cc6795bcbdc/transformed/viewbinding-8.2.0 because:
  Build cache is disabled
Skipping AarTransform: /home/runner/.gradle/caches/transforms-3/4951730462e4aa2a807e0cc6795bcbdc/transformed/viewbinding-8.2.0 as it is up-to-date.
Transforming fragment-1.3.6.aar (androidx.fragment:fragment:1.3.6) with ExtractAarTransform
Caching disabled for AarTransform: /home/runner/.gradle/caches/transforms-3/ef3c88ef6515e9e7721cc239e96a1477/transformed/viewpager2-1.1.0-beta02 because:
  Build cache is disabled
Skipping AarTransform: /home/runner/.gradle/caches/transforms-3/ef3c88ef6515e9e7721cc239e96a1477/transformed/viewpager2-1.1.0-beta02 as it is up-to-date.
Transforming activity-1.8.0.aar (androidx.activity:activity:1.8.0) with ExtractAarTransform
Caching disabled for ExtractAarTransform: /home/runner/.gradle/caches/modules-2/files-2.1/androidx.activity/activity/1.8.0/4266e2118d565daa20212d1726e11f41e1a4d0ca/activity-1.8.0.aar because:
  Build cache is disabled
Skipping ExtractAarTransform: /home/runner/.gradle/caches/modules-2/files-2.1/androidx.activity/activity/1.8.0/4266e2118d565daa20212d1726e11f41e1a4d0ca/activity-1.8.0.aar as it is up-to-date.
Transforming activity-1.8.0.aar (androidx.activity:activity:1.8.0) with AarTransform
Caching disabled for AarTransform: /home/runner/.gradle/caches/transforms-3/2b0c27ad856b62a1c7d8311931eca41e/transformed/activity-1.8.0 because:
  Build cache is disabled
Skipping AarTransform: /home/runner/.gradle/caches/transforms-3/2b0c27ad856b62a1c7d8311931eca41e/transformed/activity-1.8.0 as it is up-to-date.
Transforming recyclerview-1.3.2.aar (androidx.recyclerview:recyclerview:1.3.2) with ExtractAarTransform
Caching disabled for ExtractAarTransform: /home/runner/.gradle/caches/modules-2/files-2.1/androidx.fragment/fragment/1.3.6/6391fc504e7c0f24051ac8b9da3f0ba4d1241dff/fragment-1.3.6.aar because:
  Build cache is disabled
Skipping ExtractAarTransform: /home/runner/.gradle/caches/modules-2/files-2.1/androidx.fragment/fragment/1.3.6/6391fc504e7c0f24051ac8b9da3f0ba4d1241dff/fragment-1.3.6.aar as it is up-to-date.
Transforming fragment-1.3.6.aar (androidx.fragment:fragment:1.3.6) with AarTransform
Caching disabled for AarTransform: /home/runner/.gradle/caches/transforms-3/98aa3d885528e6c6aa8a5d42934f35b0/transformed/fragment-1.3.6 because:
  Build cache is disabled
Skipping AarTransform: /home/runner/.gradle/caches/transforms-3/98aa3d885528e6c6aa8a5d42934f35b0/transformed/fragment-1.3.6 as it is up-to-date.
Transforming swiperefreshlayout-1.1.0.aar (androidx.swiperefreshlayout:swiperefreshlayout:1.1.0) with ExtractAarTransform
Caching disabled for ExtractAarTransform: /home/runner/.gradle/caches/modules-2/files-2.1/androidx.recyclerview/recyclerview/1.3.2/e1d76099dbbd88ee0ee7c39cfa96ed0ea01bc8ad/recyclerview-1.3.2.aar because:
  Build cache is disabled
Skipping ExtractAarTransform: /home/runner/.gradle/caches/modules-2/files-2.1/androidx.recyclerview/recyclerview/1.3.2/e1d76099dbbd88ee0ee7c39cfa96ed0ea01bc8ad/recyclerview-1.3.2.aar as it is up-to-date.
Transforming recyclerview-1.3.2.aar (androidx.recyclerview:recyclerview:1.3.2) with AarTransform
Caching disabled for ExtractAarTransform: /home/runner/.gradle/caches/modules-2/files-2.1/androidx.swiperefreshlayout/swiperefreshlayout/1.1.0/2aeac64056fe6cc0420afad0b699a7f9257b8ebe/swiperefreshlayout-1.1.0.aar because:
  Build cache is disabled
Skipping ExtractAarTransform: /home/runner/.gradle/caches/modules-2/files-2.1/androidx.swiperefreshlayout/swiperefreshlayout/1.1.0/2aeac64056fe6cc0420afad0b699a7f9257b8ebe/swiperefreshlayout-1.1.0.aar as it is up-to-date.
Transforming swiperefreshlayout-1.1.0.aar (androidx.swiperefreshlayout:swiperefreshlayout:1.1.0) with AarTransform
Caching disabled for AarTransform: /home/runner/.gradle/caches/transforms-3/495758042ca0f5607c8580195051b518/transformed/recyclerview-1.3.2 because:
  Build cache is disabled
Skipping AarTransform: /home/runner/.gradle/caches/transforms-3/495758042ca0f5607c8580195051b518/transformed/recyclerview-1.3.2 as it is up-to-date.
Transforming appcompat-resources-1.6.1.aar (androidx.appcompat:appcompat-resources:1.6.1) with ExtractAarTransform
Caching disabled for AarTransform: /home/runner/.gradle/caches/transforms-3/fb9e1b54ba0efe65bdd35d97e1779167/transformed/swiperefreshlayout-1.1.0 because:
  Build cache is disabled
Skipping AarTransform: /home/runner/.gradle/caches/transforms-3/fb9e1b54ba0efe65bdd35d97e1779167/transformed/swiperefreshlayout-1.1.0 as it is up-to-date.
Transforming drawerlayout-1.1.1.aar (androidx.drawerlayout:drawerlayout:1.1.1) with ExtractAarTransform
Caching disabled for ExtractAarTransform: /home/runner/.gradle/caches/modules-2/files-2.1/androidx.appcompat/appcompat-resources/1.6.1/3fe43025e50b556f319b1ff82a730d5a376a31e/appcompat-resources-1.6.1.aar because:
  Build cache is disabled
Skipping ExtractAarTransform: /home/runner/.gradle/caches/modules-2/files-2.1/androidx.appcompat/appcompat-resources/1.6.1/3fe43025e50b556f319b1ff82a730d5a376a31e/appcompat-resources-1.6.1.aar as it is up-to-date.
Transforming appcompat-resources-1.6.1.aar (androidx.appcompat:appcompat-resources:1.6.1) with AarTransform
Caching disabled for AarTransform: /home/runner/.gradle/caches/transforms-3/79ee736083e8993774bf9266626bb52f/transformed/appcompat-resources-1.6.1 because:
  Build cache is disabled
Skipping AarTransform: /home/runner/.gradle/caches/transforms-3/79ee736083e8993774bf9266626bb52f/transformed/appcompat-resources-1.6.1 as it is up-to-date.
Transforming coordinatorlayout-1.1.0.aar (androidx.coordinatorlayout:coordinatorlayout:1.1.0) with ExtractAarTransform
Caching disabled for ExtractAarTransform: /home/runner/.gradle/caches/modules-2/files-2.1/androidx.coordinatorlayout/coordinatorlayout/1.1.0/8eeb7baf75b9595d017642a460df5af3bb9fa4e1/coordinatorlayout-1.1.0.aar because:
  Build cache is disabled
Skipping ExtractAarTransform: /home/runner/.gradle/caches/modules-2/files-2.1/androidx.coordinatorlayout/coordinatorlayout/1.1.0/8eeb7baf75b9595d017642a460df5af3bb9fa4e1/coordinatorlayout-1.1.0.aar as it is up-to-date.
Transforming coordinatorlayout-1.1.0.aar (androidx.coordinatorlayout:coordinatorlayout:1.1.0) with AarTransform
Caching disabled for ExtractAarTransform: /home/runner/.gradle/caches/modules-2/files-2.1/androidx.drawerlayout/drawerlayout/1.1.1/1b2b049e1e88589510ddd4d93f2699b46ecd73dd/drawerlayout-1.1.1.aar because:
  Build cache is disabled
Skipping ExtractAarTransform: /home/runner/.gradle/caches/modules-2/files-2.1/androidx.drawerlayout/drawerlayout/1.1.1/1b2b049e1e88589510ddd4d93f2699b46ecd73dd/drawerlayout-1.1.1.aar as it is up-to-date.
Transforming drawerlayout-1.1.1.aar (androidx.drawerlayout:drawerlayout:1.1.1) with AarTransform
Caching disabled for ExtractAarTransform: /home/runner/.gradle/caches/modules-2/files-2.1/androidx.appcompat/appcompat/1.6.1/6c7577004b7ebbee5ed87d512b578dd20e3c8c31/appcompat-1.6.1.aar because:
  Build cache is disabled
Skipping ExtractAarTransform: /home/runner/.gradle/caches/modules-2/files-2.1/androidx.appcompat/appcompat/1.6.1/6c7577004b7ebbee5ed87d512b578dd20e3c8c31/appcompat-1.6.1.aar as it is up-to-date.
Transforming appcompat-1.6.1.aar (androidx.appcompat:appcompat:1.6.1) with AarTransform
Caching disabled for AarTransform: /home/runner/.gradle/caches/transforms-3/156662c0446d88703be71c5ea85394ee/transformed/coordinatorlayout-1.1.0 because:
  Build cache is disabled
Skipping AarTransform: /home/runner/.gradle/caches/transforms-3/156662c0446d88703be71c5ea85394ee/transformed/coordinatorlayout-1.1.0 as it is up-to-date.
Caching disabled for ExtractAarTransform: /home/runner/.gradle/caches/modules-2/files-2.1/com.google.android.material/material/1.11.0/e46abb2e27abed3ad274ba96b169a4c61fbb11fd/material-1.11.0.aar because:
  Build cache is disabled
Transforming dynamicanimation-1.0.0.aar (androidx.dynamicanimation:dynamicanimation:1.0.0) with ExtractAarTransform
Caching disabled for AarTransform: /home/runner/.gradle/caches/transforms-3/0666601880932e5ea304de5d3e90f0e6/transformed/drawerlayout-1.1.1 because:
  Build cache is disabled
Skipping AarTransform: /home/runner/.gradle/caches/transforms-3/0666601880932e5ea304de5d3e90f0e6/transformed/drawerlayout-1.1.1 as it is up-to-date.
Skipping ExtractAarTransform: /home/runner/.gradle/caches/modules-2/files-2.1/com.google.android.material/material/1.11.0/e46abb2e27abed3ad274ba96b169a4c61fbb11fd/material-1.11.0.aar as it is up-to-date.
Transforming material-1.11.0.aar (com.google.android.material:material:1.11.0) with AarTransform
Caching disabled for AarTransform: /home/runner/.gradle/caches/transforms-3/8891375a1bc91bb710ffef89177105ad/transformed/appcompat-1.6.1 because:
  Build cache is disabled
Skipping AarTransform: /home/runner/.gradle/caches/transforms-3/8891375a1bc91bb710ffef89177105ad/transformed/appcompat-1.6.1 as it is up-to-date.
Transforming transition-1.2.0.aar (androidx.transition:transition:1.2.0) with ExtractAarTransform
Transforming vectordrawable-animated-1.1.0.aar (androidx.vectordrawable:vectordrawable-animated:1.1.0) with ExtractAarTransform
Caching disabled for ExtractAarTransform: /home/runner/.gradle/caches/modules-2/files-2.1/androidx.dynamicanimation/dynamicanimation/1.0.0/e980497a58fb319d471f3bb78d066b926a08ba8e/dynamicanimation-1.0.0.aar because:
  Build cache is disabled
Skipping ExtractAarTransform: /home/runner/.gradle/caches/modules-2/files-2.1/androidx.dynamicanimation/dynamicanimation/1.0.0/e980497a58fb319d471f3bb78d066b926a08ba8e/dynamicanimation-1.0.0.aar as it is up-to-date.
Transforming dynamicanimation-1.0.0.aar (androidx.dynamicanimation:dynamicanimation:1.0.0) with AarTransform
Caching disabled for AarTransform: /home/runner/.gradle/caches/transforms-3/fcbc5d16c187e197fa242b722ddc8c8e/transformed/material-1.11.0 because:
  Build cache is disabled
Skipping AarTransform: /home/runner/.gradle/caches/transforms-3/fcbc5d16c187e197fa242b722ddc8c8e/transformed/material-1.11.0 as it is up-to-date.
Transforming vectordrawable-1.1.0.aar (androidx.vectordrawable:vectordrawable:1.1.0) with ExtractAarTransform
Caching disabled for AarTransform: /home/runner/.gradle/caches/transforms-3/05776c6eb0b3562d3211ec5fa23e80fc/transformed/dynamicanimation-1.0.0 because:
  Build cache is disabled
Skipping AarTransform: /home/runner/.gradle/caches/transforms-3/05776c6eb0b3562d3211ec5fa23e80fc/transformed/dynamicanimation-1.0.0 as it is up-to-date.
Transforming vectordrawable-1.1.0.aar (androidx.vectordrawable:vectordrawable:1.1.0) with ExtractAarTransform
Caching disabled for ExtractAarTransform: /home/runner/.gradle/caches/modules-2/files-2.1/androidx.vectordrawable/vectordrawable-animated/1.1.0/fcda1161354501471c30a4e077af6b5c4d4eddc6/vectordrawable-animated-1.1.0.aar because:
  Build cache is disabled
Caching disabled for ExtractAarTransform: /home/runner/.gradle/caches/modules-2/files-2.1/androidx.transition/transition/1.2.0/28003577e8b32f5417bfe899bbdc7a333dc81c9f/transition-1.2.0.aar because:
  Build cache is disabled
Skipping ExtractAarTransform: /home/runner/.gradle/caches/modules-2/files-2.1/androidx.vectordrawable/vectordrawable-animated/1.1.0/fcda1161354501471c30a4e077af6b5c4d4eddc6/vectordrawable-animated-1.1.0.aar as it is up-to-date.
Skipping ExtractAarTransform: /home/runner/.gradle/caches/modules-2/files-2.1/androidx.transition/transition/1.2.0/28003577e8b32f5417bfe899bbdc7a333dc81c9f/transition-1.2.0.aar as it is up-to-date.
Transforming vectordrawable-animated-1.1.0.aar (androidx.vectordrawable:vectordrawable-animated:1.1.0) with AarTransform
Transforming transition-1.2.0.aar (androidx.transition:transition:1.2.0) with AarTransform
Caching disabled for ExtractAarTransform: /home/runner/.gradle/caches/modules-2/files-2.1/androidx.vectordrawable/vectordrawable/1.1.0/eac7a364fff534035a2a6cb17770a1288315f69f/vectordrawable-1.1.0.aar because:
  Build cache is disabled
Skipping ExtractAarTransform: /home/runner/.gradle/caches/modules-2/files-2.1/androidx.vectordrawable/vectordrawable/1.1.0/eac7a364fff534035a2a6cb17770a1288315f69f/vectordrawable-1.1.0.aar as it is up-to-date.
Transforming vectordrawable-1.1.0.aar (androidx.vectordrawable:vectordrawable:1.1.0) with AarTransform
Transforming vectordrawable-1.1.0.aar (androidx.vectordrawable:vectordrawable:1.1.0) with AarTransform
Caching disabled for AarTransform: /home/runner/.gradle/caches/transforms-3/fbcbdd756e1eccc113c0c4ba3d916f6b/transformed/vectordrawable-animated-1.1.0 because:
  Build cache is disabled
Caching disabled for AarTransform: /home/runner/.gradle/caches/transforms-3/c8e7935bfeb3ccd2bcea2405a871ec17/transformed/transition-1.2.0 because:
  Build cache is disabled
Skipping AarTransform: /home/runner/.gradle/caches/transforms-3/fbcbdd756e1eccc113c0c4ba3d916f6b/transformed/vectordrawable-animated-1.1.0 as it is up-to-date.
Skipping AarTransform: /home/runner/.gradle/caches/transforms-3/c8e7935bfeb3ccd2bcea2405a871ec17/transformed/transition-1.2.0 as it is up-to-date.
Transforming viewpager-1.0.0.aar (androidx.viewpager:viewpager:1.0.0) with ExtractAarTransform
Transforming customview-1.1.0.aar (androidx.customview:customview:1.1.0) with ExtractAarTransform
Caching disabled for AarTransform: /home/runner/.gradle/caches/transforms-3/ae03016e9ee2406e676083e1778780bf/transformed/vectordrawable-1.1.0 because:
  Build cache is disabled
Caching disabled for ExtractAarTransform: /home/runner/.gradle/caches/modules-2/files-2.1/androidx.customview/customview/1.1.0/a030aaf64c5419a89f7d91a33755c4629a43471/customview-1.1.0.aar because:
  Build cache is disabled
Skipping AarTransform: /home/runner/.gradle/caches/transforms-3/ae03016e9ee2406e676083e1778780bf/transformed/vectordrawable-1.1.0 as it is up-to-date.
Skipping ExtractAarTransform: /home/runner/.gradle/caches/modules-2/files-2.1/androidx.customview/customview/1.1.0/a030aaf64c5419a89f7d91a33755c4629a43471/customview-1.1.0.aar as it is up-to-date.
Transforming customview-1.1.0.aar (androidx.customview:customview:1.1.0) with AarTransform
Caching disabled for ExtractAarTransform: /home/runner/.gradle/caches/modules-2/files-2.1/androidx.viewpager/viewpager/1.0.0/1f90e13820f96c2fb868f9674079a551678d68b2/viewpager-1.0.0.aar because:
  Build cache is disabled
Transforming customview-1.1.0.aar (androidx.customview:customview:1.1.0) with ExtractAarTransform
Transforming customview-1.1.0.aar (androidx.customview:customview:1.1.0) with AarTransform
Transforming customview-1.1.0.aar (androidx.customview:customview:1.1.0) with ExtractAarTransform
Transforming customview-1.1.0.aar (androidx.customview:customview:1.1.0) with AarTransform
Skipping ExtractAarTransform: /home/runner/.gradle/caches/modules-2/files-2.1/androidx.viewpager/viewpager/1.0.0/1f90e13820f96c2fb868f9674079a551678d68b2/viewpager-1.0.0.aar as it is up-to-date.
Transforming viewpager-1.0.0.aar (androidx.viewpager:viewpager:1.0.0) with AarTransform
Caching disabled for AarTransform: /home/runner/.gradle/caches/transforms-3/4320e56db7084d398e120f2ddfe5727a/transformed/customview-1.1.0 because:
  Build cache is disabled
Skipping AarTransform: /home/runner/.gradle/caches/transforms-3/4320e56db7084d398e120f2ddfe5727a/transformed/customview-1.1.0 as it is up-to-date.
Transforming customview-1.1.0.aar (androidx.customview:customview:1.1.0) with ExtractAarTransform
Transforming customview-1.1.0.aar (androidx.customview:customview:1.1.0) with AarTransform
Transforming loader-1.0.0.aar (androidx.loader:loader:1.0.0) with ExtractAarTransform
Caching disabled for AarTransform: /home/runner/.gradle/caches/transforms-3/da9c554f0858b46344cb064b99f6470b/transformed/viewpager-1.0.0 because:
  Build cache is disabled
Skipping AarTransform: /home/runner/.gradle/caches/transforms-3/da9c554f0858b46344cb064b99f6470b/transformed/viewpager-1.0.0 as it is up-to-date.
Transforming legacy-support-core-utils-1.0.0.aar (androidx.legacy:legacy-support-core-utils:1.0.0) with ExtractAarTransform
Transforming core-1.12.0.aar (androidx.core:core:1.12.0) with ExtractAarTransform
Transforming loader-1.0.0.aar (androidx.loader:loader:1.0.0) with ExtractAarTransform
Caching disabled for ExtractAarTransform: /home/runner/.gradle/caches/modules-2/files-2.1/androidx.legacy/legacy-support-core-utils/1.0.0/9b9570042115da8629519090dfeb71df75da59fc/legacy-support-core-utils-1.0.0.aar because:
  Build cache is disabled
Skipping ExtractAarTransform: /home/runner/.gradle/caches/modules-2/files-2.1/androidx.legacy/legacy-support-core-utils/1.0.0/9b9570042115da8629519090dfeb71df75da59fc/legacy-support-core-utils-1.0.0.aar as it is up-to-date.
Transforming legacy-support-core-utils-1.0.0.aar (androidx.legacy:legacy-support-core-utils:1.0.0) with AarTransform
Caching disabled for ExtractAarTransform: /home/runner/.gradle/caches/modules-2/files-2.1/androidx.loader/loader/1.0.0/8af8b6cec0da85c207d03e15840e0722cbc71e70/loader-1.0.0.aar because:
  Build cache is disabled
Skipping ExtractAarTransform: /home/runner/.gradle/caches/modules-2/files-2.1/androidx.loader/loader/1.0.0/8af8b6cec0da85c207d03e15840e0722cbc71e70/loader-1.0.0.aar as it is up-to-date.
Transforming loader-1.0.0.aar (androidx.loader:loader:1.0.0) with AarTransform
Transforming loader-1.0.0.aar (androidx.loader:loader:1.0.0) with AarTransform
Caching disabled for AarTransform: /home/runner/.gradle/caches/transforms-3/b4480a3418263b41508d46c8c5ca8cd8/transformed/legacy-support-core-utils-1.0.0 because:
  Build cache is disabled
Skipping AarTransform: /home/runner/.gradle/caches/transforms-3/b4480a3418263b41508d46c8c5ca8cd8/transformed/legacy-support-core-utils-1.0.0 as it is up-to-date.
Transforming core-1.12.0.aar (androidx.core:core:1.12.0) with ExtractAarTransform
Caching disabled for ExtractAarTransform: /home/runner/.gradle/caches/modules-2/files-2.1/androidx.core/core/1.12.0/5aa3088ed93ba8ebaea2b8a83befdfa829339e7a/core-1.12.0.aar because:
  Build cache is disabled
Skipping ExtractAarTransform: /home/runner/.gradle/caches/modules-2/files-2.1/androidx.core/core/1.12.0/5aa3088ed93ba8ebaea2b8a83befdfa829339e7a/core-1.12.0.aar as it is up-to-date.
Transforming core-1.12.0.aar (androidx.core:core:1.12.0) with AarTransform
Transforming core-1.12.0.aar (androidx.core:core:1.12.0) with AarTransform
Caching disabled for AarTransform: /home/runner/.gradle/caches/transforms-3/c41aa6211f038278362612431f3b2a75/transformed/loader-1.0.0 because:
  Build cache is disabled
Caching disabled for AarTransform: /home/runner/.gradle/caches/transforms-3/808f25e33273cf777e1c687f415f5885/transformed/core-1.12.0 because:
  Build cache is disabled
Skipping AarTransform: /home/runner/.gradle/caches/transforms-3/808f25e33273cf777e1c687f415f5885/transformed/core-1.12.0 as it is up-to-date.
Transforming lifecycle-livedata-core-2.6.1.aar (androidx.lifecycle:lifecycle-livedata-core:2.6.1) with ExtractAarTransform
Skipping AarTransform: /home/runner/.gradle/caches/transforms-3/c41aa6211f038278362612431f3b2a75/transformed/loader-1.0.0 as it is up-to-date.
Transforming lifecycle-livedata-2.6.1.aar (androidx.lifecycle:lifecycle-livedata:2.6.1) with ExtractAarTransform
Transforming lifecycle-viewmodel-2.6.1.aar (androidx.lifecycle:lifecycle-viewmodel:2.6.1) with ExtractAarTransform
Caching disabled for ExtractAarTransform: /home/runner/.gradle/caches/modules-2/files-2.1/androidx.lifecycle/lifecycle-livedata-core/2.6.1/23f66885a260f0a2cd6540927ea8795484afd2da/lifecycle-livedata-core-2.6.1.aar because:
  Build cache is disabled
Skipping ExtractAarTransform: /home/runner/.gradle/caches/modules-2/files-2.1/androidx.lifecycle/lifecycle-livedata-core/2.6.1/23f66885a260f0a2cd6540927ea8795484afd2da/lifecycle-livedata-core-2.6.1.aar as it is up-to-date.
Transforming lifecycle-livedata-core-2.6.1.aar (androidx.lifecycle:lifecycle-livedata-core:2.6.1) with AarTransform
Transforming lifecycle-viewmodel-2.6.1.aar (androidx.lifecycle:lifecycle-viewmodel:2.6.1) with ExtractAarTransform
Caching disabled for AarTransform: /home/runner/.gradle/caches/transforms-3/86d05be2685b442bcc9b63a26868bacb/transformed/lifecycle-livedata-core-2.6.1 because:
  Build cache is disabled
Skipping AarTransform: /home/runner/.gradle/caches/transforms-3/86d05be2685b442bcc9b63a26868bacb/transformed/lifecycle-livedata-core-2.6.1 as it is up-to-date.
Transforming lifecycle-runtime-2.6.1.aar (androidx.lifecycle:lifecycle-runtime:2.6.1) with ExtractAarTransform
Caching disabled for ExtractAarTransform: /home/runner/.gradle/caches/modules-2/files-2.1/androidx.lifecycle/lifecycle-livedata/2.6.1/e7f6d9e232bf035af69c030917c1ccda8e840b57/lifecycle-livedata-2.6.1.aar because:
  Build cache is disabled
Skipping ExtractAarTransform: /home/runner/.gradle/caches/modules-2/files-2.1/androidx.lifecycle/lifecycle-livedata/2.6.1/e7f6d9e232bf035af69c030917c1ccda8e840b57/lifecycle-livedata-2.6.1.aar as it is up-to-date.
Transforming lifecycle-livedata-2.6.1.aar (androidx.lifecycle:lifecycle-livedata:2.6.1) with AarTransform
Caching disabled for ExtractAarTransform: /home/runner/.gradle/caches/modules-2/files-2.1/androidx.lifecycle/lifecycle-viewmodel/2.6.1/fa35bfdbbe0e7df1573e377cbdd15de35176141d/lifecycle-viewmodel-2.6.1.aar because:
  Build cache is disabled
Skipping ExtractAarTransform: /home/runner/.gradle/caches/modules-2/files-2.1/androidx.lifecycle/lifecycle-viewmodel/2.6.1/fa35bfdbbe0e7df1573e377cbdd15de35176141d/lifecycle-viewmodel-2.6.1.aar as it is up-to-date.
Transforming lifecycle-viewmodel-2.6.1.aar (androidx.lifecycle:lifecycle-viewmodel:2.6.1) with AarTransform
Transforming lifecycle-viewmodel-2.6.1.aar (androidx.lifecycle:lifecycle-viewmodel:2.6.1) with AarTransform
Caching disabled for AarTransform: /home/runner/.gradle/caches/transforms-3/3b2893d462560264a9bcfbd2c8fd65d5/transformed/lifecycle-viewmodel-2.6.1 because:
  Build cache is disabled
Skipping AarTransform: /home/runner/.gradle/caches/transforms-3/3b2893d462560264a9bcfbd2c8fd65d5/transformed/lifecycle-viewmodel-2.6.1 as it is up-to-date.
Transforming lifecycle-viewmodel-savedstate-2.6.1.aar (androidx.lifecycle:lifecycle-viewmodel-savedstate:2.6.1) with ExtractAarTransform
Transforming core-ktx-1.12.0.aar (androidx.core:core-ktx:1.12.0) with ExtractAarTransform
Caching disabled for AarTransform: /home/runner/.gradle/caches/transforms-3/c2126ccf5d73d3bbef6dbaebc9382f7f/transformed/lifecycle-livedata-2.6.1 because:
  Build cache is disabled
Skipping AarTransform: /home/runner/.gradle/caches/transforms-3/c2126ccf5d73d3bbef6dbaebc9382f7f/transformed/lifecycle-livedata-2.6.1 as it is up-to-date.
Transforming savedstate-1.2.1.aar (androidx.savedstate:savedstate:1.2.1) with ExtractAarTransform
Caching disabled for ExtractAarTransform: /home/runner/.gradle/caches/modules-2/files-2.1/androidx.lifecycle/lifecycle-runtime/2.6.1/f0ef27053faa89b3ec06c4f118cea0a15edde35b/lifecycle-runtime-2.6.1.aar because:
  Build cache is disabled
Skipping ExtractAarTransform: /home/runner/.gradle/caches/modules-2/files-2.1/androidx.lifecycle/lifecycle-runtime/2.6.1/f0ef27053faa89b3ec06c4f118cea0a15edde35b/lifecycle-runtime-2.6.1.aar as it is up-to-date.
Transforming lifecycle-runtime-2.6.1.aar (androidx.lifecycle:lifecycle-runtime:2.6.1) with AarTransform
Caching disabled for AarTransform: /home/runner/.gradle/caches/transforms-3/63987d2499df7576d8a97c39f548fa4f/transformed/lifecycle-runtime-2.6.1 because:
  Build cache is disabled
Caching disabled for ExtractAarTransform: /home/runner/.gradle/caches/modules-2/files-2.1/androidx.core/core-ktx/1.12.0/1b80a40d6f34eb52c8de87c186feb57aa2a43ada/core-ktx-1.12.0.aar because:
  Build cache is disabled
Skipping AarTransform: /home/runner/.gradle/caches/transforms-3/63987d2499df7576d8a97c39f548fa4f/transformed/lifecycle-runtime-2.6.1 as it is up-to-date.
Skipping ExtractAarTransform: /home/runner/.gradle/caches/modules-2/files-2.1/androidx.core/core-ktx/1.12.0/1b80a40d6f34eb52c8de87c186feb57aa2a43ada/core-ktx-1.12.0.aar as it is up-to-date.
Transforming annotation-experimental-1.3.0.aar (androidx.annotation:annotation-experimental:1.3.0) with ExtractAarTransform
Transforming core-ktx-1.12.0.aar (androidx.core:core-ktx:1.12.0) with AarTransform
Caching disabled for ExtractAarTransform: /home/runner/.gradle/caches/modules-2/files-2.1/androidx.savedstate/savedstate/1.2.1/e364fc9dec32aa569d855f85864e50250318a093/savedstate-1.2.1.aar because:
  Build cache is disabled
Skipping ExtractAarTransform: /home/runner/.gradle/caches/modules-2/files-2.1/androidx.savedstate/savedstate/1.2.1/e364fc9dec32aa569d855f85864e50250318a093/savedstate-1.2.1.aar as it is up-to-date.
Caching disabled for ExtractAarTransform: /home/runner/.gradle/caches/modules-2/files-2.1/androidx.lifecycle/lifecycle-viewmodel-savedstate/2.6.1/7cac77a315e1c8235a1f0c7d041c3c5e565f0f4b/lifecycle-viewmodel-savedstate-2.6.1.aar because:
  Build cache is disabled
Transforming savedstate-1.2.1.aar (androidx.savedstate:savedstate:1.2.1) with AarTransform
Skipping ExtractAarTransform: /home/runner/.gradle/caches/modules-2/files-2.1/androidx.lifecycle/lifecycle-viewmodel-savedstate/2.6.1/7cac77a315e1c8235a1f0c7d041c3c5e565f0f4b/lifecycle-viewmodel-savedstate-2.6.1.aar as it is up-to-date.
Transforming lifecycle-viewmodel-savedstate-2.6.1.aar (androidx.lifecycle:lifecycle-viewmodel-savedstate:2.6.1) with AarTransform
Caching disabled for AarTransform: /home/runner/.gradle/caches/transforms-3/31953783a8302f878b5df3a2f79705b4/transformed/core-ktx-1.12.0 because:
  Build cache is disabled
Skipping AarTransform: /home/runner/.gradle/caches/transforms-3/31953783a8302f878b5df3a2f79705b4/transformed/core-ktx-1.12.0 as it is up-to-date.
Transforming cursoradapter-1.0.0.aar (androidx.cursoradapter:cursoradapter:1.0.0) with ExtractAarTransform
Caching disabled for AarTransform: /home/runner/.gradle/caches/transforms-3/17f34e4f5c1e51ea128e74741c39f593/transformed/savedstate-1.2.1 because:
  Build cache is disabled
Skipping AarTransform: /home/runner/.gradle/caches/transforms-3/17f34e4f5c1e51ea128e74741c39f593/transformed/savedstate-1.2.1 as it is up-to-date.
Caching disabled for AarTransform: /home/runner/.gradle/caches/transforms-3/6decedb3f811a8e5c6494637a3c5b021/transformed/lifecycle-viewmodel-savedstate-2.6.1 because:
  Build cache is disabled
Skipping AarTransform: /home/runner/.gradle/caches/transforms-3/6decedb3f811a8e5c6494637a3c5b021/transformed/lifecycle-viewmodel-savedstate-2.6.1 as it is up-to-date.
Transforming cardview-1.0.0.aar (androidx.cardview:cardview:1.0.0) with ExtractAarTransform
Caching disabled for ExtractAarTransform: /home/runner/.gradle/caches/modules-2/files-2.1/androidx.cursoradapter/cursoradapter/1.0.0/74014983a86b83cbce534dec4e7aa9312f5f5d82/cursoradapter-1.0.0.aar because:
  Build cache is disabled
Skipping ExtractAarTransform: /home/runner/.gradle/caches/modules-2/files-2.1/androidx.cursoradapter/cursoradapter/1.0.0/74014983a86b83cbce534dec4e7aa9312f5f5d82/cursoradapter-1.0.0.aar as it is up-to-date.
Transforming cursoradapter-1.0.0.aar (androidx.cursoradapter:cursoradapter:1.0.0) with AarTransform
Transforming interpolator-1.0.0.aar (androidx.interpolator:interpolator:1.0.0) with ExtractAarTransform
Caching disabled for ExtractAarTransform: /home/runner/.gradle/caches/modules-2/files-2.1/androidx.annotation/annotation-experimental/1.3.0/5087c6f545117dcd474e69e1a93cacec9d7334af/annotation-experimental-1.3.0.aar because:
  Build cache is disabled
Skipping ExtractAarTransform: /home/runner/.gradle/caches/modules-2/files-2.1/androidx.annotation/annotation-experimental/1.3.0/5087c6f545117dcd474e69e1a93cacec9d7334af/annotation-experimental-1.3.0.aar as it is up-to-date.
Transforming annotation-experimental-1.3.0.aar (androidx.annotation:annotation-experimental:1.3.0) with AarTransform
Caching disabled for AarTransform: /home/runner/.gradle/caches/transforms-3/85595b34daa86b99eb55492d60a7a8a9/transformed/cursoradapter-1.0.0 because:
  Build cache is disabled
Skipping AarTransform: /home/runner/.gradle/caches/transforms-3/85595b34daa86b99eb55492d60a7a8a9/transformed/cursoradapter-1.0.0 as it is up-to-date.
Transforming interpolator-1.0.0.aar (androidx.interpolator:interpolator:1.0.0) with ExtractAarTransform
Caching disabled for ExtractAarTransform: /home/runner/.gradle/caches/modules-2/files-2.1/androidx.interpolator/interpolator/1.0.0/8a01fa254a23b9388571eb6334b03707c7d122d7/interpolator-1.0.0.aar because:
  Build cache is disabled
Caching disabled for ExtractAarTransform: /home/runner/.gradle/caches/modules-2/files-2.1/androidx.cardview/cardview/1.0.0/158dbc2e2bc502815821191b04446b8f663c1874/cardview-1.0.0.aar because:
  Build cache is disabled
Skipping ExtractAarTransform: /home/runner/.gradle/caches/modules-2/files-2.1/androidx.interpolator/interpolator/1.0.0/8a01fa254a23b9388571eb6334b03707c7d122d7/interpolator-1.0.0.aar as it is up-to-date.
Skipping ExtractAarTransform: /home/runner/.gradle/caches/modules-2/files-2.1/androidx.cardview/cardview/1.0.0/158dbc2e2bc502815821191b04446b8f663c1874/cardview-1.0.0.aar as it is up-to-date.
Transforming cardview-1.0.0.aar (androidx.cardview:cardview:1.0.0) with AarTransform
Transforming interpolator-1.0.0.aar (androidx.interpolator:interpolator:1.0.0) with AarTransform
Transforming interpolator-1.0.0.aar (androidx.interpolator:interpolator:1.0.0) with AarTransform
Caching disabled for AarTransform: /home/runner/.gradle/caches/transforms-3/26e5df9d5c8be0de7f4f2a523325980b/transformed/annotation-experimental-1.3.0 because:
  Build cache is disabled
Caching disabled for AarTransform: /home/runner/.gradle/caches/transforms-3/6b40b1fdfe34d774252d18b3b2d1b697/transformed/cardview-1.0.0 because:
  Build cache is disabled
Skipping AarTransform: /home/runner/.gradle/caches/transforms-3/26e5df9d5c8be0de7f4f2a523325980b/transformed/annotation-experimental-1.3.0 as it is up-to-date.
Skipping AarTransform: /home/runner/.gradle/caches/transforms-3/6b40b1fdfe34d774252d18b3b2d1b697/transformed/cardview-1.0.0 as it is up-to-date.
Transforming versionedparcelable-1.1.1.aar (androidx.versionedparcelable:versionedparcelable:1.1.1) with ExtractAarTransform
Caching disabled for AarTransform: /home/runner/.gradle/caches/transforms-3/700a9d29eb5d6ed248ef23af07b515ba/transformed/interpolator-1.0.0 because:
  Build cache is disabled
Skipping AarTransform: /home/runner/.gradle/caches/transforms-3/700a9d29eb5d6ed248ef23af07b515ba/transformed/interpolator-1.0.0 as it is up-to-date.
Transforming core-runtime-2.2.0.aar (androidx.arch.core:core-runtime:2.2.0) with ExtractAarTransform
Transforming documentfile-1.0.0.aar (androidx.documentfile:documentfile:1.0.0) with ExtractAarTransform
Transforming localbroadcastmanager-1.0.0.aar (androidx.localbroadcastmanager:localbroadcastmanager:1.0.0) with ExtractAarTransform
Caching disabled for ExtractAarTransform: /home/runner/.gradle/caches/modules-2/files-2.1/androidx.versionedparcelable/versionedparcelable/1.1.1/18e18071e7715679e0593c570217edeb5ca48b9e/versionedparcelable-1.1.1.aar because:
  Build cache is disabled
Caching disabled for ExtractAarTransform: /home/runner/.gradle/caches/modules-2/files-2.1/androidx.documentfile/documentfile/1.0.0/66104345c90cd8c2fd5ad2d3aad692b280e10c32/documentfile-1.0.0.aar because:
  Build cache is disabled
Skipping ExtractAarTransform: /home/runner/.gradle/caches/modules-2/files-2.1/androidx.documentfile/documentfile/1.0.0/66104345c90cd8c2fd5ad2d3aad692b280e10c32/documentfile-1.0.0.aar as it is up-to-date.
Transforming documentfile-1.0.0.aar (androidx.documentfile:documentfile:1.0.0) with AarTransform
Caching disabled for ExtractAarTransform: /home/runner/.gradle/caches/modules-2/files-2.1/androidx.localbroadcastmanager/localbroadcastmanager/1.0.0/2734f31c8321e83ce6b60570d14777fc33cc2ece/localbroadcastmanager-1.0.0.aar because:
  Build cache is disabled
Skipping ExtractAarTransform: /home/runner/.gradle/caches/modules-2/files-2.1/androidx.localbroadcastmanager/localbroadcastmanager/1.0.0/2734f31c8321e83ce6b60570d14777fc33cc2ece/localbroadcastmanager-1.0.0.aar as it is up-to-date.
Skipping ExtractAarTransform: /home/runner/.gradle/caches/modules-2/files-2.1/androidx.versionedparcelable/versionedparcelable/1.1.1/18e18071e7715679e0593c570217edeb5ca48b9e/versionedparcelable-1.1.1.aar as it is up-to-date.
Transforming localbroadcastmanager-1.0.0.aar (androidx.localbroadcastmanager:localbroadcastmanager:1.0.0) with AarTransform
Transforming versionedparcelable-1.1.1.aar (androidx.versionedparcelable:versionedparcelable:1.1.1) with AarTransform
Caching disabled for ExtractAarTransform: /home/runner/.gradle/caches/modules-2/files-2.1/androidx.arch.core/core-runtime/2.2.0/39705982680d78556b679ef9d5400d4f17509b0b/core-runtime-2.2.0.aar because:
  Build cache is disabled
Skipping ExtractAarTransform: /home/runner/.gradle/caches/modules-2/files-2.1/androidx.arch.core/core-runtime/2.2.0/39705982680d78556b679ef9d5400d4f17509b0b/core-runtime-2.2.0.aar as it is up-to-date.
Transforming core-runtime-2.2.0.aar (androidx.arch.core:core-runtime:2.2.0) with AarTransform
Caching disabled for AarTransform: /home/runner/.gradle/caches/transforms-3/462d1718fdf6da42670951a0d4aa4de2/transformed/localbroadcastmanager-1.0.0 because:
  Build cache is disabled
Skipping AarTransform: /home/runner/.gradle/caches/transforms-3/462d1718fdf6da42670951a0d4aa4de2/transformed/localbroadcastmanager-1.0.0 as it is up-to-date.
Caching disabled for AarTransform: /home/runner/.gradle/caches/transforms-3/2adc9403fd118d8e252f9b170b4f2ca1/transformed/core-runtime-2.2.0 because:
  Build cache is disabled
Transforming print-1.0.0.aar (androidx.print:print:1.0.0) with ExtractAarTransform
Skipping AarTransform: /home/runner/.gradle/caches/transforms-3/2adc9403fd118d8e252f9b170b4f2ca1/transformed/core-runtime-2.2.0 as it is up-to-date.
Caching disabled for AarTransform: /home/runner/.gradle/caches/transforms-3/c95c70fe816f2902c8434f722301538d/transformed/versionedparcelable-1.1.1 because:
  Build cache is disabled
Transforming constraintlayout-2.1.4.aar (androidx.constraintlayout:constraintlayout:2.1.4) with ExtractAarTransform
Skipping AarTransform: /home/runner/.gradle/caches/transforms-3/c95c70fe816f2902c8434f722301538d/transformed/versionedparcelable-1.1.1 as it is up-to-date.
Caching disabled for AarTransform: /home/runner/.gradle/caches/transforms-3/eb080d7afa461c0f10965141ae092a48/transformed/documentfile-1.0.0 because:
  Build cache is disabled
Skipping AarTransform: /home/runner/.gradle/caches/transforms-3/eb080d7afa461c0f10965141ae092a48/transformed/documentfile-1.0.0 as it is up-to-date.
Caching disabled for ExtractAarTransform: /home/runner/.gradle/caches/modules-2/files-2.1/androidx.print/print/1.0.0/7722094652c48ebe27acc94d74a55e759e4635ff/print-1.0.0.aar because:
  Build cache is disabled
Skipping ExtractAarTransform: /home/runner/.gradle/caches/modules-2/files-2.1/androidx.print/print/1.0.0/7722094652c48ebe27acc94d74a55e759e4635ff/print-1.0.0.aar as it is up-to-date.
Transforming print-1.0.0.aar (androidx.print:print:1.0.0) with AarTransform
Caching disabled for AarTransform: /home/runner/.gradle/caches/transforms-3/17a5fb8b4ee6eb33cfdbc0fc8d60c010/transformed/print-1.0.0 because:
  Build cache is disabled
Skipping AarTransform: /home/runner/.gradle/caches/transforms-3/17a5fb8b4ee6eb33cfdbc0fc8d60c010/transformed/print-1.0.0 as it is up-to-date.
Caching disabled for ExtractAarTransform: /home/runner/.gradle/caches/modules-2/files-2.1/androidx.constraintlayout/constraintlayout/2.1.4/b7ad5eca28aa9e7c4ea1a7e256c7ee4401a031f/constraintlayout-2.1.4.aar because:
  Build cache is disabled
Skipping ExtractAarTransform: /home/runner/.gradle/caches/modules-2/files-2.1/androidx.constraintlayout/constraintlayout/2.1.4/b7ad5eca28aa9e7c4ea1a7e256c7ee4401a031f/constraintlayout-2.1.4.aar as it is up-to-date.
Transforming constraintlayout-2.1.4.aar (androidx.constraintlayout:constraintlayout:2.1.4) with AarTransform
Caching disabled for AarTransform: /home/runner/.gradle/caches/transforms-3/0e550df2fa61053f1941b07cd6f157b4/transformed/constraintlayout-2.1.4 because:
  Build cache is disabled
Skipping AarTransform: /home/runner/.gradle/caches/transforms-3/0e550df2fa61053f1941b07cd6f157b4/transformed/constraintlayout-2.1.4 as it is up-to-date.
Transforming viewbinding-8.2.0.aar (androidx.databinding:viewbinding:8.2.0) with ExtractAarTransform
Transforming viewbinding-8.2.0.aar (androidx.databinding:viewbinding:8.2.0) with AarTransform
Transforming material-1.11.0.aar (com.google.android.material:material:1.11.0) with ExtractAarTransform
Transforming material-1.11.0.aar (com.google.android.material:material:1.11.0) with AarTransform
Transforming constraintlayout-2.1.4.aar (androidx.constraintlayout:constraintlayout:2.1.4) with ExtractAarTransform
Transforming constraintlayout-2.1.4.aar (androidx.constraintlayout:constraintlayout:2.1.4) with AarTransform
Transforming appcompat-resources-1.6.1.aar (androidx.appcompat:appcompat-resources:1.6.1) with ExtractAarTransform
Transforming appcompat-resources-1.6.1.aar (androidx.appcompat:appcompat-resources:1.6.1) with AarTransform
Transforming appcompat-1.6.1.aar (androidx.appcompat:appcompat:1.6.1) with ExtractAarTransform
Transforming appcompat-1.6.1.aar (androidx.appcompat:appcompat:1.6.1) with AarTransform
Transforming viewpager2-1.1.0-beta02.aar (androidx.viewpager2:viewpager2:1.1.0-beta02) with ExtractAarTransform
Transforming viewpager2-1.1.0-beta02.aar (androidx.viewpager2:viewpager2:1.1.0-beta02) with AarTransform
Transforming recyclerview-1.3.2.aar (androidx.recyclerview:recyclerview:1.3.2) with ExtractAarTransform
Transforming recyclerview-1.3.2.aar (androidx.recyclerview:recyclerview:1.3.2) with AarTransform
Transforming swiperefreshlayout-1.1.0.aar (androidx.swiperefreshlayout:swiperefreshlayout:1.1.0) with ExtractAarTransform
Transforming swiperefreshlayout-1.1.0.aar (androidx.swiperefreshlayout:swiperefreshlayout:1.1.0) with AarTransform
Transforming fragment-1.3.6.aar (androidx.fragment:fragment:1.3.6) with ExtractAarTransform
Transforming fragment-1.3.6.aar (androidx.fragment:fragment:1.3.6) with AarTransform
Transforming emoji2-views-helper-1.2.0.aar (androidx.emoji2:emoji2-views-helper:1.2.0) with ExtractAarTransform
Transforming activity-1.8.0.aar (androidx.activity:activity:1.8.0) with ExtractAarTransform
Transforming emoji2-1.2.0.aar (androidx.emoji2:emoji2:1.2.0) with ExtractAarTransform
Transforming activity-1.8.0.aar (androidx.activity:activity:1.8.0) with AarTransform
Transforming drawerlayout-1.1.1.aar (androidx.drawerlayout:drawerlayout:1.1.1) with ExtractAarTransform
Transforming drawerlayout-1.1.1.aar (androidx.drawerlayout:drawerlayout:1.1.1) with AarTransform
Transforming coordinatorlayout-1.1.0.aar (androidx.coordinatorlayout:coordinatorlayout:1.1.0) with ExtractAarTransform
Transforming coordinatorlayout-1.1.0.aar (androidx.coordinatorlayout:coordinatorlayout:1.1.0) with AarTransform
Transforming dynamicanimation-1.0.0.aar (androidx.dynamicanimation:dynamicanimation:1.0.0) with ExtractAarTransform
Transforming dynamicanimation-1.0.0.aar (androidx.dynamicanimation:dynamicanimation:1.0.0) with AarTransform
Transforming transition-1.2.0.aar (androidx.transition:transition:1.2.0) with ExtractAarTransform
Transforming transition-1.2.0.aar (androidx.transition:transition:1.2.0) with AarTransform
Transforming vectordrawable-animated-1.1.0.aar (androidx.vectordrawable:vectordrawable-animated:1.1.0) with ExtractAarTransform
Transforming vectordrawable-animated-1.1.0.aar (androidx.vectordrawable:vectordrawable-animated:1.1.0) with AarTransform
Transforming vectordrawable-1.1.0.aar (androidx.vectordrawable:vectordrawable:1.1.0) with ExtractAarTransform
Transforming vectordrawable-1.1.0.aar (androidx.vectordrawable:vectordrawable:1.1.0) with AarTransform
Transforming viewpager-1.0.0.aar (androidx.viewpager:viewpager:1.0.0) with ExtractAarTransform
Transforming viewpager-1.0.0.aar (androidx.viewpager:viewpager:1.0.0) with AarTransform
Transforming loader-1.0.0.aar (androidx.loader:loader:1.0.0) with ExtractAarTransform
Transforming loader-1.0.0.aar (androidx.loader:loader:1.0.0) with AarTransform
Transforming customview-1.1.0.aar (androidx.customview:customview:1.1.0) with ExtractAarTransform
Caching disabled for ExtractAarTransform: /home/runner/.gradle/caches/modules-2/files-2.1/androidx.emoji2/emoji2/1.2.0/2c95c9aa87788e4d9ce692ecfc961db004e57480/emoji2-1.2.0.aar because:
  Build cache is disabled
Skipping ExtractAarTransform: /home/runner/.gradle/caches/modules-2/files-2.1/androidx.emoji2/emoji2/1.2.0/2c95c9aa87788e4d9ce692ecfc961db004e57480/emoji2-1.2.0.aar as it is up-to-date.
Transforming customview-1.1.0.aar (androidx.customview:customview:1.1.0) with AarTransform
Transforming emoji2-1.2.0.aar (androidx.emoji2:emoji2:1.2.0) with AarTransform
Transforming core-1.12.0.aar (androidx.core:core:1.12.0) with ExtractAarTransform
Transforming core-1.12.0.aar (androidx.core:core:1.12.0) with AarTransform
Caching disabled for AarTransform: /home/runner/.gradle/caches/transforms-3/e90553fe079c912af51466fd36ee000d/transformed/emoji2-1.2.0 because:
  Build cache is disabled
Caching disabled for ExtractAarTransform: /home/runner/.gradle/caches/modules-2/files-2.1/androidx.emoji2/emoji2-views-helper/1.2.0/4a22802fc9e88ad232522f04a35d1fdc3e5b4df0/emoji2-views-helper-1.2.0.aar because:
  Build cache is disabled
Skipping AarTransform: /home/runner/.gradle/caches/transforms-3/e90553fe079c912af51466fd36ee000d/transformed/emoji2-1.2.0 as it is up-to-date.
Skipping ExtractAarTransform: /home/runner/.gradle/caches/modules-2/files-2.1/androidx.emoji2/emoji2-views-helper/1.2.0/4a22802fc9e88ad232522f04a35d1fdc3e5b4df0/emoji2-views-helper-1.2.0.aar as it is up-to-date.
Transforming emoji2-views-helper-1.2.0.aar (androidx.emoji2:emoji2-views-helper:1.2.0) with AarTransform
Transforming savedstate-1.2.1.aar (androidx.savedstate:savedstate:1.2.1) with ExtractAarTransform
Transforming savedstate-1.2.1.aar (androidx.savedstate:savedstate:1.2.1) with AarTransform
Transforming lifecycle-livedata-core-2.6.1.aar (androidx.lifecycle:lifecycle-livedata-core:2.6.1) with ExtractAarTransform
Transforming customview-poolingcontainer-1.0.0.aar (androidx.customview:customview-poolingcontainer:1.0.0) with ExtractAarTransform
Transforming lifecycle-livedata-core-2.6.1.aar (androidx.lifecycle:lifecycle-livedata-core:2.6.1) with AarTransform
Transforming lifecycle-viewmodel-2.6.1.aar (androidx.lifecycle:lifecycle-viewmodel:2.6.1) with ExtractAarTransform
Transforming lifecycle-viewmodel-2.6.1.aar (androidx.lifecycle:lifecycle-viewmodel:2.6.1) with AarTransform
Transforming lifecycle-runtime-2.6.1.aar (androidx.lifecycle:lifecycle-runtime:2.6.1) with ExtractAarTransform
Transforming lifecycle-runtime-2.6.1.aar (androidx.lifecycle:lifecycle-runtime:2.6.1) with AarTransform
Transforming lifecycle-viewmodel-savedstate-2.6.1.aar (androidx.lifecycle:lifecycle-viewmodel-savedstate:2.6.1) with ExtractAarTransform
Transforming lifecycle-viewmodel-savedstate-2.6.1.aar (androidx.lifecycle:lifecycle-viewmodel-savedstate:2.6.1) with AarTransform
Transforming core-ktx-1.12.0.aar (androidx.core:core-ktx:1.12.0) with ExtractAarTransform
Transforming core-ktx-1.12.0.aar (androidx.core:core-ktx:1.12.0) with AarTransform
Transforming annotation-experimental-1.3.0.aar (androidx.annotation:annotation-experimental:1.3.0) with ExtractAarTransform
Transforming annotation-experimental-1.3.0.aar (androidx.annotation:annotation-experimental:1.3.0) with AarTransform
Transforming cursoradapter-1.0.0.aar (androidx.cursoradapter:cursoradapter:1.0.0) with ExtractAarTransform
Transforming cursoradapter-1.0.0.aar (androidx.cursoradapter:cursoradapter:1.0.0) with AarTransform
Transforming cardview-1.0.0.aar (androidx.cardview:cardview:1.0.0) with ExtractAarTransform
Transforming cardview-1.0.0.aar (androidx.cardview:cardview:1.0.0) with AarTransform
Transforming lifecycle-process-2.6.1.aar (androidx.lifecycle:lifecycle-process:2.6.1) with ExtractAarTransform
Transforming interpolator-1.0.0.aar (androidx.interpolator:interpolator:1.0.0) with ExtractAarTransform
Transforming interpolator-1.0.0.aar (androidx.interpolator:interpolator:1.0.0) with AarTransform
Transforming versionedparcelable-1.1.1.aar (androidx.versionedparcelable:versionedparcelable:1.1.1) with ExtractAarTransform
Caching disabled for AarTransform: /home/runner/.gradle/caches/transforms-3/24fea28165bee96d432f2f0f4cae841e/transformed/emoji2-views-helper-1.2.0 because:
  Build cache is disabled
Transforming versionedparcelable-1.1.1.aar (androidx.versionedparcelable:versionedparcelable:1.1.1) with AarTransform
Transforming core-runtime-2.2.0.aar (androidx.arch.core:core-runtime:2.2.0) with ExtractAarTransform
Transforming core-runtime-2.2.0.aar (androidx.arch.core:core-runtime:2.2.0) with AarTransform
Transforming profileinstaller-1.3.0.aar (androidx.profileinstaller:profileinstaller:1.3.0) with ExtractAarTransform
Caching disabled for ExtractAarTransform: /home/runner/.gradle/caches/modules-2/files-2.1/androidx.customview/customview-poolingcontainer/1.0.0/579fc832cf0e5be08d8d9571850b50d22d9de3c/customview-poolingcontainer-1.0.0.aar because:
  Build cache is disabled
Skipping ExtractAarTransform: /home/runner/.gradle/caches/modules-2/files-2.1/androidx.customview/customview-poolingcontainer/1.0.0/579fc832cf0e5be08d8d9571850b50d22d9de3c/customview-poolingcontainer-1.0.0.aar as it is up-to-date.
Transforming customview-poolingcontainer-1.0.0.aar (androidx.customview:customview-poolingcontainer:1.0.0) with AarTransform
Skipping AarTransform: /home/runner/.gradle/caches/transforms-3/24fea28165bee96d432f2f0f4cae841e/transformed/emoji2-views-helper-1.2.0 as it is up-to-date.
Transforming startup-runtime-1.1.1.aar (androidx.startup:startup-runtime:1.1.1) with ExtractAarTransform
Caching disabled for AarTransform: /home/runner/.gradle/caches/transforms-3/4298967f6acc46ffbd8f29396e3d06c4/transformed/customview-poolingcontainer-1.0.0 because:
  Build cache is disabled
Skipping AarTransform: /home/runner/.gradle/caches/transforms-3/4298967f6acc46ffbd8f29396e3d06c4/transformed/customview-poolingcontainer-1.0.0 as it is up-to-date.
Transforming tracing-1.0.0.aar (androidx.tracing:tracing:1.0.0) with ExtractAarTransform
Caching disabled for ExtractAarTransform: /home/runner/.gradle/caches/modules-2/files-2.1/androidx.profileinstaller/profileinstaller/1.3.0/624641814089cd7bebf427aafa68ac089fb38261/profileinstaller-1.3.0.aar because:
  Build cache is disabled
Skipping ExtractAarTransform: /home/runner/.gradle/caches/modules-2/files-2.1/androidx.profileinstaller/profileinstaller/1.3.0/624641814089cd7bebf427aafa68ac089fb38261/profileinstaller-1.3.0.aar as it is up-to-date.
Transforming profileinstaller-1.3.0.aar (androidx.profileinstaller:profileinstaller:1.3.0) with AarTransform
Caching disabled for ExtractAarTransform: /home/runner/.gradle/caches/modules-2/files-2.1/androidx.lifecycle/lifecycle-process/2.6.1/1cda99630dfe13ea65f63d05821187bfe87a5967/lifecycle-process-2.6.1.aar because:
  Build cache is disabled
Skipping ExtractAarTransform: /home/runner/.gradle/caches/modules-2/files-2.1/androidx.lifecycle/lifecycle-process/2.6.1/1cda99630dfe13ea65f63d05821187bfe87a5967/lifecycle-process-2.6.1.aar as it is up-to-date.
Transforming lifecycle-process-2.6.1.aar (androidx.lifecycle:lifecycle-process:2.6.1) with AarTransform
Caching disabled for ExtractAarTransform: /home/runner/.gradle/caches/modules-2/files-2.1/androidx.startup/startup-runtime/1.1.1/9d4ba67056aff98b69eadc1477c19a1e67cb9470/startup-runtime-1.1.1.aar because:
  Build cache is disabled
Caching disabled for AarTransform: /home/runner/.gradle/caches/transforms-3/06b948aa8b95f6cd30e193c46b0a22d9/transformed/profileinstaller-1.3.0 because:
  Build cache is disabled
Skipping ExtractAarTransform: /home/runner/.gradle/caches/modules-2/files-2.1/androidx.startup/startup-runtime/1.1.1/9d4ba67056aff98b69eadc1477c19a1e67cb9470/startup-runtime-1.1.1.aar as it is up-to-date.
Skipping AarTransform: /home/runner/.gradle/caches/transforms-3/06b948aa8b95f6cd30e193c46b0a22d9/transformed/profileinstaller-1.3.0 as it is up-to-date.
Caching disabled for AarTransform: /home/runner/.gradle/caches/transforms-3/bbaf25cabfb9792c37b922dfbcb97824/transformed/lifecycle-process-2.6.1 because:
  Build cache is disabled
Transforming startup-runtime-1.1.1.aar (androidx.startup:startup-runtime:1.1.1) with AarTransform
Caching disabled for ExtractAarTransform: /home/runner/.gradle/caches/modules-2/files-2.1/androidx.tracing/tracing/1.0.0/69cef34711dffbc517e7a0a419ec4a98f84f496a/tracing-1.0.0.aar because:
  Build cache is disabled
Skipping ExtractAarTransform: /home/runner/.gradle/caches/modules-2/files-2.1/androidx.tracing/tracing/1.0.0/69cef34711dffbc517e7a0a419ec4a98f84f496a/tracing-1.0.0.aar as it is up-to-date.
Transforming tracing-1.0.0.aar (androidx.tracing:tracing:1.0.0) with AarTransform
Skipping AarTransform: /home/runner/.gradle/caches/transforms-3/bbaf25cabfb9792c37b922dfbcb97824/transformed/lifecycle-process-2.6.1 as it is up-to-date.
Caching disabled for AarTransform: /home/runner/.gradle/caches/transforms-3/b73351ea044fbe66f9eb1c53a9e0a50a/transformed/tracing-1.0.0 because:
  Build cache is disabled
Skipping AarTransform: /home/runner/.gradle/caches/transforms-3/b73351ea044fbe66f9eb1c53a9e0a50a/transformed/tracing-1.0.0 as it is up-to-date.
Caching disabled for AarTransform: /home/runner/.gradle/caches/transforms-3/4f0091b14e067910e5c7c0d2e3187eeb/transformed/startup-runtime-1.1.1 because:
  Build cache is disabled
Skipping AarTransform: /home/runner/.gradle/caches/transforms-3/4f0091b14e067910e5c7c0d2e3187eeb/transformed/startup-runtime-1.1.1 as it is up-to-date.
Caching disabled for task ':app:dataBindingMergeDependencyArtifactsDebug' because:
  Build cache is disabled
Skipping task ':app:dataBindingMergeDependencyArtifactsDebug' as it is up-to-date.
Resolve mutations for :app:generateDebugResValues (Thread[Execution worker,5,main]) started.
:app:generateDebugResValues (Thread[Execution worker,5,main]) started.

> Task :app:generateDebugResValues UP-TO-DATE
Watching 4 directories to track changes
Caching disabled for task ':app:generateDebugResValues' because:
  Build cache is disabled
Skipping task ':app:generateDebugResValues' as it is up-to-date.
Resolve mutations for :app:generateDebugResources (Thread[Execution worker,5,main]) started.
:app:generateDebugResources (Thread[Execution worker,5,main]) started.

> Task :app:generateDebugResources UP-TO-DATE
Skipping task ':app:generateDebugResources' as it has no actions.
Resolve mutations for :app:mergeDebugResources (Thread[Execution worker Thread 3,5,main]) started.
:app:mergeDebugResources (Thread[Execution worker Thread 3,5,main]) started.

> Task :app:mergeDebugResources UP-TO-DATE
Watching 7 directories to track changes
Watching 8 directories to track changes
Watching 9 directories to track changes
Watching 133 directories to track changes
Watching 134 directories to track changes
Transforming viewbinding-8.2.0.aar (androidx.databinding:viewbinding:8.2.0) with ExtractAarTransform
Transforming viewbinding-8.2.0.aar (androidx.databinding:viewbinding:8.2.0) with AarTransform
Transforming material-1.11.0.aar (com.google.android.material:material:1.11.0) with ExtractAarTransform
Transforming material-1.11.0.aar (com.google.android.material:material:1.11.0) with AarTransform
Transforming constraintlayout-2.1.4.aar (androidx.constraintlayout:constraintlayout:2.1.4) with ExtractAarTransform
Transforming constraintlayout-2.1.4.aar (androidx.constraintlayout:constraintlayout:2.1.4) with AarTransform
Transforming appcompat-resources-1.6.1.aar (androidx.appcompat:appcompat-resources:1.6.1) with ExtractAarTransform
Transforming appcompat-resources-1.6.1.aar (androidx.appcompat:appcompat-resources:1.6.1) with AarTransform
Transforming appcompat-1.6.1.aar (androidx.appcompat:appcompat:1.6.1) with ExtractAarTransform
Transforming appcompat-1.6.1.aar (androidx.appcompat:appcompat:1.6.1) with AarTransform
Transforming viewpager2-1.1.0-beta02.aar (androidx.viewpager2:viewpager2:1.1.0-beta02) with ExtractAarTransform
Transforming viewpager2-1.1.0-beta02.aar (androidx.viewpager2:viewpager2:1.1.0-beta02) with AarTransform
Transforming recyclerview-1.3.2.aar (androidx.recyclerview:recyclerview:1.3.2) with ExtractAarTransform
Transforming recyclerview-1.3.2.aar (androidx.recyclerview:recyclerview:1.3.2) with AarTransform
Transforming swiperefreshlayout-1.1.0.aar (androidx.swiperefreshlayout:swiperefreshlayout:1.1.0) with ExtractAarTransform
Transforming swiperefreshlayout-1.1.0.aar (androidx.swiperefreshlayout:swiperefreshlayout:1.1.0) with AarTransform
Transforming emoji2-views-helper-1.2.0.aar (androidx.emoji2:emoji2-views-helper:1.2.0) with ExtractAarTransform
Transforming emoji2-views-helper-1.2.0.aar (androidx.emoji2:emoji2-views-helper:1.2.0) with AarTransform
Transforming emoji2-1.2.0.aar (androidx.emoji2:emoji2:1.2.0) with ExtractAarTransform
Transforming emoji2-1.2.0.aar (androidx.emoji2:emoji2:1.2.0) with AarTransform
Transforming fragment-1.3.6.aar (androidx.fragment:fragment:1.3.6) with ExtractAarTransform
Transforming fragment-1.3.6.aar (androidx.fragment:fragment:1.3.6) with AarTransform
Caching disabled for AarTransform: /home/runner/.gradle/caches/transforms-3/4951730462e4aa2a807e0cc6795bcbdc/transformed/viewbinding-8.2.0 because:
  Build cache is disabled
Skipping AarTransform: /home/runner/.gradle/caches/transforms-3/4951730462e4aa2a807e0cc6795bcbdc/transformed/viewbinding-8.2.0 as it is up-to-date.
Caching disabled for AarTransform: /home/runner/.gradle/caches/transforms-3/fcbc5d16c187e197fa242b722ddc8c8e/transformed/material-1.11.0 because:
  Build cache is disabled
Skipping AarTransform: /home/runner/.gradle/caches/transforms-3/fcbc5d16c187e197fa242b722ddc8c8e/transformed/material-1.11.0 as it is up-to-date.
Transforming activity-1.8.0.aar (androidx.activity:activity:1.8.0) with ExtractAarTransform
Transforming activity-1.8.0.aar (androidx.activity:activity:1.8.0) with AarTransform
Transforming drawerlayout-1.1.1.aar (androidx.drawerlayout:drawerlayout:1.1.1) with ExtractAarTransform
Transforming drawerlayout-1.1.1.aar (androidx.drawerlayout:drawerlayout:1.1.1) with AarTransform
Transforming coordinatorlayout-1.1.0.aar (androidx.coordinatorlayout:coordinatorlayout:1.1.0) with ExtractAarTransform
Transforming coordinatorlayout-1.1.0.aar (androidx.coordinatorlayout:coordinatorlayout:1.1.0) with AarTransform
Transforming dynamicanimation-1.0.0.aar (androidx.dynamicanimation:dynamicanimation:1.0.0) with ExtractAarTransform
Transforming dynamicanimation-1.0.0.aar (androidx.dynamicanimation:dynamicanimation:1.0.0) with AarTransform
Transforming transition-1.2.0.aar (androidx.transition:transition:1.2.0) with ExtractAarTransform
Transforming transition-1.2.0.aar (androidx.transition:transition:1.2.0) with AarTransform
Transforming vectordrawable-animated-1.1.0.aar (androidx.vectordrawable:vectordrawable-animated:1.1.0) with ExtractAarTransform
Transforming vectordrawable-animated-1.1.0.aar (androidx.vectordrawable:vectordrawable-animated:1.1.0) with AarTransform
Transforming vectordrawable-1.1.0.aar (androidx.vectordrawable:vectordrawable:1.1.0) with ExtractAarTransform
Transforming vectordrawable-1.1.0.aar (androidx.vectordrawable:vectordrawable:1.1.0) with AarTransform
Transforming vectordrawable-1.1.0.aar (androidx.vectordrawable:vectordrawable:1.1.0) with ExtractAarTransform
Transforming vectordrawable-1.1.0.aar (androidx.vectordrawable:vectordrawable:1.1.0) with AarTransform
Caching disabled for AarTransform: /home/runner/.gradle/caches/transforms-3/0e550df2fa61053f1941b07cd6f157b4/transformed/constraintlayout-2.1.4 because:
  Build cache is disabled
Transforming viewpager-1.0.0.aar (androidx.viewpager:viewpager:1.0.0) with ExtractAarTransform
Skipping AarTransform: /home/runner/.gradle/caches/transforms-3/0e550df2fa61053f1941b07cd6f157b4/transformed/constraintlayout-2.1.4 as it is up-to-date.
Transforming viewpager-1.0.0.aar (androidx.viewpager:viewpager:1.0.0) with AarTransform
Transforming legacy-support-core-utils-1.0.0.aar (androidx.legacy:legacy-support-core-utils:1.0.0) with ExtractAarTransform
Caching disabled for AarTransform: /home/runner/.gradle/caches/transforms-3/79ee736083e8993774bf9266626bb52f/transformed/appcompat-resources-1.6.1 because:
  Build cache is disabled
Caching disabled for AarTransform: /home/runner/.gradle/caches/transforms-3/8891375a1bc91bb710ffef89177105ad/transformed/appcompat-1.6.1 because:
  Build cache is disabled
Skipping AarTransform: /home/runner/.gradle/caches/transforms-3/79ee736083e8993774bf9266626bb52f/transformed/appcompat-resources-1.6.1 as it is up-to-date.
Skipping AarTransform: /home/runner/.gradle/caches/transforms-3/8891375a1bc91bb710ffef89177105ad/transformed/appcompat-1.6.1 as it is up-to-date.
Caching disabled for AarTransform: /home/runner/.gradle/caches/transforms-3/ef3c88ef6515e9e7721cc239e96a1477/transformed/viewpager2-1.1.0-beta02 because:
  Build cache is disabled
Skipping AarTransform: /home/runner/.gradle/caches/transforms-3/ef3c88ef6515e9e7721cc239e96a1477/transformed/viewpager2-1.1.0-beta02 as it is up-to-date.
Caching disabled for AarTransform: /home/runner/.gradle/caches/transforms-3/495758042ca0f5607c8580195051b518/transformed/recyclerview-1.3.2 because:
  Build cache is disabled
Skipping AarTransform: /home/runner/.gradle/caches/transforms-3/495758042ca0f5607c8580195051b518/transformed/recyclerview-1.3.2 as it is up-to-date.
Caching disabled for AarTransform: /home/runner/.gradle/caches/transforms-3/24fea28165bee96d432f2f0f4cae841e/transformed/emoji2-views-helper-1.2.0 because:
  Build cache is disabled
Skipping AarTransform: /home/runner/.gradle/caches/transforms-3/24fea28165bee96d432f2f0f4cae841e/transformed/emoji2-views-helper-1.2.0 as it is up-to-date.
Transforming legacy-support-core-utils-1.0.0.aar (androidx.legacy:legacy-support-core-utils:1.0.0) with AarTransform
Transforming loader-1.0.0.aar (androidx.loader:loader:1.0.0) with ExtractAarTransform
Transforming loader-1.0.0.aar (androidx.loader:loader:1.0.0) with AarTransform
Transforming loader-1.0.0.aar (androidx.loader:loader:1.0.0) with ExtractAarTransform
Transforming loader-1.0.0.aar (androidx.loader:loader:1.0.0) with AarTransform
Transforming customview-1.1.0.aar (androidx.customview:customview:1.1.0) with ExtractAarTransform
Transforming customview-1.1.0.aar (androidx.customview:customview:1.1.0) with AarTransform
Transforming customview-1.1.0.aar (androidx.customview:customview:1.1.0) with ExtractAarTransform
Transforming customview-1.1.0.aar (androidx.customview:customview:1.1.0) with AarTransform
Transforming customview-1.1.0.aar (androidx.customview:customview:1.1.0) with ExtractAarTransform
Transforming customview-1.1.0.aar (androidx.customview:customview:1.1.0) with AarTransform
Transforming customview-1.1.0.aar (androidx.customview:customview:1.1.0) with ExtractAarTransform
Transforming customview-1.1.0.aar (androidx.customview:customview:1.1.0) with AarTransform
Transforming core-1.12.0.aar (androidx.core:core:1.12.0) with ExtractAarTransform
Transforming core-1.12.0.aar (androidx.core:core:1.12.0) with AarTransform
Transforming core-1.12.0.aar (androidx.core:core:1.12.0) with ExtractAarTransform
Transforming core-1.12.0.aar (androidx.core:core:1.12.0) with AarTransform
Transforming core-1.12.0.aar (androidx.core:core:1.12.0) with ExtractAarTransform
Transforming core-1.12.0.aar (androidx.core:core:1.12.0) with AarTransform
Transforming core-1.12.0.aar (androidx.core:core:1.12.0) with ExtractAarTransform
Transforming core-1.12.0.aar (androidx.core:core:1.12.0) with AarTransform
Caching disabled for AarTransform: /home/runner/.gradle/caches/transforms-3/e90553fe079c912af51466fd36ee000d/transformed/emoji2-1.2.0 because:
  Build cache is disabled
Skipping AarTransform: /home/runner/.gradle/caches/transforms-3/e90553fe079c912af51466fd36ee000d/transformed/emoji2-1.2.0 as it is up-to-date.
Transforming core-1.12.0.aar (androidx.core:core:1.12.0) with ExtractAarTransform
Transforming core-1.12.0.aar (androidx.core:core:1.12.0) with AarTransform
Caching disabled for AarTransform: /home/runner/.gradle/caches/transforms-3/fb9e1b54ba0efe65bdd35d97e1779167/transformed/swiperefreshlayout-1.1.0 because:
  Build cache is disabled
Transforming core-1.12.0.aar (androidx.core:core:1.12.0) with ExtractAarTransform
Skipping AarTransform: /home/runner/.gradle/caches/transforms-3/fb9e1b54ba0efe65bdd35d97e1779167/transformed/swiperefreshlayout-1.1.0 as it is up-to-date.
Transforming core-1.12.0.aar (androidx.core:core:1.12.0) with AarTransform
Caching disabled for AarTransform: /home/runner/.gradle/caches/transforms-3/98aa3d885528e6c6aa8a5d42934f35b0/transformed/fragment-1.3.6 because:
  Build cache is disabled
Skipping AarTransform: /home/runner/.gradle/caches/transforms-3/98aa3d885528e6c6aa8a5d42934f35b0/transformed/fragment-1.3.6 as it is up-to-date.
Caching disabled for AarTransform: /home/runner/.gradle/caches/transforms-3/0666601880932e5ea304de5d3e90f0e6/transformed/drawerlayout-1.1.1 because:
  Build cache is disabled
Skipping AarTransform: /home/runner/.gradle/caches/transforms-3/0666601880932e5ea304de5d3e90f0e6/transformed/drawerlayout-1.1.1 as it is up-to-date.
Transforming core-1.12.0.aar (androidx.core:core:1.12.0) with ExtractAarTransform
Transforming core-1.12.0.aar (androidx.core:core:1.12.0) with AarTransform
Transforming core-1.12.0.aar (androidx.core:core:1.12.0) with ExtractAarTransform
Transforming core-1.12.0.aar (androidx.core:core:1.12.0) with AarTransform
Transforming core-1.12.0.aar (androidx.core:core:1.12.0) with ExtractAarTransform
Transforming core-1.12.0.aar (androidx.core:core:1.12.0) with AarTransform
Transforming core-1.12.0.aar (androidx.core:core:1.12.0) with ExtractAarTransform
Transforming core-1.12.0.aar (androidx.core:core:1.12.0) with AarTransform
Transforming core-1.12.0.aar (androidx.core:core:1.12.0) with ExtractAarTransform
Transforming core-1.12.0.aar (androidx.core:core:1.12.0) with AarTransform
Caching disabled for AarTransform: /home/runner/.gradle/caches/transforms-3/05776c6eb0b3562d3211ec5fa23e80fc/transformed/dynamicanimation-1.0.0 because:
  Build cache is disabled
Transforming customview-poolingcontainer-1.0.0.aar (androidx.customview:customview-poolingcontainer:1.0.0) with ExtractAarTransform
Skipping AarTransform: /home/runner/.gradle/caches/transforms-3/05776c6eb0b3562d3211ec5fa23e80fc/transformed/dynamicanimation-1.0.0 as it is up-to-date.
Transforming customview-poolingcontainer-1.0.0.aar (androidx.customview:customview-poolingcontainer:1.0.0) with AarTransform
Transforming savedstate-1.2.1.aar (androidx.savedstate:savedstate:1.2.1) with ExtractAarTransform
Transforming savedstate-1.2.1.aar (androidx.savedstate:savedstate:1.2.1) with AarTransform
Transforming lifecycle-process-2.6.1.aar (androidx.lifecycle:lifecycle-process:2.6.1) with ExtractAarTransform
Transforming lifecycle-process-2.6.1.aar (androidx.lifecycle:lifecycle-process:2.6.1) with AarTransform
Transforming lifecycle-livedata-core-2.6.1.aar (androidx.lifecycle:lifecycle-livedata-core:2.6.1) with ExtractAarTransform
Transforming lifecycle-livedata-core-2.6.1.aar (androidx.lifecycle:lifecycle-livedata-core:2.6.1) with AarTransform
Transforming lifecycle-livedata-2.6.1.aar (androidx.lifecycle:lifecycle-livedata:2.6.1) with ExtractAarTransform
Transforming lifecycle-livedata-2.6.1.aar (androidx.lifecycle:lifecycle-livedata:2.6.1) with AarTransform
Caching disabled for AarTransform: /home/runner/.gradle/caches/transforms-3/2b0c27ad856b62a1c7d8311931eca41e/transformed/activity-1.8.0 because:
  Build cache is disabled
Skipping AarTransform: /home/runner/.gradle/caches/transforms-3/2b0c27ad856b62a1c7d8311931eca41e/transformed/activity-1.8.0 as it is up-to-date.
Transforming lifecycle-viewmodel-2.6.1.aar (androidx.lifecycle:lifecycle-viewmodel:2.6.1) with ExtractAarTransform
Transforming lifecycle-viewmodel-2.6.1.aar (androidx.lifecycle:lifecycle-viewmodel:2.6.1) with AarTransform
Transforming lifecycle-viewmodel-2.6.1.aar (androidx.lifecycle:lifecycle-viewmodel:2.6.1) with ExtractAarTransform
Transforming lifecycle-viewmodel-2.6.1.aar (androidx.lifecycle:lifecycle-viewmodel:2.6.1) with AarTransform
Transforming lifecycle-runtime-2.6.1.aar (androidx.lifecycle:lifecycle-runtime:2.6.1) with ExtractAarTransform
Transforming lifecycle-runtime-2.6.1.aar (androidx.lifecycle:lifecycle-runtime:2.6.1) with AarTransform
Transforming lifecycle-viewmodel-savedstate-2.6.1.aar (androidx.lifecycle:lifecycle-viewmodel-savedstate:2.6.1) with ExtractAarTransform
Transforming lifecycle-viewmodel-savedstate-2.6.1.aar (androidx.lifecycle:lifecycle-viewmodel-savedstate:2.6.1) with AarTransform
Transforming core-ktx-1.12.0.aar (androidx.core:core-ktx:1.12.0) with ExtractAarTransform
Transforming core-ktx-1.12.0.aar (androidx.core:core-ktx:1.12.0) with AarTransform
Transforming annotation-experimental-1.3.0.aar (androidx.annotation:annotation-experimental:1.3.0) with ExtractAarTransform
Transforming annotation-experimental-1.3.0.aar (androidx.annotation:annotation-experimental:1.3.0) with AarTransform
Transforming cursoradapter-1.0.0.aar (androidx.cursoradapter:cursoradapter:1.0.0) with ExtractAarTransform
Transforming cursoradapter-1.0.0.aar (androidx.cursoradapter:cursoradapter:1.0.0) with AarTransform
Transforming cardview-1.0.0.aar (androidx.cardview:cardview:1.0.0) with ExtractAarTransform
Transforming cardview-1.0.0.aar (androidx.cardview:cardview:1.0.0) with AarTransform
Transforming interpolator-1.0.0.aar (androidx.interpolator:interpolator:1.0.0) with ExtractAarTransform
Transforming interpolator-1.0.0.aar (androidx.interpolator:interpolator:1.0.0) with AarTransform
Caching disabled for AarTransform: /home/runner/.gradle/caches/transforms-3/156662c0446d88703be71c5ea85394ee/transformed/coordinatorlayout-1.1.0 because:
  Build cache is disabled
Transforming interpolator-1.0.0.aar (androidx.interpolator:interpolator:1.0.0) with ExtractAarTransform
Caching disabled for AarTransform: /home/runner/.gradle/caches/transforms-3/c8e7935bfeb3ccd2bcea2405a871ec17/transformed/transition-1.2.0 because:
  Build cache is disabled
Caching disabled for AarTransform: /home/runner/.gradle/caches/transforms-3/fbcbdd756e1eccc113c0c4ba3d916f6b/transformed/vectordrawable-animated-1.1.0 because:
  Build cache is disabled
Skipping AarTransform: /home/runner/.gradle/caches/transforms-3/156662c0446d88703be71c5ea85394ee/transformed/coordinatorlayout-1.1.0 as it is up-to-date.
Skipping AarTransform: /home/runner/.gradle/caches/transforms-3/c8e7935bfeb3ccd2bcea2405a871ec17/transformed/transition-1.2.0 as it is up-to-date.
Skipping AarTransform: /home/runner/.gradle/caches/transforms-3/fbcbdd756e1eccc113c0c4ba3d916f6b/transformed/vectordrawable-animated-1.1.0 as it is up-to-date.
Transforming interpolator-1.0.0.aar (androidx.interpolator:interpolator:1.0.0) with AarTransform
Caching disabled for AarTransform: /home/runner/.gradle/caches/transforms-3/da9c554f0858b46344cb064b99f6470b/transformed/viewpager-1.0.0 because:
  Build cache is disabled
Skipping AarTransform: /home/runner/.gradle/caches/transforms-3/da9c554f0858b46344cb064b99f6470b/transformed/viewpager-1.0.0 as it is up-to-date.
Transforming interpolator-1.0.0.aar (androidx.interpolator:interpolator:1.0.0) with ExtractAarTransform
Transforming interpolator-1.0.0.aar (androidx.interpolator:interpolator:1.0.0) with AarTransform
Transforming versionedparcelable-1.1.1.aar (androidx.versionedparcelable:versionedparcelable:1.1.1) with ExtractAarTransform
Transforming versionedparcelable-1.1.1.aar (androidx.versionedparcelable:versionedparcelable:1.1.1) with AarTransform
Transforming profileinstaller-1.3.0.aar (androidx.profileinstaller:profileinstaller:1.3.0) with ExtractAarTransform
Transforming profileinstaller-1.3.0.aar (androidx.profileinstaller:profileinstaller:1.3.0) with AarTransform
Transforming startup-runtime-1.1.1.aar (androidx.startup:startup-runtime:1.1.1) with ExtractAarTransform
Transforming startup-runtime-1.1.1.aar (androidx.startup:startup-runtime:1.1.1) with AarTransform
Transforming tracing-1.0.0.aar (androidx.tracing:tracing:1.0.0) with ExtractAarTransform
Transforming tracing-1.0.0.aar (androidx.tracing:tracing:1.0.0) with AarTransform
Transforming core-runtime-2.2.0.aar (androidx.arch.core:core-runtime:2.2.0) with ExtractAarTransform
Transforming core-runtime-2.2.0.aar (androidx.arch.core:core-runtime:2.2.0) with AarTransform
Transforming documentfile-1.0.0.aar (androidx.documentfile:documentfile:1.0.0) with ExtractAarTransform
Transforming documentfile-1.0.0.aar (androidx.documentfile:documentfile:1.0.0) with AarTransform
Transforming localbroadcastmanager-1.0.0.aar (androidx.localbroadcastmanager:localbroadcastmanager:1.0.0) with ExtractAarTransform
Transforming localbroadcastmanager-1.0.0.aar (androidx.localbroadcastmanager:localbroadcastmanager:1.0.0) with AarTransform
Transforming print-1.0.0.aar (androidx.print:print:1.0.0) with ExtractAarTransform
Transforming print-1.0.0.aar (androidx.print:print:1.0.0) with AarTransform
Caching disabled for AarTransform: /home/runner/.gradle/caches/transforms-3/ae03016e9ee2406e676083e1778780bf/transformed/vectordrawable-1.1.0 because:
  Build cache is disabled
Skipping AarTransform: /home/runner/.gradle/caches/transforms-3/ae03016e9ee2406e676083e1778780bf/transformed/vectordrawable-1.1.0 as it is up-to-date.
Caching disabled for AarTransform: /home/runner/.gradle/caches/transforms-3/b4480a3418263b41508d46c8c5ca8cd8/transformed/legacy-support-core-utils-1.0.0 because:
  Build cache is disabled
Skipping AarTransform: /home/runner/.gradle/caches/transforms-3/b4480a3418263b41508d46c8c5ca8cd8/transformed/legacy-support-core-utils-1.0.0 as it is up-to-date.
Caching disabled for AarTransform: /home/runner/.gradle/caches/transforms-3/4320e56db7084d398e120f2ddfe5727a/transformed/customview-1.1.0 because:
  Build cache is disabled
Skipping AarTransform: /home/runner/.gradle/caches/transforms-3/4320e56db7084d398e120f2ddfe5727a/transformed/customview-1.1.0 as it is up-to-date.
Caching disabled for AarTransform: /home/runner/.gradle/caches/transforms-3/c41aa6211f038278362612431f3b2a75/transformed/loader-1.0.0 because:
  Build cache is disabled
Skipping AarTransform: /home/runner/.gradle/caches/transforms-3/c41aa6211f038278362612431f3b2a75/transformed/loader-1.0.0 as it is up-to-date.
Caching disabled for AarTransform: /home/runner/.gradle/caches/transforms-3/808f25e33273cf777e1c687f415f5885/transformed/core-1.12.0 because:
  Build cache is disabled
Skipping AarTransform: /home/runner/.gradle/caches/transforms-3/808f25e33273cf777e1c687f415f5885/transformed/core-1.12.0 as it is up-to-date.
Caching disabled for AarTransform: /home/runner/.gradle/caches/transforms-3/86d05be2685b442bcc9b63a26868bacb/transformed/lifecycle-livedata-core-2.6.1 because:
  Build cache is disabled
Skipping AarTransform: /home/runner/.gradle/caches/transforms-3/86d05be2685b442bcc9b63a26868bacb/transformed/lifecycle-livedata-core-2.6.1 as it is up-to-date.
Caching disabled for AarTransform: /home/runner/.gradle/caches/transforms-3/4298967f6acc46ffbd8f29396e3d06c4/transformed/customview-poolingcontainer-1.0.0 because:
  Build cache is disabled
Caching disabled for AarTransform: /home/runner/.gradle/caches/transforms-3/bbaf25cabfb9792c37b922dfbcb97824/transformed/lifecycle-process-2.6.1 because:
  Build cache is disabled
Skipping AarTransform: /home/runner/.gradle/caches/transforms-3/4298967f6acc46ffbd8f29396e3d06c4/transformed/customview-poolingcontainer-1.0.0 as it is up-to-date.
Skipping AarTransform: /home/runner/.gradle/caches/transforms-3/bbaf25cabfb9792c37b922dfbcb97824/transformed/lifecycle-process-2.6.1 as it is up-to-date.
Caching disabled for AarTransform: /home/runner/.gradle/caches/transforms-3/17f34e4f5c1e51ea128e74741c39f593/transformed/savedstate-1.2.1 because:
  Build cache is disabled
Skipping AarTransform: /home/runner/.gradle/caches/transforms-3/17f34e4f5c1e51ea128e74741c39f593/transformed/savedstate-1.2.1 as it is up-to-date.
Caching disabled for AarTransform: /home/runner/.gradle/caches/transforms-3/3b2893d462560264a9bcfbd2c8fd65d5/transformed/lifecycle-viewmodel-2.6.1 because:
  Build cache is disabled
Skipping AarTransform: /home/runner/.gradle/caches/transforms-3/3b2893d462560264a9bcfbd2c8fd65d5/transformed/lifecycle-viewmodel-2.6.1 as it is up-to-date.
Caching disabled for AarTransform: /home/runner/.gradle/caches/transforms-3/c2126ccf5d73d3bbef6dbaebc9382f7f/transformed/lifecycle-livedata-2.6.1 because:
  Build cache is disabled
Skipping AarTransform: /home/runner/.gradle/caches/transforms-3/c2126ccf5d73d3bbef6dbaebc9382f7f/transformed/lifecycle-livedata-2.6.1 as it is up-to-date.
Caching disabled for AarTransform: /home/runner/.gradle/caches/transforms-3/63987d2499df7576d8a97c39f548fa4f/transformed/lifecycle-runtime-2.6.1 because:
  Build cache is disabled
Skipping AarTransform: /home/runner/.gradle/caches/transforms-3/63987d2499df7576d8a97c39f548fa4f/transformed/lifecycle-runtime-2.6.1 as it is up-to-date.
Caching disabled for AarTransform: /home/runner/.gradle/caches/transforms-3/6decedb3f811a8e5c6494637a3c5b021/transformed/lifecycle-viewmodel-savedstate-2.6.1 because:
  Build cache is disabled
Caching disabled for AarTransform: /home/runner/.gradle/caches/transforms-3/26e5df9d5c8be0de7f4f2a523325980b/transformed/annotation-experimental-1.3.0 because:
  Build cache is disabled
Skipping AarTransform: /home/runner/.gradle/caches/transforms-3/26e5df9d5c8be0de7f4f2a523325980b/transformed/annotation-experimental-1.3.0 as it is up-to-date.
Skipping AarTransform: /home/runner/.gradle/caches/transforms-3/6decedb3f811a8e5c6494637a3c5b021/transformed/lifecycle-viewmodel-savedstate-2.6.1 as it is up-to-date.
Caching disabled for AarTransform: /home/runner/.gradle/caches/transforms-3/85595b34daa86b99eb55492d60a7a8a9/transformed/cursoradapter-1.0.0 because:
  Build cache is disabled
Skipping AarTransform: /home/runner/.gradle/caches/transforms-3/85595b34daa86b99eb55492d60a7a8a9/transformed/cursoradapter-1.0.0 as it is up-to-date.
Caching disabled for AarTransform: /home/runner/.gradle/caches/transforms-3/31953783a8302f878b5df3a2f79705b4/transformed/core-ktx-1.12.0 because:
  Build cache is disabled
Skipping AarTransform: /home/runner/.gradle/caches/transforms-3/31953783a8302f878b5df3a2f79705b4/transformed/core-ktx-1.12.0 as it is up-to-date.
Caching disabled for AarTransform: /home/runner/.gradle/caches/transforms-3/700a9d29eb5d6ed248ef23af07b515ba/transformed/interpolator-1.0.0 because:
  Build cache is disabled
Skipping AarTransform: /home/runner/.gradle/caches/transforms-3/700a9d29eb5d6ed248ef23af07b515ba/transformed/interpolator-1.0.0 as it is up-to-date.
Caching disabled for AarTransform: /home/runner/.gradle/caches/transforms-3/6b40b1fdfe34d774252d18b3b2d1b697/transformed/cardview-1.0.0 because:
  Build cache is disabled
Skipping AarTransform: /home/runner/.gradle/caches/transforms-3/6b40b1fdfe34d774252d18b3b2d1b697/transformed/cardview-1.0.0 as it is up-to-date.
Caching disabled for AarTransform: /home/runner/.gradle/caches/transforms-3/c95c70fe816f2902c8434f722301538d/transformed/versionedparcelable-1.1.1 because:
  Build cache is disabled
Skipping AarTransform: /home/runner/.gradle/caches/transforms-3/c95c70fe816f2902c8434f722301538d/transformed/versionedparcelable-1.1.1 as it is up-to-date.
Caching disabled for AarTransform: /home/runner/.gradle/caches/transforms-3/06b948aa8b95f6cd30e193c46b0a22d9/transformed/profileinstaller-1.3.0 because:
  Build cache is disabled
Caching disabled for AarTransform: /home/runner/.gradle/caches/transforms-3/4f0091b14e067910e5c7c0d2e3187eeb/transformed/startup-runtime-1.1.1 because:
  Build cache is disabled
Skipping AarTransform: /home/runner/.gradle/caches/transforms-3/4f0091b14e067910e5c7c0d2e3187eeb/transformed/startup-runtime-1.1.1 as it is up-to-date.
Caching disabled for AarTransform: /home/runner/.gradle/caches/transforms-3/2adc9403fd118d8e252f9b170b4f2ca1/transformed/core-runtime-2.2.0 because:
  Build cache is disabled
Skipping AarTransform: /home/runner/.gradle/caches/transforms-3/2adc9403fd118d8e252f9b170b4f2ca1/transformed/core-runtime-2.2.0 as it is up-to-date.
Skipping AarTransform: /home/runner/.gradle/caches/transforms-3/06b948aa8b95f6cd30e193c46b0a22d9/transformed/profileinstaller-1.3.0 as it is up-to-date.
Caching disabled for AarTransform: /home/runner/.gradle/caches/transforms-3/eb080d7afa461c0f10965141ae092a48/transformed/documentfile-1.0.0 because:
  Build cache is disabled
Skipping AarTransform: /home/runner/.gradle/caches/transforms-3/eb080d7afa461c0f10965141ae092a48/transformed/documentfile-1.0.0 as it is up-to-date.
Caching disabled for AarTransform: /home/runner/.gradle/caches/transforms-3/17a5fb8b4ee6eb33cfdbc0fc8d60c010/transformed/print-1.0.0 because:
  Build cache is disabled
Skipping AarTransform: /home/runner/.gradle/caches/transforms-3/17a5fb8b4ee6eb33cfdbc0fc8d60c010/transformed/print-1.0.0 as it is up-to-date.
Caching disabled for AarTransform: /home/runner/.gradle/caches/transforms-3/b73351ea044fbe66f9eb1c53a9e0a50a/transformed/tracing-1.0.0 because:
  Build cache is disabled
Skipping AarTransform: /home/runner/.gradle/caches/transforms-3/b73351ea044fbe66f9eb1c53a9e0a50a/transformed/tracing-1.0.0 as it is up-to-date.
Caching disabled for AarTransform: /home/runner/.gradle/caches/transforms-3/462d1718fdf6da42670951a0d4aa4de2/transformed/localbroadcastmanager-1.0.0 because:
  Build cache is disabled
Skipping AarTransform: /home/runner/.gradle/caches/transforms-3/462d1718fdf6da42670951a0d4aa4de2/transformed/localbroadcastmanager-1.0.0 as it is up-to-date.
Watching 135 directories to track changes
Watching 141 directories to track changes
Caching disabled for task ':app:mergeDebugResources' because:
  Build cache is disabled
Skipping task ':app:mergeDebugResources' as it is up-to-date.
Resolve mutations for :app:packageDebugResources (Thread[Execution worker Thread 3,5,main]) started.
:app:packageDebugResources (Thread[Execution worker Thread 3,5,main]) started.

> Task :app:packageDebugResources UP-TO-DATE
Watching 142 directories to track changes
Watching 147 directories to track changes
Watching 153 directories to track changes
Caching disabled for task ':app:packageDebugResources' because:
  Build cache is disabled
Skipping task ':app:packageDebugResources' as it is up-to-date.
Resolve mutations for :app:parseDebugLocalResources (Thread[Execution worker Thread 3,5,main]) started.
:app:parseDebugLocalResources (Thread[Execution worker Thread 3,5,main]) started.

> Task :app:parseDebugLocalResources UP-TO-DATE
Watching 154 directories to track changes
Transforming android.jar with PlatformAttrTransform
Caching disabled for PlatformAttrTransform: /usr/local/lib/android/sdk/platforms/android-34/android.jar because:
  Build cache is disabled
Skipping PlatformAttrTransform: /usr/local/lib/android/sdk/platforms/android-34/android.jar as it is up-to-date.
Transforming android.jar with PlatformAttrTransform
Caching disabled for task ':app:parseDebugLocalResources' because:
  Build cache is disabled
Skipping task ':app:parseDebugLocalResources' as it is up-to-date.
Resolve mutations for :app:dataBindingGenBaseClassesDebug (Thread[Execution worker Thread 3,5,main]) started.
:app:dataBindingGenBaseClassesDebug (Thread[Execution worker Thread 3,5,main]) started.

> Task :app:dataBindingGenBaseClassesDebug UP-TO-DATE
Watching 155 directories to track changes
Watching 156 directories to track changes
Watching 161 directories to track changes
Transforming viewbinding-8.2.0.aar (androidx.databinding:viewbinding:8.2.0) with ExtractAarTransform
Transforming viewbinding-8.2.0.aar (androidx.databinding:viewbinding:8.2.0) with LibrarySymbolTableTransform
Transforming material-1.11.0.aar (com.google.android.material:material:1.11.0) with ExtractAarTransform
Transforming material-1.11.0.aar (com.google.android.material:material:1.11.0) with LibrarySymbolTableTransform
Transforming constraintlayout-2.1.4.aar (androidx.constraintlayout:constraintlayout:2.1.4) with ExtractAarTransform
Transforming constraintlayout-2.1.4.aar (androidx.constraintlayout:constraintlayout:2.1.4) with LibrarySymbolTableTransform
Transforming appcompat-resources-1.6.1.aar (androidx.appcompat:appcompat-resources:1.6.1) with ExtractAarTransform
Caching disabled for LibrarySymbolTableTransform: /home/runner/.gradle/caches/transforms-3/4951730462e4aa2a807e0cc6795bcbdc/transformed/viewbinding-8.2.0 because:
  Build cache is disabled
Skipping LibrarySymbolTableTransform: /home/runner/.gradle/caches/transforms-3/4951730462e4aa2a807e0cc6795bcbdc/transformed/viewbinding-8.2.0 as it is up-to-date.
Transforming appcompat-resources-1.6.1.aar (androidx.appcompat:appcompat-resources:1.6.1) with LibrarySymbolTableTransform
Transforming appcompat-1.6.1.aar (androidx.appcompat:appcompat:1.6.1) with ExtractAarTransform
Transforming appcompat-1.6.1.aar (androidx.appcompat:appcompat:1.6.1) with LibrarySymbolTableTransform
Transforming viewpager2-1.1.0-beta02.aar (androidx.viewpager2:viewpager2:1.1.0-beta02) with ExtractAarTransform
Transforming viewpager2-1.1.0-beta02.aar (androidx.viewpager2:viewpager2:1.1.0-beta02) with LibrarySymbolTableTransform
Transforming recyclerview-1.3.2.aar (androidx.recyclerview:recyclerview:1.3.2) with ExtractAarTransform
Transforming recyclerview-1.3.2.aar (androidx.recyclerview:recyclerview:1.3.2) with LibrarySymbolTableTransform
Transforming swiperefreshlayout-1.1.0.aar (androidx.swiperefreshlayout:swiperefreshlayout:1.1.0) with ExtractAarTransform
Transforming swiperefreshlayout-1.1.0.aar (androidx.swiperefreshlayout:swiperefreshlayout:1.1.0) with LibrarySymbolTableTransform
Transforming emoji2-views-helper-1.2.0.aar (androidx.emoji2:emoji2-views-helper:1.2.0) with ExtractAarTransform
Transforming emoji2-views-helper-1.2.0.aar (androidx.emoji2:emoji2-views-helper:1.2.0) with LibrarySymbolTableTransform
Transforming emoji2-1.2.0.aar (androidx.emoji2:emoji2:1.2.0) with ExtractAarTransform
Transforming emoji2-1.2.0.aar (androidx.emoji2:emoji2:1.2.0) with LibrarySymbolTableTransform
Transforming fragment-1.3.6.aar (androidx.fragment:fragment:1.3.6) with ExtractAarTransform
Transforming fragment-1.3.6.aar (androidx.fragment:fragment:1.3.6) with LibrarySymbolTableTransform
Transforming activity-1.8.0.aar (androidx.activity:activity:1.8.0) with ExtractAarTransform
Transforming activity-1.8.0.aar (androidx.activity:activity:1.8.0) with LibrarySymbolTableTransform
Transforming drawerlayout-1.1.1.aar (androidx.drawerlayout:drawerlayout:1.1.1) with ExtractAarTransform
Transforming drawerlayout-1.1.1.aar (androidx.drawerlayout:drawerlayout:1.1.1) with LibrarySymbolTableTransform
Transforming coordinatorlayout-1.1.0.aar (androidx.coordinatorlayout:coordinatorlayout:1.1.0) with ExtractAarTransform
Transforming coordinatorlayout-1.1.0.aar (androidx.coordinatorlayout:coordinatorlayout:1.1.0) with LibrarySymbolTableTransform
Transforming dynamicanimation-1.0.0.aar (androidx.dynamicanimation:dynamicanimation:1.0.0) with ExtractAarTransform
Transforming dynamicanimation-1.0.0.aar (androidx.dynamicanimation:dynamicanimation:1.0.0) with LibrarySymbolTableTransform
Transforming transition-1.2.0.aar (androidx.transition:transition:1.2.0) with ExtractAarTransform
Transforming transition-1.2.0.aar (androidx.transition:transition:1.2.0) with LibrarySymbolTableTransform
Caching disabled for LibrarySymbolTableTransform: /home/runner/.gradle/caches/transforms-3/0e550df2fa61053f1941b07cd6f157b4/transformed/constraintlayout-2.1.4 because:
  Build cache is disabled
Caching disabled for LibrarySymbolTableTransform: /home/runner/.gradle/caches/transforms-3/fcbc5d16c187e197fa242b722ddc8c8e/transformed/material-1.11.0 because:
  Build cache is disabled
Skipping LibrarySymbolTableTransform: /home/runner/.gradle/caches/transforms-3/0e550df2fa61053f1941b07cd6f157b4/transformed/constraintlayout-2.1.4 as it is up-to-date.
Skipping LibrarySymbolTableTransform: /home/runner/.gradle/caches/transforms-3/fcbc5d16c187e197fa242b722ddc8c8e/transformed/material-1.11.0 as it is up-to-date.
Transforming vectordrawable-animated-1.1.0.aar (androidx.vectordrawable:vectordrawable-animated:1.1.0) with ExtractAarTransform
Transforming vectordrawable-animated-1.1.0.aar (androidx.vectordrawable:vectordrawable-animated:1.1.0) with LibrarySymbolTableTransform
Transforming vectordrawable-1.1.0.aar (androidx.vectordrawable:vectordrawable:1.1.0) with ExtractAarTransform
Transforming vectordrawable-1.1.0.aar (androidx.vectordrawable:vectordrawable:1.1.0) with LibrarySymbolTableTransform
Transforming vectordrawable-1.1.0.aar (androidx.vectordrawable:vectordrawable:1.1.0) with ExtractAarTransform
Transforming vectordrawable-1.1.0.aar (androidx.vectordrawable:vectordrawable:1.1.0) with LibrarySymbolTableTransform
Transforming viewpager-1.0.0.aar (androidx.viewpager:viewpager:1.0.0) with ExtractAarTransform
Caching disabled for LibrarySymbolTableTransform: /home/runner/.gradle/caches/transforms-3/79ee736083e8993774bf9266626bb52f/transformed/appcompat-resources-1.6.1 because:
  Build cache is disabled
Transforming viewpager-1.0.0.aar (androidx.viewpager:viewpager:1.0.0) with LibrarySymbolTableTransform
Transforming legacy-support-core-utils-1.0.0.aar (androidx.legacy:legacy-support-core-utils:1.0.0) with ExtractAarTransform
Skipping LibrarySymbolTableTransform: /home/runner/.gradle/caches/transforms-3/79ee736083e8993774bf9266626bb52f/transformed/appcompat-resources-1.6.1 as it is up-to-date.
Transforming legacy-support-core-utils-1.0.0.aar (androidx.legacy:legacy-support-core-utils:1.0.0) with LibrarySymbolTableTransform
Transforming loader-1.0.0.aar (androidx.loader:loader:1.0.0) with ExtractAarTransform
Transforming loader-1.0.0.aar (androidx.loader:loader:1.0.0) with LibrarySymbolTableTransform
Transforming loader-1.0.0.aar (androidx.loader:loader:1.0.0) with ExtractAarTransform
Caching disabled for LibrarySymbolTableTransform: /home/runner/.gradle/caches/transforms-3/495758042ca0f5607c8580195051b518/transformed/recyclerview-1.3.2 because:
  Build cache is disabled
Skipping LibrarySymbolTableTransform: /home/runner/.gradle/caches/transforms-3/495758042ca0f5607c8580195051b518/transformed/recyclerview-1.3.2 as it is up-to-date.
Caching disabled for LibrarySymbolTableTransform: /home/runner/.gradle/caches/transforms-3/ef3c88ef6515e9e7721cc239e96a1477/transformed/viewpager2-1.1.0-beta02 because:
  Build cache is disabled
Caching disabled for LibrarySymbolTableTransform: /home/runner/.gradle/caches/transforms-3/8891375a1bc91bb710ffef89177105ad/transformed/appcompat-1.6.1 because:
  Build cache is disabled
Skipping LibrarySymbolTableTransform: /home/runner/.gradle/caches/transforms-3/ef3c88ef6515e9e7721cc239e96a1477/transformed/viewpager2-1.1.0-beta02 as it is up-to-date.
Caching disabled for LibrarySymbolTableTransform: /home/runner/.gradle/caches/transforms-3/fb9e1b54ba0efe65bdd35d97e1779167/transformed/swiperefreshlayout-1.1.0 because:
  Build cache is disabled
Skipping LibrarySymbolTableTransform: /home/runner/.gradle/caches/transforms-3/fb9e1b54ba0efe65bdd35d97e1779167/transformed/swiperefreshlayout-1.1.0 as it is up-to-date.
Caching disabled for LibrarySymbolTableTransform: /home/runner/.gradle/caches/transforms-3/e90553fe079c912af51466fd36ee000d/transformed/emoji2-1.2.0 because:
  Build cache is disabled
Transforming loader-1.0.0.aar (androidx.loader:loader:1.0.0) with LibrarySymbolTableTransform
Skipping LibrarySymbolTableTransform: /home/runner/.gradle/caches/transforms-3/e90553fe079c912af51466fd36ee000d/transformed/emoji2-1.2.0 as it is up-to-date.
Transforming customview-1.1.0.aar (androidx.customview:customview:1.1.0) with ExtractAarTransform
Caching disabled for LibrarySymbolTableTransform: /home/runner/.gradle/caches/transforms-3/24fea28165bee96d432f2f0f4cae841e/transformed/emoji2-views-helper-1.2.0 because:
  Build cache is disabled
Transforming customview-1.1.0.aar (androidx.customview:customview:1.1.0) with LibrarySymbolTableTransform
Skipping LibrarySymbolTableTransform: /home/runner/.gradle/caches/transforms-3/24fea28165bee96d432f2f0f4cae841e/transformed/emoji2-views-helper-1.2.0 as it is up-to-date.
Skipping LibrarySymbolTableTransform: /home/runner/.gradle/caches/transforms-3/8891375a1bc91bb710ffef89177105ad/transformed/appcompat-1.6.1 as it is up-to-date.
Transforming customview-1.1.0.aar (androidx.customview:customview:1.1.0) with ExtractAarTransform
Transforming customview-1.1.0.aar (androidx.customview:customview:1.1.0) with LibrarySymbolTableTransform
Transforming customview-1.1.0.aar (androidx.customview:customview:1.1.0) with ExtractAarTransform
Transforming customview-1.1.0.aar (androidx.customview:customview:1.1.0) with LibrarySymbolTableTransform
Transforming customview-1.1.0.aar (androidx.customview:customview:1.1.0) with ExtractAarTransform
Transforming customview-1.1.0.aar (androidx.customview:customview:1.1.0) with LibrarySymbolTableTransform
Transforming core-1.12.0.aar (androidx.core:core:1.12.0) with ExtractAarTransform
Transforming core-1.12.0.aar (androidx.core:core:1.12.0) with LibrarySymbolTableTransform
Transforming core-1.12.0.aar (androidx.core:core:1.12.0) with ExtractAarTransform
Transforming core-1.12.0.aar (androidx.core:core:1.12.0) with LibrarySymbolTableTransform
Transforming core-1.12.0.aar (androidx.core:core:1.12.0) with ExtractAarTransform
Transforming core-1.12.0.aar (androidx.core:core:1.12.0) with LibrarySymbolTableTransform
Transforming core-1.12.0.aar (androidx.core:core:1.12.0) with ExtractAarTransform
Transforming core-1.12.0.aar (androidx.core:core:1.12.0) with LibrarySymbolTableTransform
Transforming core-1.12.0.aar (androidx.core:core:1.12.0) with ExtractAarTransform
Transforming core-1.12.0.aar (androidx.core:core:1.12.0) with LibrarySymbolTableTransform
Transforming core-1.12.0.aar (androidx.core:core:1.12.0) with ExtractAarTransform
Transforming core-1.12.0.aar (androidx.core:core:1.12.0) with LibrarySymbolTableTransform
Transforming core-1.12.0.aar (androidx.core:core:1.12.0) with ExtractAarTransform
Transforming core-1.12.0.aar (androidx.core:core:1.12.0) with LibrarySymbolTableTransform
Transforming core-1.12.0.aar (androidx.core:core:1.12.0) with ExtractAarTransform
Transforming core-1.12.0.aar (androidx.core:core:1.12.0) with LibrarySymbolTableTransform
Transforming core-1.12.0.aar (androidx.core:core:1.12.0) with ExtractAarTransform
Transforming core-1.12.0.aar (androidx.core:core:1.12.0) with LibrarySymbolTableTransform
Transforming core-1.12.0.aar (androidx.core:core:1.12.0) with ExtractAarTransform
Transforming core-1.12.0.aar (androidx.core:core:1.12.0) with LibrarySymbolTableTransform
Transforming core-1.12.0.aar (androidx.core:core:1.12.0) with ExtractAarTransform
Caching disabled for LibrarySymbolTableTransform: /home/runner/.gradle/caches/transforms-3/98aa3d885528e6c6aa8a5d42934f35b0/transformed/fragment-1.3.6 because:
  Build cache is disabled
Caching disabled for LibrarySymbolTableTransform: /home/runner/.gradle/caches/transforms-3/2b0c27ad856b62a1c7d8311931eca41e/transformed/activity-1.8.0 because:
  Build cache is disabled
Skipping LibrarySymbolTableTransform: /home/runner/.gradle/caches/transforms-3/98aa3d885528e6c6aa8a5d42934f35b0/transformed/fragment-1.3.6 as it is up-to-date.
Skipping LibrarySymbolTableTransform: /home/runner/.gradle/caches/transforms-3/2b0c27ad856b62a1c7d8311931eca41e/transformed/activity-1.8.0 as it is up-to-date.
Caching disabled for LibrarySymbolTableTransform: /home/runner/.gradle/caches/transforms-3/0666601880932e5ea304de5d3e90f0e6/transformed/drawerlayout-1.1.1 because:
  Build cache is disabled
Skipping LibrarySymbolTableTransform: /home/runner/.gradle/caches/transforms-3/0666601880932e5ea304de5d3e90f0e6/transformed/drawerlayout-1.1.1 as it is up-to-date.
Caching disabled for LibrarySymbolTableTransform: /home/runner/.gradle/caches/transforms-3/156662c0446d88703be71c5ea85394ee/transformed/coordinatorlayout-1.1.0 because:
  Build cache is disabled
Skipping LibrarySymbolTableTransform: /home/runner/.gradle/caches/transforms-3/156662c0446d88703be71c5ea85394ee/transformed/coordinatorlayout-1.1.0 as it is up-to-date.
Transforming core-1.12.0.aar (androidx.core:core:1.12.0) with LibrarySymbolTableTransform
Transforming customview-poolingcontainer-1.0.0.aar (androidx.customview:customview-poolingcontainer:1.0.0) with ExtractAarTransform
Transforming customview-poolingcontainer-1.0.0.aar (androidx.customview:customview-poolingcontainer:1.0.0) with LibrarySymbolTableTransform
Transforming savedstate-1.2.1.aar (androidx.savedstate:savedstate:1.2.1) with ExtractAarTransform
Transforming savedstate-1.2.1.aar (androidx.savedstate:savedstate:1.2.1) with LibrarySymbolTableTransform
Transforming lifecycle-process-2.6.1.aar (androidx.lifecycle:lifecycle-process:2.6.1) with ExtractAarTransform
Transforming lifecycle-process-2.6.1.aar (androidx.lifecycle:lifecycle-process:2.6.1) with LibrarySymbolTableTransform
Transforming lifecycle-livedata-core-2.6.1.aar (androidx.lifecycle:lifecycle-livedata-core:2.6.1) with ExtractAarTransform
Transforming lifecycle-livedata-core-2.6.1.aar (androidx.lifecycle:lifecycle-livedata-core:2.6.1) with LibrarySymbolTableTransform
Transforming lifecycle-livedata-2.6.1.aar (androidx.lifecycle:lifecycle-livedata:2.6.1) with ExtractAarTransform
Transforming lifecycle-livedata-2.6.1.aar (androidx.lifecycle:lifecycle-livedata:2.6.1) with LibrarySymbolTableTransform
Transforming lifecycle-viewmodel-2.6.1.aar (androidx.lifecycle:lifecycle-viewmodel:2.6.1) with ExtractAarTransform
Transforming lifecycle-viewmodel-2.6.1.aar (androidx.lifecycle:lifecycle-viewmodel:2.6.1) with LibrarySymbolTableTransform
Transforming lifecycle-viewmodel-2.6.1.aar (androidx.lifecycle:lifecycle-viewmodel:2.6.1) with ExtractAarTransform
Transforming lifecycle-viewmodel-2.6.1.aar (androidx.lifecycle:lifecycle-viewmodel:2.6.1) with LibrarySymbolTableTransform
Transforming lifecycle-runtime-2.6.1.aar (androidx.lifecycle:lifecycle-runtime:2.6.1) with ExtractAarTransform
Transforming lifecycle-runtime-2.6.1.aar (androidx.lifecycle:lifecycle-runtime:2.6.1) with LibrarySymbolTableTransform
Transforming lifecycle-viewmodel-savedstate-2.6.1.aar (androidx.lifecycle:lifecycle-viewmodel-savedstate:2.6.1) with ExtractAarTransform
Caching disabled for LibrarySymbolTableTransform: /home/runner/.gradle/caches/transforms-3/05776c6eb0b3562d3211ec5fa23e80fc/transformed/dynamicanimation-1.0.0 because:
  Build cache is disabled
Transforming lifecycle-viewmodel-savedstate-2.6.1.aar (androidx.lifecycle:lifecycle-viewmodel-savedstate:2.6.1) with LibrarySymbolTableTransform
Skipping LibrarySymbolTableTransform: /home/runner/.gradle/caches/transforms-3/05776c6eb0b3562d3211ec5fa23e80fc/transformed/dynamicanimation-1.0.0 as it is up-to-date.
Transforming core-ktx-1.12.0.aar (androidx.core:core-ktx:1.12.0) with ExtractAarTransform
Transforming core-ktx-1.12.0.aar (androidx.core:core-ktx:1.12.0) with LibrarySymbolTableTransform
Transforming annotation-experimental-1.3.0.aar (androidx.annotation:annotation-experimental:1.3.0) with ExtractAarTransform
Transforming annotation-experimental-1.3.0.aar (androidx.annotation:annotation-experimental:1.3.0) with LibrarySymbolTableTransform
Caching disabled for LibrarySymbolTableTransform: /home/runner/.gradle/caches/transforms-3/c8e7935bfeb3ccd2bcea2405a871ec17/transformed/transition-1.2.0 because:
  Build cache is disabled
Skipping LibrarySymbolTableTransform: /home/runner/.gradle/caches/transforms-3/c8e7935bfeb3ccd2bcea2405a871ec17/transformed/transition-1.2.0 as it is up-to-date.
Caching disabled for LibrarySymbolTableTransform: /home/runner/.gradle/caches/transforms-3/fbcbdd756e1eccc113c0c4ba3d916f6b/transformed/vectordrawable-animated-1.1.0 because:
  Build cache is disabled
Skipping LibrarySymbolTableTransform: /home/runner/.gradle/caches/transforms-3/fbcbdd756e1eccc113c0c4ba3d916f6b/transformed/vectordrawable-animated-1.1.0 as it is up-to-date.
Caching disabled for LibrarySymbolTableTransform: /home/runner/.gradle/caches/transforms-3/ae03016e9ee2406e676083e1778780bf/transformed/vectordrawable-1.1.0 because:
  Build cache is disabled
Skipping LibrarySymbolTableTransform: /home/runner/.gradle/caches/transforms-3/ae03016e9ee2406e676083e1778780bf/transformed/vectordrawable-1.1.0 as it is up-to-date.
Caching disabled for LibrarySymbolTableTransform: /home/runner/.gradle/caches/transforms-3/da9c554f0858b46344cb064b99f6470b/transformed/viewpager-1.0.0 because:
  Build cache is disabled
Caching disabled for LibrarySymbolTableTransform: /home/runner/.gradle/caches/transforms-3/c41aa6211f038278362612431f3b2a75/transformed/loader-1.0.0 because:
  Build cache is disabled
Skipping LibrarySymbolTableTransform: /home/runner/.gradle/caches/transforms-3/da9c554f0858b46344cb064b99f6470b/transformed/viewpager-1.0.0 as it is up-to-date.
Skipping LibrarySymbolTableTransform: /home/runner/.gradle/caches/transforms-3/c41aa6211f038278362612431f3b2a75/transformed/loader-1.0.0 as it is up-to-date.
Caching disabled for LibrarySymbolTableTransform: /home/runner/.gradle/caches/transforms-3/b4480a3418263b41508d46c8c5ca8cd8/transformed/legacy-support-core-utils-1.0.0 because:
  Build cache is disabled
Caching disabled for LibrarySymbolTableTransform: /home/runner/.gradle/caches/transforms-3/4320e56db7084d398e120f2ddfe5727a/transformed/customview-1.1.0 because:
  Build cache is disabled
Skipping LibrarySymbolTableTransform: /home/runner/.gradle/caches/transforms-3/4320e56db7084d398e120f2ddfe5727a/transformed/customview-1.1.0 as it is up-to-date.
Skipping LibrarySymbolTableTransform: /home/runner/.gradle/caches/transforms-3/b4480a3418263b41508d46c8c5ca8cd8/transformed/legacy-support-core-utils-1.0.0 as it is up-to-date.
Transforming cursoradapter-1.0.0.aar (androidx.cursoradapter:cursoradapter:1.0.0) with ExtractAarTransform
Transforming cursoradapter-1.0.0.aar (androidx.cursoradapter:cursoradapter:1.0.0) with LibrarySymbolTableTransform
Transforming cardview-1.0.0.aar (androidx.cardview:cardview:1.0.0) with ExtractAarTransform
Transforming cardview-1.0.0.aar (androidx.cardview:cardview:1.0.0) with LibrarySymbolTableTransform
Transforming interpolator-1.0.0.aar (androidx.interpolator:interpolator:1.0.0) with ExtractAarTransform
Transforming interpolator-1.0.0.aar (androidx.interpolator:interpolator:1.0.0) with LibrarySymbolTableTransform
Transforming interpolator-1.0.0.aar (androidx.interpolator:interpolator:1.0.0) with ExtractAarTransform
Transforming interpolator-1.0.0.aar (androidx.interpolator:interpolator:1.0.0) with LibrarySymbolTableTransform
Transforming interpolator-1.0.0.aar (androidx.interpolator:interpolator:1.0.0) with ExtractAarTransform
Caching disabled for LibrarySymbolTableTransform: /home/runner/.gradle/caches/transforms-3/808f25e33273cf777e1c687f415f5885/transformed/core-1.12.0 because:
  Build cache is disabled
Transforming interpolator-1.0.0.aar (androidx.interpolator:interpolator:1.0.0) with LibrarySymbolTableTransform
Skipping LibrarySymbolTableTransform: /home/runner/.gradle/caches/transforms-3/808f25e33273cf777e1c687f415f5885/transformed/core-1.12.0 as it is up-to-date.
Transforming versionedparcelable-1.1.1.aar (androidx.versionedparcelable:versionedparcelable:1.1.1) with ExtractAarTransform
Transforming versionedparcelable-1.1.1.aar (androidx.versionedparcelable:versionedparcelable:1.1.1) with LibrarySymbolTableTransform
Transforming profileinstaller-1.3.0.aar (androidx.profileinstaller:profileinstaller:1.3.0) with ExtractAarTransform
Transforming profileinstaller-1.3.0.aar (androidx.profileinstaller:profileinstaller:1.3.0) with LibrarySymbolTableTransform
Transforming startup-runtime-1.1.1.aar (androidx.startup:startup-runtime:1.1.1) with ExtractAarTransform
Transforming startup-runtime-1.1.1.aar (androidx.startup:startup-runtime:1.1.1) with LibrarySymbolTableTransform
Transforming tracing-1.0.0.aar (androidx.tracing:tracing:1.0.0) with ExtractAarTransform
Transforming tracing-1.0.0.aar (androidx.tracing:tracing:1.0.0) with LibrarySymbolTableTransform
Transforming core-runtime-2.2.0.aar (androidx.arch.core:core-runtime:2.2.0) with ExtractAarTransform
Transforming core-runtime-2.2.0.aar (androidx.arch.core:core-runtime:2.2.0) with LibrarySymbolTableTransform
Transforming documentfile-1.0.0.aar (androidx.documentfile:documentfile:1.0.0) with ExtractAarTransform
Caching disabled for LibrarySymbolTableTransform: /home/runner/.gradle/caches/transforms-3/17f34e4f5c1e51ea128e74741c39f593/transformed/savedstate-1.2.1 because:
  Build cache is disabled
Skipping LibrarySymbolTableTransform: /home/runner/.gradle/caches/transforms-3/17f34e4f5c1e51ea128e74741c39f593/transformed/savedstate-1.2.1 as it is up-to-date.
Caching disabled for LibrarySymbolTableTransform: /home/runner/.gradle/caches/transforms-3/86d05be2685b442bcc9b63a26868bacb/transformed/lifecycle-livedata-core-2.6.1 because:
  Build cache is disabled
Skipping LibrarySymbolTableTransform: /home/runner/.gradle/caches/transforms-3/86d05be2685b442bcc9b63a26868bacb/transformed/lifecycle-livedata-core-2.6.1 as it is up-to-date.
Caching disabled for LibrarySymbolTableTransform: /home/runner/.gradle/caches/transforms-3/4298967f6acc46ffbd8f29396e3d06c4/transformed/customview-poolingcontainer-1.0.0 because:
  Build cache is disabled
Skipping LibrarySymbolTableTransform: /home/runner/.gradle/caches/transforms-3/4298967f6acc46ffbd8f29396e3d06c4/transformed/customview-poolingcontainer-1.0.0 as it is up-to-date.
Transforming documentfile-1.0.0.aar (androidx.documentfile:documentfile:1.0.0) with LibrarySymbolTableTransform
Transforming localbroadcastmanager-1.0.0.aar (androidx.localbroadcastmanager:localbroadcastmanager:1.0.0) with ExtractAarTransform
Transforming localbroadcastmanager-1.0.0.aar (androidx.localbroadcastmanager:localbroadcastmanager:1.0.0) with LibrarySymbolTableTransform
Transforming print-1.0.0.aar (androidx.print:print:1.0.0) with ExtractAarTransform
Caching disabled for LibrarySymbolTableTransform: /home/runner/.gradle/caches/transforms-3/c2126ccf5d73d3bbef6dbaebc9382f7f/transformed/lifecycle-livedata-2.6.1 because:
  Build cache is disabled
Transforming print-1.0.0.aar (androidx.print:print:1.0.0) with LibrarySymbolTableTransform
Skipping LibrarySymbolTableTransform: /home/runner/.gradle/caches/transforms-3/c2126ccf5d73d3bbef6dbaebc9382f7f/transformed/lifecycle-livedata-2.6.1 as it is up-to-date.
Caching disabled for LibrarySymbolTableTransform: /home/runner/.gradle/caches/transforms-3/3b2893d462560264a9bcfbd2c8fd65d5/transformed/lifecycle-viewmodel-2.6.1 because:
  Build cache is disabled
Skipping LibrarySymbolTableTransform: /home/runner/.gradle/caches/transforms-3/3b2893d462560264a9bcfbd2c8fd65d5/transformed/lifecycle-viewmodel-2.6.1 as it is up-to-date.
Caching disabled for LibrarySymbolTableTransform: /home/runner/.gradle/caches/transforms-3/63987d2499df7576d8a97c39f548fa4f/transformed/lifecycle-runtime-2.6.1 because:
  Build cache is disabled
Skipping LibrarySymbolTableTransform: /home/runner/.gradle/caches/transforms-3/63987d2499df7576d8a97c39f548fa4f/transformed/lifecycle-runtime-2.6.1 as it is up-to-date.
Caching disabled for LibrarySymbolTableTransform: /home/runner/.gradle/caches/transforms-3/6decedb3f811a8e5c6494637a3c5b021/transformed/lifecycle-viewmodel-savedstate-2.6.1 because:
  Build cache is disabled
Skipping LibrarySymbolTableTransform: /home/runner/.gradle/caches/transforms-3/6decedb3f811a8e5c6494637a3c5b021/transformed/lifecycle-viewmodel-savedstate-2.6.1 as it is up-to-date.
Caching disabled for LibrarySymbolTableTransform: /home/runner/.gradle/caches/transforms-3/31953783a8302f878b5df3a2f79705b4/transformed/core-ktx-1.12.0 because:
  Build cache is disabled
Caching disabled for LibrarySymbolTableTransform: /home/runner/.gradle/caches/transforms-3/bbaf25cabfb9792c37b922dfbcb97824/transformed/lifecycle-process-2.6.1 because:
  Build cache is disabled
Skipping LibrarySymbolTableTransform: /home/runner/.gradle/caches/transforms-3/31953783a8302f878b5df3a2f79705b4/transformed/core-ktx-1.12.0 as it is up-to-date.
Skipping LibrarySymbolTableTransform: /home/runner/.gradle/caches/transforms-3/bbaf25cabfb9792c37b922dfbcb97824/transformed/lifecycle-process-2.6.1 as it is up-to-date.
Caching disabled for LibrarySymbolTableTransform: /home/runner/.gradle/caches/transforms-3/26e5df9d5c8be0de7f4f2a523325980b/transformed/annotation-experimental-1.3.0 because:
  Build cache is disabled
Caching disabled for LibrarySymbolTableTransform: /home/runner/.gradle/caches/transforms-3/700a9d29eb5d6ed248ef23af07b515ba/transformed/interpolator-1.0.0 because:
  Build cache is disabled
Skipping LibrarySymbolTableTransform: /home/runner/.gradle/caches/transforms-3/26e5df9d5c8be0de7f4f2a523325980b/transformed/annotation-experimental-1.3.0 as it is up-to-date.
Skipping LibrarySymbolTableTransform: /home/runner/.gradle/caches/transforms-3/700a9d29eb5d6ed248ef23af07b515ba/transformed/interpolator-1.0.0 as it is up-to-date.
Caching disabled for LibrarySymbolTableTransform: /home/runner/.gradle/caches/transforms-3/85595b34daa86b99eb55492d60a7a8a9/transformed/cursoradapter-1.0.0 because:
  Build cache is disabled
Skipping LibrarySymbolTableTransform: /home/runner/.gradle/caches/transforms-3/85595b34daa86b99eb55492d60a7a8a9/transformed/cursoradapter-1.0.0 as it is up-to-date.
Caching disabled for LibrarySymbolTableTransform: /home/runner/.gradle/caches/transforms-3/6b40b1fdfe34d774252d18b3b2d1b697/transformed/cardview-1.0.0 because:
  Build cache is disabled
Caching disabled for LibrarySymbolTableTransform: /home/runner/.gradle/caches/transforms-3/c95c70fe816f2902c8434f722301538d/transformed/versionedparcelable-1.1.1 because:
  Build cache is disabled
Caching disabled for LibrarySymbolTableTransform: /home/runner/.gradle/caches/transforms-3/06b948aa8b95f6cd30e193c46b0a22d9/transformed/profileinstaller-1.3.0 because:
  Build cache is disabled
Skipping LibrarySymbolTableTransform: /home/runner/.gradle/caches/transforms-3/6b40b1fdfe34d774252d18b3b2d1b697/transformed/cardview-1.0.0 as it is up-to-date.
Skipping LibrarySymbolTableTransform: /home/runner/.gradle/caches/transforms-3/c95c70fe816f2902c8434f722301538d/transformed/versionedparcelable-1.1.1 as it is up-to-date.
Skipping LibrarySymbolTableTransform: /home/runner/.gradle/caches/transforms-3/06b948aa8b95f6cd30e193c46b0a22d9/transformed/profileinstaller-1.3.0 as it is up-to-date.
Caching disabled for LibrarySymbolTableTransform: /home/runner/.gradle/caches/transforms-3/4f0091b14e067910e5c7c0d2e3187eeb/transformed/startup-runtime-1.1.1 because:
  Build cache is disabled
Skipping LibrarySymbolTableTransform: /home/runner/.gradle/caches/transforms-3/4f0091b14e067910e5c7c0d2e3187eeb/transformed/startup-runtime-1.1.1 as it is up-to-date.
Caching disabled for LibrarySymbolTableTransform: /home/runner/.gradle/caches/transforms-3/eb080d7afa461c0f10965141ae092a48/transformed/documentfile-1.0.0 because:
  Build cache is disabled
Skipping LibrarySymbolTableTransform: /home/runner/.gradle/caches/transforms-3/eb080d7afa461c0f10965141ae092a48/transformed/documentfile-1.0.0 as it is up-to-date.
Caching disabled for LibrarySymbolTableTransform: /home/runner/.gradle/caches/transforms-3/2adc9403fd118d8e252f9b170b4f2ca1/transformed/core-runtime-2.2.0 because:
  Build cache is disabled
Skipping LibrarySymbolTableTransform: /home/runner/.gradle/caches/transforms-3/2adc9403fd118d8e252f9b170b4f2ca1/transformed/core-runtime-2.2.0 as it is up-to-date.
Caching disabled for LibrarySymbolTableTransform: /home/runner/.gradle/caches/transforms-3/b73351ea044fbe66f9eb1c53a9e0a50a/transformed/tracing-1.0.0 because:
  Build cache is disabled
Skipping LibrarySymbolTableTransform: /home/runner/.gradle/caches/transforms-3/b73351ea044fbe66f9eb1c53a9e0a50a/transformed/tracing-1.0.0 as it is up-to-date.
Caching disabled for LibrarySymbolTableTransform: /home/runner/.gradle/caches/transforms-3/462d1718fdf6da42670951a0d4aa4de2/transformed/localbroadcastmanager-1.0.0 because:
  Build cache is disabled
Caching disabled for LibrarySymbolTableTransform: /home/runner/.gradle/caches/transforms-3/17a5fb8b4ee6eb33cfdbc0fc8d60c010/transformed/print-1.0.0 because:
  Build cache is disabled
Skipping LibrarySymbolTableTransform: /home/runner/.gradle/caches/transforms-3/462d1718fdf6da42670951a0d4aa4de2/transformed/localbroadcastmanager-1.0.0 as it is up-to-date.
Skipping LibrarySymbolTableTransform: /home/runner/.gradle/caches/transforms-3/17a5fb8b4ee6eb33cfdbc0fc8d60c010/transformed/print-1.0.0 as it is up-to-date.
Transforming viewbinding-8.2.0.aar (androidx.databinding:viewbinding:8.2.0) with ExtractAarTransform
Transforming viewbinding-8.2.0.aar (androidx.databinding:viewbinding:8.2.0) with AarTransform
Transforming material-1.11.0.aar (com.google.android.material:material:1.11.0) with ExtractAarTransform
Transforming material-1.11.0.aar (com.google.android.material:material:1.11.0) with AarTransform
Transforming appcompat-1.6.1.aar (androidx.appcompat:appcompat:1.6.1) with ExtractAarTransform
Transforming appcompat-1.6.1.aar (androidx.appcompat:appcompat:1.6.1) with AarTransform
Caching disabled for AarTransform: /home/runner/.gradle/caches/transforms-3/4951730462e4aa2a807e0cc6795bcbdc/transformed/viewbinding-8.2.0 because:
  Build cache is disabled
Skipping AarTransform: /home/runner/.gradle/caches/transforms-3/4951730462e4aa2a807e0cc6795bcbdc/transformed/viewbinding-8.2.0 as it is up-to-date.
Transforming viewpager2-1.1.0-beta02.aar (androidx.viewpager2:viewpager2:1.1.0-beta02) with ExtractAarTransform
Transforming viewpager2-1.1.0-beta02.aar (androidx.viewpager2:viewpager2:1.1.0-beta02) with AarTransform
Transforming fragment-1.3.6.aar (androidx.fragment:fragment:1.3.6) with ExtractAarTransform
Transforming fragment-1.3.6.aar (androidx.fragment:fragment:1.3.6) with AarTransform
Transforming activity-1.8.0.aar (androidx.activity:activity:1.8.0) with ExtractAarTransform
Transforming activity-1.8.0.aar (androidx.activity:activity:1.8.0) with AarTransform
Transforming recyclerview-1.3.2.aar (androidx.recyclerview:recyclerview:1.3.2) with ExtractAarTransform
Transforming recyclerview-1.3.2.aar (androidx.recyclerview:recyclerview:1.3.2) with AarTransform
Transforming swiperefreshlayout-1.1.0.aar (androidx.swiperefreshlayout:swiperefreshlayout:1.1.0) with ExtractAarTransform
Transforming swiperefreshlayout-1.1.0.aar (androidx.swiperefreshlayout:swiperefreshlayout:1.1.0) with AarTransform
Transforming appcompat-resources-1.6.1.aar (androidx.appcompat:appcompat-resources:1.6.1) with ExtractAarTransform
Transforming appcompat-resources-1.6.1.aar (androidx.appcompat:appcompat-resources:1.6.1) with AarTransform
Transforming drawerlayout-1.1.1.aar (androidx.drawerlayout:drawerlayout:1.1.1) with ExtractAarTransform
Transforming drawerlayout-1.1.1.aar (androidx.drawerlayout:drawerlayout:1.1.1) with AarTransform
Transforming coordinatorlayout-1.1.0.aar (androidx.coordinatorlayout:coordinatorlayout:1.1.0) with ExtractAarTransform
Transforming coordinatorlayout-1.1.0.aar (androidx.coordinatorlayout:coordinatorlayout:1.1.0) with AarTransform
Transforming dynamicanimation-1.0.0.aar (androidx.dynamicanimation:dynamicanimation:1.0.0) with ExtractAarTransform
Transforming dynamicanimation-1.0.0.aar (androidx.dynamicanimation:dynamicanimation:1.0.0) with AarTransform
Transforming transition-1.2.0.aar (androidx.transition:transition:1.2.0) with ExtractAarTransform
Transforming transition-1.2.0.aar (androidx.transition:transition:1.2.0) with AarTransform
Transforming vectordrawable-animated-1.1.0.aar (androidx.vectordrawable:vectordrawable-animated:1.1.0) with ExtractAarTransform
Caching disabled for AarTransform: /home/runner/.gradle/caches/transforms-3/fcbc5d16c187e197fa242b722ddc8c8e/transformed/material-1.11.0 because:
  Build cache is disabled
Skipping AarTransform: /home/runner/.gradle/caches/transforms-3/fcbc5d16c187e197fa242b722ddc8c8e/transformed/material-1.11.0 as it is up-to-date.
Caching disabled for AarTransform: /home/runner/.gradle/caches/transforms-3/ef3c88ef6515e9e7721cc239e96a1477/transformed/viewpager2-1.1.0-beta02 because:
  Build cache is disabled
Skipping AarTransform: /home/runner/.gradle/caches/transforms-3/ef3c88ef6515e9e7721cc239e96a1477/transformed/viewpager2-1.1.0-beta02 as it is up-to-date.
Transforming vectordrawable-animated-1.1.0.aar (androidx.vectordrawable:vectordrawable-animated:1.1.0) with AarTransform
Transforming vectordrawable-1.1.0.aar (androidx.vectordrawable:vectordrawable:1.1.0) with ExtractAarTransform
Caching disabled for AarTransform: /home/runner/.gradle/caches/transforms-3/8891375a1bc91bb710ffef89177105ad/transformed/appcompat-1.6.1 because:
  Build cache is disabled
Skipping AarTransform: /home/runner/.gradle/caches/transforms-3/8891375a1bc91bb710ffef89177105ad/transformed/appcompat-1.6.1 as it is up-to-date.
Transforming vectordrawable-1.1.0.aar (androidx.vectordrawable:vectordrawable:1.1.0) with AarTransform
Caching disabled for AarTransform: /home/runner/.gradle/caches/transforms-3/2b0c27ad856b62a1c7d8311931eca41e/transformed/activity-1.8.0 because:
  Build cache is disabled
Skipping AarTransform: /home/runner/.gradle/caches/transforms-3/2b0c27ad856b62a1c7d8311931eca41e/transformed/activity-1.8.0 as it is up-to-date.
Transforming vectordrawable-1.1.0.aar (androidx.vectordrawable:vectordrawable:1.1.0) with ExtractAarTransform
Transforming vectordrawable-1.1.0.aar (androidx.vectordrawable:vectordrawable:1.1.0) with AarTransform
Transforming viewpager-1.0.0.aar (androidx.viewpager:viewpager:1.0.0) with ExtractAarTransform
Transforming viewpager-1.0.0.aar (androidx.viewpager:viewpager:1.0.0) with AarTransform
Transforming customview-1.1.0.aar (androidx.customview:customview:1.1.0) with ExtractAarTransform
Caching disabled for AarTransform: /home/runner/.gradle/caches/transforms-3/fb9e1b54ba0efe65bdd35d97e1779167/transformed/swiperefreshlayout-1.1.0 because:
  Build cache is disabled
Transforming customview-1.1.0.aar (androidx.customview:customview:1.1.0) with AarTransform
Skipping AarTransform: /home/runner/.gradle/caches/transforms-3/fb9e1b54ba0efe65bdd35d97e1779167/transformed/swiperefreshlayout-1.1.0 as it is up-to-date.
Transforming customview-1.1.0.aar (androidx.customview:customview:1.1.0) with ExtractAarTransform
Transforming customview-1.1.0.aar (androidx.customview:customview:1.1.0) with AarTransform
Transforming customview-1.1.0.aar (androidx.customview:customview:1.1.0) with ExtractAarTransform
Transforming customview-1.1.0.aar (androidx.customview:customview:1.1.0) with AarTransform
Transforming customview-1.1.0.aar (androidx.customview:customview:1.1.0) with ExtractAarTransform
Transforming customview-1.1.0.aar (androidx.customview:customview:1.1.0) with AarTransform
Transforming legacy-support-core-utils-1.0.0.aar (androidx.legacy:legacy-support-core-utils:1.0.0) with ExtractAarTransform
Caching disabled for AarTransform: /home/runner/.gradle/caches/transforms-3/495758042ca0f5607c8580195051b518/transformed/recyclerview-1.3.2 because:
  Build cache is disabled
Transforming legacy-support-core-utils-1.0.0.aar (androidx.legacy:legacy-support-core-utils:1.0.0) with AarTransform
Skipping AarTransform: /home/runner/.gradle/caches/transforms-3/495758042ca0f5607c8580195051b518/transformed/recyclerview-1.3.2 as it is up-to-date.
Transforming loader-1.0.0.aar (androidx.loader:loader:1.0.0) with ExtractAarTransform
Transforming loader-1.0.0.aar (androidx.loader:loader:1.0.0) with AarTransform
Transforming loader-1.0.0.aar (androidx.loader:loader:1.0.0) with ExtractAarTransform
Transforming loader-1.0.0.aar (androidx.loader:loader:1.0.0) with AarTransform
Transforming core-1.12.0.aar (androidx.core:core:1.12.0) with ExtractAarTransform
Transforming core-1.12.0.aar (androidx.core:core:1.12.0) with AarTransform
Transforming core-1.12.0.aar (androidx.core:core:1.12.0) with ExtractAarTransform
Caching disabled for AarTransform: /home/runner/.gradle/caches/transforms-3/98aa3d885528e6c6aa8a5d42934f35b0/transformed/fragment-1.3.6 because:
  Build cache is disabled
Skipping AarTransform: /home/runner/.gradle/caches/transforms-3/98aa3d885528e6c6aa8a5d42934f35b0/transformed/fragment-1.3.6 as it is up-to-date.
Caching disabled for AarTransform: /home/runner/.gradle/caches/transforms-3/79ee736083e8993774bf9266626bb52f/transformed/appcompat-resources-1.6.1 because:
  Build cache is disabled
Skipping AarTransform: /home/runner/.gradle/caches/transforms-3/79ee736083e8993774bf9266626bb52f/transformed/appcompat-resources-1.6.1 as it is up-to-date.
Caching disabled for AarTransform: /home/runner/.gradle/caches/transforms-3/0666601880932e5ea304de5d3e90f0e6/transformed/drawerlayout-1.1.1 because:
  Build cache is disabled
Skipping AarTransform: /home/runner/.gradle/caches/transforms-3/0666601880932e5ea304de5d3e90f0e6/transformed/drawerlayout-1.1.1 as it is up-to-date.
Caching disabled for AarTransform: /home/runner/.gradle/caches/transforms-3/05776c6eb0b3562d3211ec5fa23e80fc/transformed/dynamicanimation-1.0.0 because:
  Build cache is disabled
Skipping AarTransform: /home/runner/.gradle/caches/transforms-3/05776c6eb0b3562d3211ec5fa23e80fc/transformed/dynamicanimation-1.0.0 as it is up-to-date.
Transforming core-1.12.0.aar (androidx.core:core:1.12.0) with AarTransform
Transforming core-1.12.0.aar (androidx.core:core:1.12.0) with ExtractAarTransform
Caching disabled for AarTransform: /home/runner/.gradle/caches/transforms-3/fbcbdd756e1eccc113c0c4ba3d916f6b/transformed/vectordrawable-animated-1.1.0 because:
  Build cache is disabled
Transforming core-1.12.0.aar (androidx.core:core:1.12.0) with AarTransform
Caching disabled for AarTransform: /home/runner/.gradle/caches/transforms-3/156662c0446d88703be71c5ea85394ee/transformed/coordinatorlayout-1.1.0 because:
  Build cache is disabled
Skipping AarTransform: /home/runner/.gradle/caches/transforms-3/fbcbdd756e1eccc113c0c4ba3d916f6b/transformed/vectordrawable-animated-1.1.0 as it is up-to-date.
Transforming core-1.12.0.aar (androidx.core:core:1.12.0) with ExtractAarTransform
Skipping AarTransform: /home/runner/.gradle/caches/transforms-3/156662c0446d88703be71c5ea85394ee/transformed/coordinatorlayout-1.1.0 as it is up-to-date.
Caching disabled for AarTransform: /home/runner/.gradle/caches/transforms-3/c8e7935bfeb3ccd2bcea2405a871ec17/transformed/transition-1.2.0 because:
  Build cache is disabled
Skipping AarTransform: /home/runner/.gradle/caches/transforms-3/c8e7935bfeb3ccd2bcea2405a871ec17/transformed/transition-1.2.0 as it is up-to-date.
Transforming core-1.12.0.aar (androidx.core:core:1.12.0) with AarTransform
Transforming core-1.12.0.aar (androidx.core:core:1.12.0) with ExtractAarTransform
Transforming core-1.12.0.aar (androidx.core:core:1.12.0) with AarTransform
Transforming core-1.12.0.aar (androidx.core:core:1.12.0) with ExtractAarTransform
Transforming core-1.12.0.aar (androidx.core:core:1.12.0) with AarTransform
Transforming core-1.12.0.aar (androidx.core:core:1.12.0) with ExtractAarTransform
Transforming core-1.12.0.aar (androidx.core:core:1.12.0) with AarTransform
Transforming core-1.12.0.aar (androidx.core:core:1.12.0) with ExtractAarTransform
Caching disabled for AarTransform: /home/runner/.gradle/caches/transforms-3/ae03016e9ee2406e676083e1778780bf/transformed/vectordrawable-1.1.0 because:
  Build cache is disabled
Transforming core-1.12.0.aar (androidx.core:core:1.12.0) with AarTransform
Caching disabled for AarTransform: /home/runner/.gradle/caches/transforms-3/da9c554f0858b46344cb064b99f6470b/transformed/viewpager-1.0.0 because:
  Build cache is disabled
Skipping AarTransform: /home/runner/.gradle/caches/transforms-3/ae03016e9ee2406e676083e1778780bf/transformed/vectordrawable-1.1.0 as it is up-to-date.
Skipping AarTransform: /home/runner/.gradle/caches/transforms-3/da9c554f0858b46344cb064b99f6470b/transformed/viewpager-1.0.0 as it is up-to-date.
Transforming core-1.12.0.aar (androidx.core:core:1.12.0) with ExtractAarTransform
Transforming core-1.12.0.aar (androidx.core:core:1.12.0) with AarTransform
Transforming core-1.12.0.aar (androidx.core:core:1.12.0) with ExtractAarTransform
Transforming core-1.12.0.aar (androidx.core:core:1.12.0) with AarTransform
Transforming core-1.12.0.aar (androidx.core:core:1.12.0) with ExtractAarTransform
Transforming core-1.12.0.aar (androidx.core:core:1.12.0) with AarTransform
Transforming lifecycle-livedata-2.6.1.aar (androidx.lifecycle:lifecycle-livedata:2.6.1) with ExtractAarTransform
Transforming lifecycle-livedata-2.6.1.aar (androidx.lifecycle:lifecycle-livedata:2.6.1) with AarTransform
Transforming lifecycle-livedata-core-2.6.1.aar (androidx.lifecycle:lifecycle-livedata-core:2.6.1) with ExtractAarTransform
Transforming lifecycle-livedata-core-2.6.1.aar (androidx.lifecycle:lifecycle-livedata-core:2.6.1) with AarTransform
Caching disabled for AarTransform: /home/runner/.gradle/caches/transforms-3/4320e56db7084d398e120f2ddfe5727a/transformed/customview-1.1.0 because:
  Build cache is disabled
Skipping AarTransform: /home/runner/.gradle/caches/transforms-3/4320e56db7084d398e120f2ddfe5727a/transformed/customview-1.1.0 as it is up-to-date.
Transforming lifecycle-viewmodel-2.6.1.aar (androidx.lifecycle:lifecycle-viewmodel:2.6.1) with ExtractAarTransform
Transforming lifecycle-viewmodel-2.6.1.aar (androidx.lifecycle:lifecycle-viewmodel:2.6.1) with AarTransform
Transforming lifecycle-viewmodel-2.6.1.aar (androidx.lifecycle:lifecycle-viewmodel:2.6.1) with ExtractAarTransform
Transforming lifecycle-viewmodel-2.6.1.aar (androidx.lifecycle:lifecycle-viewmodel:2.6.1) with AarTransform
Transforming lifecycle-runtime-2.6.1.aar (androidx.lifecycle:lifecycle-runtime:2.6.1) with ExtractAarTransform
Transforming lifecycle-runtime-2.6.1.aar (androidx.lifecycle:lifecycle-runtime:2.6.1) with AarTransform
Transforming lifecycle-viewmodel-savedstate-2.6.1.aar (androidx.lifecycle:lifecycle-viewmodel-savedstate:2.6.1) with ExtractAarTransform
Caching disabled for AarTransform: /home/runner/.gradle/caches/transforms-3/c41aa6211f038278362612431f3b2a75/transformed/loader-1.0.0 because:
  Build cache is disabled
Skipping AarTransform: /home/runner/.gradle/caches/transforms-3/c41aa6211f038278362612431f3b2a75/transformed/loader-1.0.0 as it is up-to-date.
Transforming lifecycle-viewmodel-savedstate-2.6.1.aar (androidx.lifecycle:lifecycle-viewmodel-savedstate:2.6.1) with AarTransform
Transforming core-ktx-1.12.0.aar (androidx.core:core-ktx:1.12.0) with ExtractAarTransform
Transforming core-ktx-1.12.0.aar (androidx.core:core-ktx:1.12.0) with AarTransform
Caching disabled for AarTransform: /home/runner/.gradle/caches/transforms-3/808f25e33273cf777e1c687f415f5885/transformed/core-1.12.0 because:
  Build cache is disabled
Transforming savedstate-1.2.1.aar (androidx.savedstate:savedstate:1.2.1) with ExtractAarTransform
Skipping AarTransform: /home/runner/.gradle/caches/transforms-3/808f25e33273cf777e1c687f415f5885/transformed/core-1.12.0 as it is up-to-date.
Transforming savedstate-1.2.1.aar (androidx.savedstate:savedstate:1.2.1) with AarTransform
Transforming annotation-experimental-1.3.0.aar (androidx.annotation:annotation-experimental:1.3.0) with ExtractAarTransform
Transforming annotation-experimental-1.3.0.aar (androidx.annotation:annotation-experimental:1.3.0) with AarTransform
Transforming cursoradapter-1.0.0.aar (androidx.cursoradapter:cursoradapter:1.0.0) with ExtractAarTransform
Transforming cursoradapter-1.0.0.aar (androidx.cursoradapter:cursoradapter:1.0.0) with AarTransform
Transforming cardview-1.0.0.aar (androidx.cardview:cardview:1.0.0) with ExtractAarTransform
Transforming cardview-1.0.0.aar (androidx.cardview:cardview:1.0.0) with AarTransform
Transforming interpolator-1.0.0.aar (androidx.interpolator:interpolator:1.0.0) with ExtractAarTransform
Caching disabled for AarTransform: /home/runner/.gradle/caches/transforms-3/c2126ccf5d73d3bbef6dbaebc9382f7f/transformed/lifecycle-livedata-2.6.1 because:
  Build cache is disabled
Transforming interpolator-1.0.0.aar (androidx.interpolator:interpolator:1.0.0) with AarTransform
Skipping AarTransform: /home/runner/.gradle/caches/transforms-3/c2126ccf5d73d3bbef6dbaebc9382f7f/transformed/lifecycle-livedata-2.6.1 as it is up-to-date.
Transforming interpolator-1.0.0.aar (androidx.interpolator:interpolator:1.0.0) with ExtractAarTransform
Transforming interpolator-1.0.0.aar (androidx.interpolator:interpolator:1.0.0) with AarTransform
Transforming versionedparcelable-1.1.1.aar (androidx.versionedparcelable:versionedparcelable:1.1.1) with ExtractAarTransform
Transforming versionedparcelable-1.1.1.aar (androidx.versionedparcelable:versionedparcelable:1.1.1) with AarTransform
Caching disabled for AarTransform: /home/runner/.gradle/caches/transforms-3/b4480a3418263b41508d46c8c5ca8cd8/transformed/legacy-support-core-utils-1.0.0 because:
  Build cache is disabled
Skipping AarTransform: /home/runner/.gradle/caches/transforms-3/b4480a3418263b41508d46c8c5ca8cd8/transformed/legacy-support-core-utils-1.0.0 as it is up-to-date.
Caching disabled for AarTransform: /home/runner/.gradle/caches/transforms-3/86d05be2685b442bcc9b63a26868bacb/transformed/lifecycle-livedata-core-2.6.1 because:
  Build cache is disabled
Skipping AarTransform: /home/runner/.gradle/caches/transforms-3/86d05be2685b442bcc9b63a26868bacb/transformed/lifecycle-livedata-core-2.6.1 as it is up-to-date.
Caching disabled for AarTransform: /home/runner/.gradle/caches/transforms-3/3b2893d462560264a9bcfbd2c8fd65d5/transformed/lifecycle-viewmodel-2.6.1 because:
  Build cache is disabled
Caching disabled for AarTransform: /home/runner/.gradle/caches/transforms-3/63987d2499df7576d8a97c39f548fa4f/transformed/lifecycle-runtime-2.6.1 because:
  Build cache is disabled
Transforming core-runtime-2.2.0.aar (androidx.arch.core:core-runtime:2.2.0) with ExtractAarTransform
Skipping AarTransform: /home/runner/.gradle/caches/transforms-3/3b2893d462560264a9bcfbd2c8fd65d5/transformed/lifecycle-viewmodel-2.6.1 as it is up-to-date.
Transforming core-runtime-2.2.0.aar (androidx.arch.core:core-runtime:2.2.0) with AarTransform
Transforming documentfile-1.0.0.aar (androidx.documentfile:documentfile:1.0.0) with ExtractAarTransform
Transforming documentfile-1.0.0.aar (androidx.documentfile:documentfile:1.0.0) with AarTransform
Transforming localbroadcastmanager-1.0.0.aar (androidx.localbroadcastmanager:localbroadcastmanager:1.0.0) with ExtractAarTransform
Skipping AarTransform: /home/runner/.gradle/caches/transforms-3/63987d2499df7576d8a97c39f548fa4f/transformed/lifecycle-runtime-2.6.1 as it is up-to-date.
Transforming localbroadcastmanager-1.0.0.aar (androidx.localbroadcastmanager:localbroadcastmanager:1.0.0) with AarTransform
Transforming print-1.0.0.aar (androidx.print:print:1.0.0) with ExtractAarTransform
Transforming print-1.0.0.aar (androidx.print:print:1.0.0) with AarTransform
Transforming constraintlayout-2.1.4.aar (androidx.constraintlayout:constraintlayout:2.1.4) with ExtractAarTransform
Caching disabled for AarTransform: /home/runner/.gradle/caches/transforms-3/31953783a8302f878b5df3a2f79705b4/transformed/core-ktx-1.12.0 because:
  Build cache is disabled
Transforming constraintlayout-2.1.4.aar (androidx.constraintlayout:constraintlayout:2.1.4) with AarTransform
Caching disabled for AarTransform: /home/runner/.gradle/caches/transforms-3/6decedb3f811a8e5c6494637a3c5b021/transformed/lifecycle-viewmodel-savedstate-2.6.1 because:
  Build cache is disabled
Skipping AarTransform: /home/runner/.gradle/caches/transforms-3/31953783a8302f878b5df3a2f79705b4/transformed/core-ktx-1.12.0 as it is up-to-date.
Skipping AarTransform: /home/runner/.gradle/caches/transforms-3/6decedb3f811a8e5c6494637a3c5b021/transformed/lifecycle-viewmodel-savedstate-2.6.1 as it is up-to-date.
Caching disabled for AarTransform: /home/runner/.gradle/caches/transforms-3/17f34e4f5c1e51ea128e74741c39f593/transformed/savedstate-1.2.1 because:
  Build cache is disabled
Skipping AarTransform: /home/runner/.gradle/caches/transforms-3/17f34e4f5c1e51ea128e74741c39f593/transformed/savedstate-1.2.1 as it is up-to-date.
Caching disabled for AarTransform: /home/runner/.gradle/caches/transforms-3/85595b34daa86b99eb55492d60a7a8a9/transformed/cursoradapter-1.0.0 because:
  Build cache is disabled
Skipping AarTransform: /home/runner/.gradle/caches/transforms-3/85595b34daa86b99eb55492d60a7a8a9/transformed/cursoradapter-1.0.0 as it is up-to-date.
Caching disabled for AarTransform: /home/runner/.gradle/caches/transforms-3/700a9d29eb5d6ed248ef23af07b515ba/transformed/interpolator-1.0.0 because:
  Build cache is disabled
Caching disabled for AarTransform: /home/runner/.gradle/caches/transforms-3/26e5df9d5c8be0de7f4f2a523325980b/transformed/annotation-experimental-1.3.0 because:
  Build cache is disabled
Skipping AarTransform: /home/runner/.gradle/caches/transforms-3/700a9d29eb5d6ed248ef23af07b515ba/transformed/interpolator-1.0.0 as it is up-to-date.
Caching disabled for AarTransform: /home/runner/.gradle/caches/transforms-3/6b40b1fdfe34d774252d18b3b2d1b697/transformed/cardview-1.0.0 because:
  Build cache is disabled
Skipping AarTransform: /home/runner/.gradle/caches/transforms-3/26e5df9d5c8be0de7f4f2a523325980b/transformed/annotation-experimental-1.3.0 as it is up-to-date.
Skipping AarTransform: /home/runner/.gradle/caches/transforms-3/6b40b1fdfe34d774252d18b3b2d1b697/transformed/cardview-1.0.0 as it is up-to-date.
Caching disabled for AarTransform: /home/runner/.gradle/caches/transforms-3/c95c70fe816f2902c8434f722301538d/transformed/versionedparcelable-1.1.1 because:
  Build cache is disabled
Skipping AarTransform: /home/runner/.gradle/caches/transforms-3/c95c70fe816f2902c8434f722301538d/transformed/versionedparcelable-1.1.1 as it is up-to-date.
Caching disabled for AarTransform: /home/runner/.gradle/caches/transforms-3/eb080d7afa461c0f10965141ae092a48/transformed/documentfile-1.0.0 because:
  Build cache is disabled
Skipping AarTransform: /home/runner/.gradle/caches/transforms-3/eb080d7afa461c0f10965141ae092a48/transformed/documentfile-1.0.0 as it is up-to-date.
Caching disabled for AarTransform: /home/runner/.gradle/caches/transforms-3/462d1718fdf6da42670951a0d4aa4de2/transformed/localbroadcastmanager-1.0.0 because:
  Build cache is disabled
Skipping AarTransform: /home/runner/.gradle/caches/transforms-3/462d1718fdf6da42670951a0d4aa4de2/transformed/localbroadcastmanager-1.0.0 as it is up-to-date.
Caching disabled for AarTransform: /home/runner/.gradle/caches/transforms-3/2adc9403fd118d8e252f9b170b4f2ca1/transformed/core-runtime-2.2.0 because:
  Build cache is disabled
Skipping AarTransform: /home/runner/.gradle/caches/transforms-3/2adc9403fd118d8e252f9b170b4f2ca1/transformed/core-runtime-2.2.0 as it is up-to-date.
Caching disabled for AarTransform: /home/runner/.gradle/caches/transforms-3/17a5fb8b4ee6eb33cfdbc0fc8d60c010/transformed/print-1.0.0 because:
  Build cache is disabled
Skipping AarTransform: /home/runner/.gradle/caches/transforms-3/17a5fb8b4ee6eb33cfdbc0fc8d60c010/transformed/print-1.0.0 as it is up-to-date.
Caching disabled for AarTransform: /home/runner/.gradle/caches/transforms-3/0e550df2fa61053f1941b07cd6f157b4/transformed/constraintlayout-2.1.4 because:
  Build cache is disabled
Skipping AarTransform: /home/runner/.gradle/caches/transforms-3/0e550df2fa61053f1941b07cd6f157b4/transformed/constraintlayout-2.1.4 as it is up-to-date.
Caching disabled for task ':app:dataBindingGenBaseClassesDebug' because:
  Build cache is disabled
Skipping task ':app:dataBindingGenBaseClassesDebug' as it is up-to-date.
Resolve mutations for :app:checkDebugAarMetadata (Thread[Execution worker Thread 3,5,main]) started.
:app:checkDebugAarMetadata (Thread[Execution worker Thread 3,5,main]) started.

> Task :app:checkDebugAarMetadata UP-TO-DATE
Watching 162 directories to track changes
Transforming viewbinding-8.2.0.aar (androidx.databinding:viewbinding:8.2.0) with ExtractAarTransform
Transforming viewbinding-8.2.0.aar (androidx.databinding:viewbinding:8.2.0) with AarTransform
Transforming material-1.11.0.aar (com.google.android.material:material:1.11.0) with ExtractAarTransform
Transforming material-1.11.0.aar (com.google.android.material:material:1.11.0) with AarTransform
Transforming constraintlayout-2.1.4.aar (androidx.constraintlayout:constraintlayout:2.1.4) with ExtractAarTransform
Transforming constraintlayout-2.1.4.aar (androidx.constraintlayout:constraintlayout:2.1.4) with AarTransform
Transforming appcompat-resources-1.6.1.aar (androidx.appcompat:appcompat-resources:1.6.1) with ExtractAarTransform
Transforming appcompat-resources-1.6.1.aar (androidx.appcompat:appcompat-resources:1.6.1) with AarTransform
Transforming appcompat-1.6.1.aar (androidx.appcompat:appcompat:1.6.1) with ExtractAarTransform
Transforming appcompat-1.6.1.aar (androidx.appcompat:appcompat:1.6.1) with AarTransform
Transforming viewpager2-1.1.0-beta02.aar (androidx.viewpager2:viewpager2:1.1.0-beta02) with ExtractAarTransform
Transforming viewpager2-1.1.0-beta02.aar (androidx.viewpager2:viewpager2:1.1.0-beta02) with AarTransform
Transforming recyclerview-1.3.2.aar (androidx.recyclerview:recyclerview:1.3.2) with ExtractAarTransform
Transforming recyclerview-1.3.2.aar (androidx.recyclerview:recyclerview:1.3.2) with AarTransform
Transforming swiperefreshlayout-1.1.0.aar (androidx.swiperefreshlayout:swiperefreshlayout:1.1.0) with ExtractAarTransform
Transforming swiperefreshlayout-1.1.0.aar (androidx.swiperefreshlayout:swiperefreshlayout:1.1.0) with AarTransform
Transforming emoji2-views-helper-1.2.0.aar (androidx.emoji2:emoji2-views-helper:1.2.0) with ExtractAarTransform
Transforming emoji2-views-helper-1.2.0.aar (androidx.emoji2:emoji2-views-helper:1.2.0) with AarTransform
Transforming emoji2-1.2.0.aar (androidx.emoji2:emoji2:1.2.0) with ExtractAarTransform
Transforming emoji2-1.2.0.aar (androidx.emoji2:emoji2:1.2.0) with AarTransform
Transforming fragment-1.3.6.aar (androidx.fragment:fragment:1.3.6) with ExtractAarTransform
Transforming fragment-1.3.6.aar (androidx.fragment:fragment:1.3.6) with AarTransform
Transforming activity-1.8.0.aar (androidx.activity:activity:1.8.0) with ExtractAarTransform
Caching disabled for AarTransform: /home/runner/.gradle/caches/transforms-3/4951730462e4aa2a807e0cc6795bcbdc/transformed/viewbinding-8.2.0 because:
  Build cache is disabled
Skipping AarTransform: /home/runner/.gradle/caches/transforms-3/4951730462e4aa2a807e0cc6795bcbdc/transformed/viewbinding-8.2.0 as it is up-to-date.
Caching disabled for AarTransform: /home/runner/.gradle/caches/transforms-3/fcbc5d16c187e197fa242b722ddc8c8e/transformed/material-1.11.0 because:
  Build cache is disabled
Skipping AarTransform: /home/runner/.gradle/caches/transforms-3/fcbc5d16c187e197fa242b722ddc8c8e/transformed/material-1.11.0 as it is up-to-date.
Transforming activity-1.8.0.aar (androidx.activity:activity:1.8.0) with AarTransform
Caching disabled for AarTransform: /home/runner/.gradle/caches/transforms-3/79ee736083e8993774bf9266626bb52f/transformed/appcompat-resources-1.6.1 because:
  Build cache is disabled
Caching disabled for AarTransform: /home/runner/.gradle/caches/transforms-3/8891375a1bc91bb710ffef89177105ad/transformed/appcompat-1.6.1 because:
  Build cache is disabled
Skipping AarTransform: /home/runner/.gradle/caches/transforms-3/79ee736083e8993774bf9266626bb52f/transformed/appcompat-resources-1.6.1 as it is up-to-date.
Caching disabled for AarTransform: /home/runner/.gradle/caches/transforms-3/0e550df2fa61053f1941b07cd6f157b4/transformed/constraintlayout-2.1.4 because:
  Build cache is disabled
Skipping AarTransform: /home/runner/.gradle/caches/transforms-3/8891375a1bc91bb710ffef89177105ad/transformed/appcompat-1.6.1 as it is up-to-date.
Skipping AarTransform: /home/runner/.gradle/caches/transforms-3/0e550df2fa61053f1941b07cd6f157b4/transformed/constraintlayout-2.1.4 as it is up-to-date.
Transforming drawerlayout-1.1.1.aar (androidx.drawerlayout:drawerlayout:1.1.1) with ExtractAarTransform
Transforming drawerlayout-1.1.1.aar (androidx.drawerlayout:drawerlayout:1.1.1) with AarTransform
Transforming coordinatorlayout-1.1.0.aar (androidx.coordinatorlayout:coordinatorlayout:1.1.0) with ExtractAarTransform
Transforming coordinatorlayout-1.1.0.aar (androidx.coordinatorlayout:coordinatorlayout:1.1.0) with AarTransform
Transforming dynamicanimation-1.0.0.aar (androidx.dynamicanimation:dynamicanimation:1.0.0) with ExtractAarTransform
Transforming dynamicanimation-1.0.0.aar (androidx.dynamicanimation:dynamicanimation:1.0.0) with AarTransform
Transforming transition-1.2.0.aar (androidx.transition:transition:1.2.0) with ExtractAarTransform
Transforming transition-1.2.0.aar (androidx.transition:transition:1.2.0) with AarTransform
Transforming vectordrawable-animated-1.1.0.aar (androidx.vectordrawable:vectordrawable-animated:1.1.0) with ExtractAarTransform
Transforming vectordrawable-animated-1.1.0.aar (androidx.vectordrawable:vectordrawable-animated:1.1.0) with AarTransform
Transforming vectordrawable-1.1.0.aar (androidx.vectordrawable:vectordrawable:1.1.0) with ExtractAarTransform
Transforming vectordrawable-1.1.0.aar (androidx.vectordrawable:vectordrawable:1.1.0) with AarTransform
Transforming vectordrawable-1.1.0.aar (androidx.vectordrawable:vectordrawable:1.1.0) with ExtractAarTransform
Transforming vectordrawable-1.1.0.aar (androidx.vectordrawable:vectordrawable:1.1.0) with AarTransform
Transforming viewpager-1.0.0.aar (androidx.viewpager:viewpager:1.0.0) with ExtractAarTransform
Transforming viewpager-1.0.0.aar (androidx.viewpager:viewpager:1.0.0) with AarTransform
Transforming legacy-support-core-utils-1.0.0.aar (androidx.legacy:legacy-support-core-utils:1.0.0) with ExtractAarTransform
Transforming legacy-support-core-utils-1.0.0.aar (androidx.legacy:legacy-support-core-utils:1.0.0) with AarTransform
Transforming loader-1.0.0.aar (androidx.loader:loader:1.0.0) with ExtractAarTransform
Transforming loader-1.0.0.aar (androidx.loader:loader:1.0.0) with AarTransform
Transforming loader-1.0.0.aar (androidx.loader:loader:1.0.0) with ExtractAarTransform
Caching disabled for AarTransform: /home/runner/.gradle/caches/transforms-3/ef3c88ef6515e9e7721cc239e96a1477/transformed/viewpager2-1.1.0-beta02 because:
  Build cache is disabled
Caching disabled for AarTransform: /home/runner/.gradle/caches/transforms-3/495758042ca0f5607c8580195051b518/transformed/recyclerview-1.3.2 because:
  Build cache is disabled
Caching disabled for AarTransform: /home/runner/.gradle/caches/transforms-3/fb9e1b54ba0efe65bdd35d97e1779167/transformed/swiperefreshlayout-1.1.0 because:
  Build cache is disabled
Skipping AarTransform: /home/runner/.gradle/caches/transforms-3/ef3c88ef6515e9e7721cc239e96a1477/transformed/viewpager2-1.1.0-beta02 as it is up-to-date.
Skipping AarTransform: /home/runner/.gradle/caches/transforms-3/fb9e1b54ba0efe65bdd35d97e1779167/transformed/swiperefreshlayout-1.1.0 as it is up-to-date.
Transforming loader-1.0.0.aar (androidx.loader:loader:1.0.0) with AarTransform
Skipping AarTransform: /home/runner/.gradle/caches/transforms-3/495758042ca0f5607c8580195051b518/transformed/recyclerview-1.3.2 as it is up-to-date.
Transforming customview-1.1.0.aar (androidx.customview:customview:1.1.0) with ExtractAarTransform
Transforming customview-1.1.0.aar (androidx.customview:customview:1.1.0) with AarTransform
Transforming customview-1.1.0.aar (androidx.customview:customview:1.1.0) with ExtractAarTransform
Transforming customview-1.1.0.aar (androidx.customview:customview:1.1.0) with AarTransform
Transforming customview-1.1.0.aar (androidx.customview:customview:1.1.0) with ExtractAarTransform
Transforming customview-1.1.0.aar (androidx.customview:customview:1.1.0) with AarTransform
Transforming customview-1.1.0.aar (androidx.customview:customview:1.1.0) with ExtractAarTransform
Transforming customview-1.1.0.aar (androidx.customview:customview:1.1.0) with AarTransform
Transforming core-1.12.0.aar (androidx.core:core:1.12.0) with ExtractAarTransform
Transforming core-1.12.0.aar (androidx.core:core:1.12.0) with AarTransform
Transforming core-1.12.0.aar (androidx.core:core:1.12.0) with ExtractAarTransform
Transforming core-1.12.0.aar (androidx.core:core:1.12.0) with AarTransform
Caching disabled for AarTransform: /home/runner/.gradle/caches/transforms-3/e90553fe079c912af51466fd36ee000d/transformed/emoji2-1.2.0 because:
  Build cache is disabled
Skipping AarTransform: /home/runner/.gradle/caches/transforms-3/e90553fe079c912af51466fd36ee000d/transformed/emoji2-1.2.0 as it is up-to-date.
Transforming core-1.12.0.aar (androidx.core:core:1.12.0) with ExtractAarTransform
Transforming core-1.12.0.aar (androidx.core:core:1.12.0) with AarTransform
Transforming core-1.12.0.aar (androidx.core:core:1.12.0) with ExtractAarTransform
Transforming core-1.12.0.aar (androidx.core:core:1.12.0) with AarTransform
Transforming core-1.12.0.aar (androidx.core:core:1.12.0) with ExtractAarTransform
Transforming core-1.12.0.aar (androidx.core:core:1.12.0) with AarTransform
Caching disabled for AarTransform: /home/runner/.gradle/caches/transforms-3/98aa3d885528e6c6aa8a5d42934f35b0/transformed/fragment-1.3.6 because:
  Build cache is disabled
Caching disabled for AarTransform: /home/runner/.gradle/caches/transforms-3/2b0c27ad856b62a1c7d8311931eca41e/transformed/activity-1.8.0 because:
  Build cache is disabled
Skipping AarTransform: /home/runner/.gradle/caches/transforms-3/98aa3d885528e6c6aa8a5d42934f35b0/transformed/fragment-1.3.6 as it is up-to-date.
Skipping AarTransform: /home/runner/.gradle/caches/transforms-3/2b0c27ad856b62a1c7d8311931eca41e/transformed/activity-1.8.0 as it is up-to-date.
Transforming core-1.12.0.aar (androidx.core:core:1.12.0) with ExtractAarTransform
Transforming core-1.12.0.aar (androidx.core:core:1.12.0) with AarTransform
Transforming core-1.12.0.aar (androidx.core:core:1.12.0) with ExtractAarTransform
Transforming core-1.12.0.aar (androidx.core:core:1.12.0) with AarTransform
Transforming core-1.12.0.aar (androidx.core:core:1.12.0) with ExtractAarTransform
Transforming core-1.12.0.aar (androidx.core:core:1.12.0) with AarTransform
Transforming core-1.12.0.aar (androidx.core:core:1.12.0) with ExtractAarTransform
Transforming core-1.12.0.aar (androidx.core:core:1.12.0) with AarTransform
Transforming core-1.12.0.aar (androidx.core:core:1.12.0) with ExtractAarTransform
Transforming core-1.12.0.aar (androidx.core:core:1.12.0) with AarTransform
Transforming core-1.12.0.aar (androidx.core:core:1.12.0) with ExtractAarTransform
Transforming core-1.12.0.aar (androidx.core:core:1.12.0) with AarTransform
Transforming customview-poolingcontainer-1.0.0.aar (androidx.customview:customview-poolingcontainer:1.0.0) with ExtractAarTransform
Transforming customview-poolingcontainer-1.0.0.aar (androidx.customview:customview-poolingcontainer:1.0.0) with AarTransform
Transforming savedstate-1.2.1.aar (androidx.savedstate:savedstate:1.2.1) with ExtractAarTransform
Transforming savedstate-1.2.1.aar (androidx.savedstate:savedstate:1.2.1) with AarTransform
Transforming lifecycle-process-2.6.1.aar (androidx.lifecycle:lifecycle-process:2.6.1) with ExtractAarTransform
Transforming lifecycle-process-2.6.1.aar (androidx.lifecycle:lifecycle-process:2.6.1) with AarTransform
Caching disabled for AarTransform: /home/runner/.gradle/caches/transforms-3/0666601880932e5ea304de5d3e90f0e6/transformed/drawerlayout-1.1.1 because:
  Build cache is disabled
Skipping AarTransform: /home/runner/.gradle/caches/transforms-3/0666601880932e5ea304de5d3e90f0e6/transformed/drawerlayout-1.1.1 as it is up-to-date.
Caching disabled for AarTransform: /home/runner/.gradle/caches/transforms-3/24fea28165bee96d432f2f0f4cae841e/transformed/emoji2-views-helper-1.2.0 because:
  Build cache is disabled
Skipping AarTransform: /home/runner/.gradle/caches/transforms-3/24fea28165bee96d432f2f0f4cae841e/transformed/emoji2-views-helper-1.2.0 as it is up-to-date.
Transforming lifecycle-livedata-core-2.6.1.aar (androidx.lifecycle:lifecycle-livedata-core:2.6.1) with ExtractAarTransform
Caching disabled for AarTransform: /home/runner/.gradle/caches/transforms-3/156662c0446d88703be71c5ea85394ee/transformed/coordinatorlayout-1.1.0 because:
  Build cache is disabled
Transforming lifecycle-livedata-core-2.6.1.aar (androidx.lifecycle:lifecycle-livedata-core:2.6.1) with AarTransform
Skipping AarTransform: /home/runner/.gradle/caches/transforms-3/156662c0446d88703be71c5ea85394ee/transformed/coordinatorlayout-1.1.0 as it is up-to-date.
Transforming lifecycle-livedata-2.6.1.aar (androidx.lifecycle:lifecycle-livedata:2.6.1) with ExtractAarTransform
Transforming lifecycle-livedata-2.6.1.aar (androidx.lifecycle:lifecycle-livedata:2.6.1) with AarTransform
Transforming lifecycle-viewmodel-2.6.1.aar (androidx.lifecycle:lifecycle-viewmodel:2.6.1) with ExtractAarTransform
Transforming lifecycle-viewmodel-2.6.1.aar (androidx.lifecycle:lifecycle-viewmodel:2.6.1) with AarTransform
Transforming lifecycle-viewmodel-2.6.1.aar (androidx.lifecycle:lifecycle-viewmodel:2.6.1) with ExtractAarTransform
Transforming lifecycle-viewmodel-2.6.1.aar (androidx.lifecycle:lifecycle-viewmodel:2.6.1) with AarTransform
Transforming lifecycle-runtime-2.6.1.aar (androidx.lifecycle:lifecycle-runtime:2.6.1) with ExtractAarTransform
Transforming lifecycle-runtime-2.6.1.aar (androidx.lifecycle:lifecycle-runtime:2.6.1) with AarTransform
Transforming lifecycle-viewmodel-savedstate-2.6.1.aar (androidx.lifecycle:lifecycle-viewmodel-savedstate:2.6.1) with ExtractAarTransform
Transforming lifecycle-viewmodel-savedstate-2.6.1.aar (androidx.lifecycle:lifecycle-viewmodel-savedstate:2.6.1) with AarTransform
Transforming core-ktx-1.12.0.aar (androidx.core:core-ktx:1.12.0) with ExtractAarTransform
Transforming core-ktx-1.12.0.aar (androidx.core:core-ktx:1.12.0) with AarTransform
Transforming annotation-experimental-1.3.0.aar (androidx.annotation:annotation-experimental:1.3.0) with ExtractAarTransform
Transforming annotation-experimental-1.3.0.aar (androidx.annotation:annotation-experimental:1.3.0) with AarTransform
Transforming cursoradapter-1.0.0.aar (androidx.cursoradapter:cursoradapter:1.0.0) with ExtractAarTransform
Transforming cursoradapter-1.0.0.aar (androidx.cursoradapter:cursoradapter:1.0.0) with AarTransform
Transforming cardview-1.0.0.aar (androidx.cardview:cardview:1.0.0) with ExtractAarTransform
Transforming cardview-1.0.0.aar (androidx.cardview:cardview:1.0.0) with AarTransform
Transforming interpolator-1.0.0.aar (androidx.interpolator:interpolator:1.0.0) with ExtractAarTransform
Transforming interpolator-1.0.0.aar (androidx.interpolator:interpolator:1.0.0) with AarTransform
Transforming interpolator-1.0.0.aar (androidx.interpolator:interpolator:1.0.0) with ExtractAarTransform
Transforming interpolator-1.0.0.aar (androidx.interpolator:interpolator:1.0.0) with AarTransform
Transforming interpolator-1.0.0.aar (androidx.interpolator:interpolator:1.0.0) with ExtractAarTransform
Caching disabled for AarTransform: /home/runner/.gradle/caches/transforms-3/fbcbdd756e1eccc113c0c4ba3d916f6b/transformed/vectordrawable-animated-1.1.0 because:
  Build cache is disabled
Transforming interpolator-1.0.0.aar (androidx.interpolator:interpolator:1.0.0) with AarTransform
Caching disabled for AarTransform: /home/runner/.gradle/caches/transforms-3/c8e7935bfeb3ccd2bcea2405a871ec17/transformed/transition-1.2.0 because:
  Build cache is disabled
Caching disabled for AarTransform: /home/runner/.gradle/caches/transforms-3/05776c6eb0b3562d3211ec5fa23e80fc/transformed/dynamicanimation-1.0.0 because:
  Build cache is disabled
Skipping AarTransform: /home/runner/.gradle/caches/transforms-3/fbcbdd756e1eccc113c0c4ba3d916f6b/transformed/vectordrawable-animated-1.1.0 as it is up-to-date.
Skipping AarTransform: /home/runner/.gradle/caches/transforms-3/c8e7935bfeb3ccd2bcea2405a871ec17/transformed/transition-1.2.0 as it is up-to-date.
Skipping AarTransform: /home/runner/.gradle/caches/transforms-3/05776c6eb0b3562d3211ec5fa23e80fc/transformed/dynamicanimation-1.0.0 as it is up-to-date.
Caching disabled for AarTransform: /home/runner/.gradle/caches/transforms-3/da9c554f0858b46344cb064b99f6470b/transformed/viewpager-1.0.0 because:
  Build cache is disabled
Skipping AarTransform: /home/runner/.gradle/caches/transforms-3/da9c554f0858b46344cb064b99f6470b/transformed/viewpager-1.0.0 as it is up-to-date.
Transforming versionedparcelable-1.1.1.aar (androidx.versionedparcelable:versionedparcelable:1.1.1) with ExtractAarTransform
Transforming versionedparcelable-1.1.1.aar (androidx.versionedparcelable:versionedparcelable:1.1.1) with AarTransform
Transforming profileinstaller-1.3.0.aar (androidx.profileinstaller:profileinstaller:1.3.0) with ExtractAarTransform
Caching disabled for AarTransform: /home/runner/.gradle/caches/transforms-3/ae03016e9ee2406e676083e1778780bf/transformed/vectordrawable-1.1.0 because:
  Build cache is disabled
Transforming profileinstaller-1.3.0.aar (androidx.profileinstaller:profileinstaller:1.3.0) with AarTransform
Skipping AarTransform: /home/runner/.gradle/caches/transforms-3/ae03016e9ee2406e676083e1778780bf/transformed/vectordrawable-1.1.0 as it is up-to-date.
Transforming startup-runtime-1.1.1.aar (androidx.startup:startup-runtime:1.1.1) with ExtractAarTransform
Transforming startup-runtime-1.1.1.aar (androidx.startup:startup-runtime:1.1.1) with AarTransform
Transforming tracing-1.0.0.aar (androidx.tracing:tracing:1.0.0) with ExtractAarTransform
Transforming tracing-1.0.0.aar (androidx.tracing:tracing:1.0.0) with AarTransform
Caching disabled for AarTransform: /home/runner/.gradle/caches/transforms-3/b4480a3418263b41508d46c8c5ca8cd8/transformed/legacy-support-core-utils-1.0.0 because:
  Build cache is disabled
Transforming core-runtime-2.2.0.aar (androidx.arch.core:core-runtime:2.2.0) with ExtractAarTransform
Skipping AarTransform: /home/runner/.gradle/caches/transforms-3/b4480a3418263b41508d46c8c5ca8cd8/transformed/legacy-support-core-utils-1.0.0 as it is up-to-date.
Transforming core-runtime-2.2.0.aar (androidx.arch.core:core-runtime:2.2.0) with AarTransform
Caching disabled for AarTransform: /home/runner/.gradle/caches/transforms-3/c41aa6211f038278362612431f3b2a75/transformed/loader-1.0.0 because:
  Build cache is disabled
Transforming documentfile-1.0.0.aar (androidx.documentfile:documentfile:1.0.0) with ExtractAarTransform
Skipping AarTransform: /home/runner/.gradle/caches/transforms-3/c41aa6211f038278362612431f3b2a75/transformed/loader-1.0.0 as it is up-to-date.
Transforming documentfile-1.0.0.aar (androidx.documentfile:documentfile:1.0.0) with AarTransform
Transforming localbroadcastmanager-1.0.0.aar (androidx.localbroadcastmanager:localbroadcastmanager:1.0.0) with ExtractAarTransform
Transforming localbroadcastmanager-1.0.0.aar (androidx.localbroadcastmanager:localbroadcastmanager:1.0.0) with AarTransform
Transforming print-1.0.0.aar (androidx.print:print:1.0.0) with ExtractAarTransform
Transforming print-1.0.0.aar (androidx.print:print:1.0.0) with AarTransform
Caching disabled for AarTransform: /home/runner/.gradle/caches/transforms-3/4320e56db7084d398e120f2ddfe5727a/transformed/customview-1.1.0 because:
  Build cache is disabled
Skipping AarTransform: /home/runner/.gradle/caches/transforms-3/4320e56db7084d398e120f2ddfe5727a/transformed/customview-1.1.0 as it is up-to-date.
Caching disabled for AarTransform: /home/runner/.gradle/caches/transforms-3/808f25e33273cf777e1c687f415f5885/transformed/core-1.12.0 because:
  Build cache is disabled
Skipping AarTransform: /home/runner/.gradle/caches/transforms-3/808f25e33273cf777e1c687f415f5885/transformed/core-1.12.0 as it is up-to-date.
Caching disabled for AarTransform: /home/runner/.gradle/caches/transforms-3/4298967f6acc46ffbd8f29396e3d06c4/transformed/customview-poolingcontainer-1.0.0 because:
  Build cache is disabled
Caching disabled for AarTransform: /home/runner/.gradle/caches/transforms-3/17f34e4f5c1e51ea128e74741c39f593/transformed/savedstate-1.2.1 because:
  Build cache is disabled
Skipping AarTransform: /home/runner/.gradle/caches/transforms-3/4298967f6acc46ffbd8f29396e3d06c4/transformed/customview-poolingcontainer-1.0.0 as it is up-to-date.
Skipping AarTransform: /home/runner/.gradle/caches/transforms-3/17f34e4f5c1e51ea128e74741c39f593/transformed/savedstate-1.2.1 as it is up-to-date.
Caching disabled for AarTransform: /home/runner/.gradle/caches/transforms-3/c2126ccf5d73d3bbef6dbaebc9382f7f/transformed/lifecycle-livedata-2.6.1 because:
  Build cache is disabled
Skipping AarTransform: /home/runner/.gradle/caches/transforms-3/c2126ccf5d73d3bbef6dbaebc9382f7f/transformed/lifecycle-livedata-2.6.1 as it is up-to-date.
Caching disabled for AarTransform: /home/runner/.gradle/caches/transforms-3/86d05be2685b442bcc9b63a26868bacb/transformed/lifecycle-livedata-core-2.6.1 because:
  Build cache is disabled
Caching disabled for AarTransform: /home/runner/.gradle/caches/transforms-3/3b2893d462560264a9bcfbd2c8fd65d5/transformed/lifecycle-viewmodel-2.6.1 because:
  Build cache is disabled
Skipping AarTransform: /home/runner/.gradle/caches/transforms-3/86d05be2685b442bcc9b63a26868bacb/transformed/lifecycle-livedata-core-2.6.1 as it is up-to-date.
Skipping AarTransform: /home/runner/.gradle/caches/transforms-3/3b2893d462560264a9bcfbd2c8fd65d5/transformed/lifecycle-viewmodel-2.6.1 as it is up-to-date.
Caching disabled for AarTransform: /home/runner/.gradle/caches/transforms-3/31953783a8302f878b5df3a2f79705b4/transformed/core-ktx-1.12.0 because:
  Build cache is disabled
Caching disabled for AarTransform: /home/runner/.gradle/caches/transforms-3/bbaf25cabfb9792c37b922dfbcb97824/transformed/lifecycle-process-2.6.1 because:
  Build cache is disabled
Skipping AarTransform: /home/runner/.gradle/caches/transforms-3/bbaf25cabfb9792c37b922dfbcb97824/transformed/lifecycle-process-2.6.1 as it is up-to-date.
Skipping AarTransform: /home/runner/.gradle/caches/transforms-3/31953783a8302f878b5df3a2f79705b4/transformed/core-ktx-1.12.0 as it is up-to-date.
Caching disabled for AarTransform: /home/runner/.gradle/caches/transforms-3/26e5df9d5c8be0de7f4f2a523325980b/transformed/annotation-experimental-1.3.0 because:
  Build cache is disabled
Skipping AarTransform: /home/runner/.gradle/caches/transforms-3/26e5df9d5c8be0de7f4f2a523325980b/transformed/annotation-experimental-1.3.0 as it is up-to-date.
Caching disabled for AarTransform: /home/runner/.gradle/caches/transforms-3/6decedb3f811a8e5c6494637a3c5b021/transformed/lifecycle-viewmodel-savedstate-2.6.1 because:
  Build cache is disabled
Skipping AarTransform: /home/runner/.gradle/caches/transforms-3/6decedb3f811a8e5c6494637a3c5b021/transformed/lifecycle-viewmodel-savedstate-2.6.1 as it is up-to-date.
Caching disabled for AarTransform: /home/runner/.gradle/caches/transforms-3/63987d2499df7576d8a97c39f548fa4f/transformed/lifecycle-runtime-2.6.1 because:
  Build cache is disabled
Skipping AarTransform: /home/runner/.gradle/caches/transforms-3/63987d2499df7576d8a97c39f548fa4f/transformed/lifecycle-runtime-2.6.1 as it is up-to-date.
Caching disabled for AarTransform: /home/runner/.gradle/caches/transforms-3/85595b34daa86b99eb55492d60a7a8a9/transformed/cursoradapter-1.0.0 because:
  Build cache is disabled
Skipping AarTransform: /home/runner/.gradle/caches/transforms-3/85595b34daa86b99eb55492d60a7a8a9/transformed/cursoradapter-1.0.0 as it is up-to-date.
Caching disabled for AarTransform: /home/runner/.gradle/caches/transforms-3/6b40b1fdfe34d774252d18b3b2d1b697/transformed/cardview-1.0.0 because:
  Build cache is disabled
Skipping AarTransform: /home/runner/.gradle/caches/transforms-3/6b40b1fdfe34d774252d18b3b2d1b697/transformed/cardview-1.0.0 as it is up-to-date.
Caching disabled for AarTransform: /home/runner/.gradle/caches/transforms-3/700a9d29eb5d6ed248ef23af07b515ba/transformed/interpolator-1.0.0 because:
  Build cache is disabled
Caching disabled for AarTransform: /home/runner/.gradle/caches/transforms-3/c95c70fe816f2902c8434f722301538d/transformed/versionedparcelable-1.1.1 because:
  Build cache is disabled
Skipping AarTransform: /home/runner/.gradle/caches/transforms-3/700a9d29eb5d6ed248ef23af07b515ba/transformed/interpolator-1.0.0 as it is up-to-date.
Skipping AarTransform: /home/runner/.gradle/caches/transforms-3/c95c70fe816f2902c8434f722301538d/transformed/versionedparcelable-1.1.1 as it is up-to-date.
Caching disabled for AarTransform: /home/runner/.gradle/caches/transforms-3/06b948aa8b95f6cd30e193c46b0a22d9/transformed/profileinstaller-1.3.0 because:
  Build cache is disabled
Skipping AarTransform: /home/runner/.gradle/caches/transforms-3/06b948aa8b95f6cd30e193c46b0a22d9/transformed/profileinstaller-1.3.0 as it is up-to-date.
Caching disabled for AarTransform: /home/runner/.gradle/caches/transforms-3/2adc9403fd118d8e252f9b170b4f2ca1/transformed/core-runtime-2.2.0 because:
  Build cache is disabled
Skipping AarTransform: /home/runner/.gradle/caches/transforms-3/2adc9403fd118d8e252f9b170b4f2ca1/transformed/core-runtime-2.2.0 as it is up-to-date.
Caching disabled for AarTransform: /home/runner/.gradle/caches/transforms-3/b73351ea044fbe66f9eb1c53a9e0a50a/transformed/tracing-1.0.0 because:
  Build cache is disabled
Skipping AarTransform: /home/runner/.gradle/caches/transforms-3/b73351ea044fbe66f9eb1c53a9e0a50a/transformed/tracing-1.0.0 as it is up-to-date.
Caching disabled for AarTransform: /home/runner/.gradle/caches/transforms-3/462d1718fdf6da42670951a0d4aa4de2/transformed/localbroadcastmanager-1.0.0 because:
  Build cache is disabled
Skipping AarTransform: /home/runner/.gradle/caches/transforms-3/462d1718fdf6da42670951a0d4aa4de2/transformed/localbroadcastmanager-1.0.0 as it is up-to-date.
Caching disabled for AarTransform: /home/runner/.gradle/caches/transforms-3/eb080d7afa461c0f10965141ae092a48/transformed/documentfile-1.0.0 because:
  Build cache is disabled
Skipping AarTransform: /home/runner/.gradle/caches/transforms-3/eb080d7afa461c0f10965141ae092a48/transformed/documentfile-1.0.0 as it is up-to-date.
Caching disabled for AarTransform: /home/runner/.gradle/caches/transforms-3/4f0091b14e067910e5c7c0d2e3187eeb/transformed/startup-runtime-1.1.1 because:
  Build cache is disabled
Skipping AarTransform: /home/runner/.gradle/caches/transforms-3/4f0091b14e067910e5c7c0d2e3187eeb/transformed/startup-runtime-1.1.1 as it is up-to-date.
Caching disabled for AarTransform: /home/runner/.gradle/caches/transforms-3/17a5fb8b4ee6eb33cfdbc0fc8d60c010/transformed/print-1.0.0 because:
  Build cache is disabled
Skipping AarTransform: /home/runner/.gradle/caches/transforms-3/17a5fb8b4ee6eb33cfdbc0fc8d60c010/transformed/print-1.0.0 as it is up-to-date.
Caching disabled for task ':app:checkDebugAarMetadata' because:
  Build cache is disabled
Skipping task ':app:checkDebugAarMetadata' as it is up-to-date.
Resolve mutations for :app:mapDebugSourceSetPaths (Thread[Execution worker Thread 3,5,main]) started.
:app:mapDebugSourceSetPaths (Thread[Execution worker Thread 3,5,main]) started.

> Task :app:mapDebugSourceSetPaths UP-TO-DATE
Watching 163 directories to track changes
Caching disabled for task ':app:mapDebugSourceSetPaths' because:
  Build cache is disabled
Skipping task ':app:mapDebugSourceSetPaths' as it is up-to-date.
Resolve mutations for :app:createDebugCompatibleScreenManifests (Thread[Execution worker Thread 3,5,main]) started.
:app:createDebugCompatibleScreenManifests (Thread[Execution worker Thread 3,5,main]) started.

> Task :app:createDebugCompatibleScreenManifests UP-TO-DATE
Watching 164 directories to track changes
Caching disabled for task ':app:createDebugCompatibleScreenManifests' because:
  Build cache is disabled
Skipping task ':app:createDebugCompatibleScreenManifests' as it is up-to-date.
Resolve mutations for :app:extractDeepLinksDebug (Thread[Execution worker Thread 3,5,main]) started.
:app:extractDeepLinksDebug (Thread[Execution worker Thread 3,5,main]) started.

> Task :app:extractDeepLinksDebug UP-TO-DATE
Watching 165 directories to track changes
Caching disabled for task ':app:extractDeepLinksDebug' because:
  Build cache is disabled
Skipping task ':app:extractDeepLinksDebug' as it is up-to-date.
Resolve mutations for :app:processDebugMainManifest (Thread[Execution worker Thread 3,5,main]) started.
:app:processDebugMainManifest (Thread[Execution worker,5,main]) started.

> Task :app:processDebugMainManifest UP-TO-DATE
Watching 166 directories to track changes
Watching 167 directories to track changes
Watching 168 directories to track changes
Watching 169 directories to track changes
Transforming viewbinding-8.2.0.aar (androidx.databinding:viewbinding:8.2.0) with ExtractAarTransform
Transforming viewbinding-8.2.0.aar (androidx.databinding:viewbinding:8.2.0) with AarTransform
Transforming material-1.11.0.aar (com.google.android.material:material:1.11.0) with ExtractAarTransform
Transforming material-1.11.0.aar (com.google.android.material:material:1.11.0) with AarTransform
Transforming constraintlayout-2.1.4.aar (androidx.constraintlayout:constraintlayout:2.1.4) with ExtractAarTransform
Transforming constraintlayout-2.1.4.aar (androidx.constraintlayout:constraintlayout:2.1.4) with AarTransform
Caching disabled for AarTransform: /home/runner/.gradle/caches/transforms-3/4951730462e4aa2a807e0cc6795bcbdc/transformed/viewbinding-8.2.0 because:
  Build cache is disabled
Skipping AarTransform: /home/runner/.gradle/caches/transforms-3/4951730462e4aa2a807e0cc6795bcbdc/transformed/viewbinding-8.2.0 as it is up-to-date.
Caching disabled for AarTransform: /home/runner/.gradle/caches/transforms-3/fcbc5d16c187e197fa242b722ddc8c8e/transformed/material-1.11.0 because:
  Build cache is disabled
Transforming appcompat-resources-1.6.1.aar (androidx.appcompat:appcompat-resources:1.6.1) with ExtractAarTransform
Transforming appcompat-resources-1.6.1.aar (androidx.appcompat:appcompat-resources:1.6.1) with AarTransform
Transforming appcompat-1.6.1.aar (androidx.appcompat:appcompat:1.6.1) with ExtractAarTransform
Transforming appcompat-1.6.1.aar (androidx.appcompat:appcompat:1.6.1) with AarTransform
Transforming viewpager2-1.1.0-beta02.aar (androidx.viewpager2:viewpager2:1.1.0-beta02) with ExtractAarTransform
Transforming viewpager2-1.1.0-beta02.aar (androidx.viewpager2:viewpager2:1.1.0-beta02) with AarTransform
Transforming recyclerview-1.3.2.aar (androidx.recyclerview:recyclerview:1.3.2) with ExtractAarTransform
Transforming recyclerview-1.3.2.aar (androidx.recyclerview:recyclerview:1.3.2) with AarTransform
Transforming swiperefreshlayout-1.1.0.aar (androidx.swiperefreshlayout:swiperefreshlayout:1.1.0) with ExtractAarTransform
Transforming swiperefreshlayout-1.1.0.aar (androidx.swiperefreshlayout:swiperefreshlayout:1.1.0) with AarTransform
Transforming emoji2-views-helper-1.2.0.aar (androidx.emoji2:emoji2-views-helper:1.2.0) with ExtractAarTransform
Transforming emoji2-views-helper-1.2.0.aar (androidx.emoji2:emoji2-views-helper:1.2.0) with AarTransform
Transforming emoji2-1.2.0.aar (androidx.emoji2:emoji2:1.2.0) with ExtractAarTransform
Transforming emoji2-1.2.0.aar (androidx.emoji2:emoji2:1.2.0) with AarTransform
Transforming fragment-1.3.6.aar (androidx.fragment:fragment:1.3.6) with ExtractAarTransform
Transforming fragment-1.3.6.aar (androidx.fragment:fragment:1.3.6) with AarTransform
Transforming activity-1.8.0.aar (androidx.activity:activity:1.8.0) with ExtractAarTransform
Transforming activity-1.8.0.aar (androidx.activity:activity:1.8.0) with AarTransform
Transforming drawerlayout-1.1.1.aar (androidx.drawerlayout:drawerlayout:1.1.1) with ExtractAarTransform
Transforming drawerlayout-1.1.1.aar (androidx.drawerlayout:drawerlayout:1.1.1) with AarTransform
Transforming coordinatorlayout-1.1.0.aar (androidx.coordinatorlayout:coordinatorlayout:1.1.0) with ExtractAarTransform
Transforming coordinatorlayout-1.1.0.aar (androidx.coordinatorlayout:coordinatorlayout:1.1.0) with AarTransform
Transforming dynamicanimation-1.0.0.aar (androidx.dynamicanimation:dynamicanimation:1.0.0) with ExtractAarTransform
Transforming dynamicanimation-1.0.0.aar (androidx.dynamicanimation:dynamicanimation:1.0.0) with AarTransform
Transforming transition-1.2.0.aar (androidx.transition:transition:1.2.0) with ExtractAarTransform
Transforming transition-1.2.0.aar (androidx.transition:transition:1.2.0) with AarTransform
Transforming vectordrawable-animated-1.1.0.aar (androidx.vectordrawable:vectordrawable-animated:1.1.0) with ExtractAarTransform
Transforming vectordrawable-animated-1.1.0.aar (androidx.vectordrawable:vectordrawable-animated:1.1.0) with AarTransform
Transforming vectordrawable-1.1.0.aar (androidx.vectordrawable:vectordrawable:1.1.0) with ExtractAarTransform
Transforming vectordrawable-1.1.0.aar (androidx.vectordrawable:vectordrawable:1.1.0) with AarTransform
Transforming vectordrawable-1.1.0.aar (androidx.vectordrawable:vectordrawable:1.1.0) with ExtractAarTransform
Transforming vectordrawable-1.1.0.aar (androidx.vectordrawable:vectordrawable:1.1.0) with AarTransform
Transforming viewpager-1.0.0.aar (androidx.viewpager:viewpager:1.0.0) with ExtractAarTransform
Transforming viewpager-1.0.0.aar (androidx.viewpager:viewpager:1.0.0) with AarTransform
Transforming legacy-support-core-utils-1.0.0.aar (androidx.legacy:legacy-support-core-utils:1.0.0) with ExtractAarTransform
Skipping AarTransform: /home/runner/.gradle/caches/transforms-3/fcbc5d16c187e197fa242b722ddc8c8e/transformed/material-1.11.0 as it is up-to-date.
Caching disabled for AarTransform: /home/runner/.gradle/caches/transforms-3/0e550df2fa61053f1941b07cd6f157b4/transformed/constraintlayout-2.1.4 because:
  Build cache is disabled
Skipping AarTransform: /home/runner/.gradle/caches/transforms-3/0e550df2fa61053f1941b07cd6f157b4/transformed/constraintlayout-2.1.4 as it is up-to-date.
Caching disabled for AarTransform: /home/runner/.gradle/caches/transforms-3/79ee736083e8993774bf9266626bb52f/transformed/appcompat-resources-1.6.1 because:
  Build cache is disabled
Skipping AarTransform: /home/runner/.gradle/caches/transforms-3/79ee736083e8993774bf9266626bb52f/transformed/appcompat-resources-1.6.1 as it is up-to-date.
Caching disabled for AarTransform: /home/runner/.gradle/caches/transforms-3/8891375a1bc91bb710ffef89177105ad/transformed/appcompat-1.6.1 because:
  Build cache is disabled
Skipping AarTransform: /home/runner/.gradle/caches/transforms-3/8891375a1bc91bb710ffef89177105ad/transformed/appcompat-1.6.1 as it is up-to-date.
Caching disabled for AarTransform: /home/runner/.gradle/caches/transforms-3/ef3c88ef6515e9e7721cc239e96a1477/transformed/viewpager2-1.1.0-beta02 because:
  Build cache is disabled
Skipping AarTransform: /home/runner/.gradle/caches/transforms-3/ef3c88ef6515e9e7721cc239e96a1477/transformed/viewpager2-1.1.0-beta02 as it is up-to-date.
Transforming legacy-support-core-utils-1.0.0.aar (androidx.legacy:legacy-support-core-utils:1.0.0) with AarTransform
Transforming loader-1.0.0.aar (androidx.loader:loader:1.0.0) with ExtractAarTransform
Transforming loader-1.0.0.aar (androidx.loader:loader:1.0.0) with AarTransform
Transforming loader-1.0.0.aar (androidx.loader:loader:1.0.0) with ExtractAarTransform
Transforming loader-1.0.0.aar (androidx.loader:loader:1.0.0) with AarTransform
Transforming customview-1.1.0.aar (androidx.customview:customview:1.1.0) with ExtractAarTransform
Transforming customview-1.1.0.aar (androidx.customview:customview:1.1.0) with AarTransform
Transforming customview-1.1.0.aar (androidx.customview:customview:1.1.0) with ExtractAarTransform
Transforming customview-1.1.0.aar (androidx.customview:customview:1.1.0) with AarTransform
Transforming customview-1.1.0.aar (androidx.customview:customview:1.1.0) with ExtractAarTransform
Transforming customview-1.1.0.aar (androidx.customview:customview:1.1.0) with AarTransform
Transforming customview-1.1.0.aar (androidx.customview:customview:1.1.0) with ExtractAarTransform
Transforming customview-1.1.0.aar (androidx.customview:customview:1.1.0) with AarTransform
Transforming core-1.12.0.aar (androidx.core:core:1.12.0) with ExtractAarTransform
Transforming core-1.12.0.aar (androidx.core:core:1.12.0) with AarTransform
Transforming core-1.12.0.aar (androidx.core:core:1.12.0) with ExtractAarTransform
Transforming core-1.12.0.aar (androidx.core:core:1.12.0) with AarTransform
Transforming core-1.12.0.aar (androidx.core:core:1.12.0) with ExtractAarTransform
Transforming core-1.12.0.aar (androidx.core:core:1.12.0) with AarTransform
Transforming core-1.12.0.aar (androidx.core:core:1.12.0) with ExtractAarTransform
Transforming core-1.12.0.aar (androidx.core:core:1.12.0) with AarTransform
Transforming core-1.12.0.aar (androidx.core:core:1.12.0) with ExtractAarTransform
Transforming core-1.12.0.aar (androidx.core:core:1.12.0) with AarTransform
Transforming core-1.12.0.aar (androidx.core:core:1.12.0) with ExtractAarTransform
Transforming core-1.12.0.aar (androidx.core:core:1.12.0) with AarTransform
Transforming core-1.12.0.aar (androidx.core:core:1.12.0) with ExtractAarTransform
Transforming core-1.12.0.aar (androidx.core:core:1.12.0) with AarTransform
Transforming core-1.12.0.aar (androidx.core:core:1.12.0) with ExtractAarTransform
Transforming core-1.12.0.aar (androidx.core:core:1.12.0) with AarTransform
Transforming core-1.12.0.aar (androidx.core:core:1.12.0) with ExtractAarTransform
Transforming core-1.12.0.aar (androidx.core:core:1.12.0) with AarTransform
Transforming core-1.12.0.aar (androidx.core:core:1.12.0) with ExtractAarTransform
Transforming core-1.12.0.aar (androidx.core:core:1.12.0) with AarTransform
Transforming core-1.12.0.aar (androidx.core:core:1.12.0) with ExtractAarTransform
Transforming core-1.12.0.aar (androidx.core:core:1.12.0) with AarTransform
Transforming customview-poolingcontainer-1.0.0.aar (androidx.customview:customview-poolingcontainer:1.0.0) with ExtractAarTransform
Caching disabled for AarTransform: /home/runner/.gradle/caches/transforms-3/495758042ca0f5607c8580195051b518/transformed/recyclerview-1.3.2 because:
  Build cache is disabled
Skipping AarTransform: /home/runner/.gradle/caches/transforms-3/495758042ca0f5607c8580195051b518/transformed/recyclerview-1.3.2 as it is up-to-date.
Caching disabled for AarTransform: /home/runner/.gradle/caches/transforms-3/24fea28165bee96d432f2f0f4cae841e/transformed/emoji2-views-helper-1.2.0 because:
  Build cache is disabled
Skipping AarTransform: /home/runner/.gradle/caches/transforms-3/24fea28165bee96d432f2f0f4cae841e/transformed/emoji2-views-helper-1.2.0 as it is up-to-date.
Caching disabled for AarTransform: /home/runner/.gradle/caches/transforms-3/fb9e1b54ba0efe65bdd35d97e1779167/transformed/swiperefreshlayout-1.1.0 because:
  Build cache is disabled
Skipping AarTransform: /home/runner/.gradle/caches/transforms-3/fb9e1b54ba0efe65bdd35d97e1779167/transformed/swiperefreshlayout-1.1.0 as it is up-to-date.
Caching disabled for AarTransform: /home/runner/.gradle/caches/transforms-3/2b0c27ad856b62a1c7d8311931eca41e/transformed/activity-1.8.0 because:
  Build cache is disabled
Skipping AarTransform: /home/runner/.gradle/caches/transforms-3/2b0c27ad856b62a1c7d8311931eca41e/transformed/activity-1.8.0 as it is up-to-date.
Caching disabled for AarTransform: /home/runner/.gradle/caches/transforms-3/e90553fe079c912af51466fd36ee000d/transformed/emoji2-1.2.0 because:
  Build cache is disabled
Skipping AarTransform: /home/runner/.gradle/caches/transforms-3/e90553fe079c912af51466fd36ee000d/transformed/emoji2-1.2.0 as it is up-to-date.
Caching disabled for AarTransform: /home/runner/.gradle/caches/transforms-3/98aa3d885528e6c6aa8a5d42934f35b0/transformed/fragment-1.3.6 because:
  Build cache is disabled
Skipping AarTransform: /home/runner/.gradle/caches/transforms-3/98aa3d885528e6c6aa8a5d42934f35b0/transformed/fragment-1.3.6 as it is up-to-date.
Transforming customview-poolingcontainer-1.0.0.aar (androidx.customview:customview-poolingcontainer:1.0.0) with AarTransform
Transforming savedstate-1.2.1.aar (androidx.savedstate:savedstate:1.2.1) with ExtractAarTransform
Transforming savedstate-1.2.1.aar (androidx.savedstate:savedstate:1.2.1) with AarTransform
Transforming lifecycle-process-2.6.1.aar (androidx.lifecycle:lifecycle-process:2.6.1) with ExtractAarTransform
Transforming lifecycle-process-2.6.1.aar (androidx.lifecycle:lifecycle-process:2.6.1) with AarTransform
Transforming lifecycle-livedata-core-2.6.1.aar (androidx.lifecycle:lifecycle-livedata-core:2.6.1) with ExtractAarTransform
Transforming lifecycle-livedata-core-2.6.1.aar (androidx.lifecycle:lifecycle-livedata-core:2.6.1) with AarTransform
Transforming lifecycle-livedata-2.6.1.aar (androidx.lifecycle:lifecycle-livedata:2.6.1) with ExtractAarTransform
Transforming lifecycle-livedata-2.6.1.aar (androidx.lifecycle:lifecycle-livedata:2.6.1) with AarTransform
Transforming lifecycle-viewmodel-2.6.1.aar (androidx.lifecycle:lifecycle-viewmodel:2.6.1) with ExtractAarTransform
Transforming lifecycle-viewmodel-2.6.1.aar (androidx.lifecycle:lifecycle-viewmodel:2.6.1) with AarTransform
Transforming lifecycle-viewmodel-2.6.1.aar (androidx.lifecycle:lifecycle-viewmodel:2.6.1) with ExtractAarTransform
Transforming lifecycle-viewmodel-2.6.1.aar (androidx.lifecycle:lifecycle-viewmodel:2.6.1) with AarTransform
Transforming lifecycle-runtime-2.6.1.aar (androidx.lifecycle:lifecycle-runtime:2.6.1) with ExtractAarTransform
Transforming lifecycle-runtime-2.6.1.aar (androidx.lifecycle:lifecycle-runtime:2.6.1) with AarTransform
Transforming lifecycle-viewmodel-savedstate-2.6.1.aar (androidx.lifecycle:lifecycle-viewmodel-savedstate:2.6.1) with ExtractAarTransform
Transforming lifecycle-viewmodel-savedstate-2.6.1.aar (androidx.lifecycle:lifecycle-viewmodel-savedstate:2.6.1) with AarTransform
Transforming core-ktx-1.12.0.aar (androidx.core:core-ktx:1.12.0) with ExtractAarTransform
Transforming core-ktx-1.12.0.aar (androidx.core:core-ktx:1.12.0) with AarTransform
Transforming annotation-experimental-1.3.0.aar (androidx.annotation:annotation-experimental:1.3.0) with ExtractAarTransform
Transforming annotation-experimental-1.3.0.aar (androidx.annotation:annotation-experimental:1.3.0) with AarTransform
Transforming cursoradapter-1.0.0.aar (androidx.cursoradapter:cursoradapter:1.0.0) with ExtractAarTransform
Transforming cursoradapter-1.0.0.aar (androidx.cursoradapter:cursoradapter:1.0.0) with AarTransform
Caching disabled for AarTransform: /home/runner/.gradle/caches/transforms-3/156662c0446d88703be71c5ea85394ee/transformed/coordinatorlayout-1.1.0 because:
  Build cache is disabled
Skipping AarTransform: /home/runner/.gradle/caches/transforms-3/156662c0446d88703be71c5ea85394ee/transformed/coordinatorlayout-1.1.0 as it is up-to-date.
Caching disabled for AarTransform: /home/runner/.gradle/caches/transforms-3/0666601880932e5ea304de5d3e90f0e6/transformed/drawerlayout-1.1.1 because:
  Build cache is disabled
Skipping AarTransform: /home/runner/.gradle/caches/transforms-3/0666601880932e5ea304de5d3e90f0e6/transformed/drawerlayout-1.1.1 as it is up-to-date.
Caching disabled for AarTransform: /home/runner/.gradle/caches/transforms-3/05776c6eb0b3562d3211ec5fa23e80fc/transformed/dynamicanimation-1.0.0 because:
  Build cache is disabled
Skipping AarTransform: /home/runner/.gradle/caches/transforms-3/05776c6eb0b3562d3211ec5fa23e80fc/transformed/dynamicanimation-1.0.0 as it is up-to-date.
Caching disabled for AarTransform: /home/runner/.gradle/caches/transforms-3/fbcbdd756e1eccc113c0c4ba3d916f6b/transformed/vectordrawable-animated-1.1.0 because:
  Build cache is disabled
Skipping AarTransform: /home/runner/.gradle/caches/transforms-3/fbcbdd756e1eccc113c0c4ba3d916f6b/transformed/vectordrawable-animated-1.1.0 as it is up-to-date.
Caching disabled for AarTransform: /home/runner/.gradle/caches/transforms-3/ae03016e9ee2406e676083e1778780bf/transformed/vectordrawable-1.1.0 because:
  Build cache is disabled
Skipping AarTransform: /home/runner/.gradle/caches/transforms-3/ae03016e9ee2406e676083e1778780bf/transformed/vectordrawable-1.1.0 as it is up-to-date.
Caching disabled for AarTransform: /home/runner/.gradle/caches/transforms-3/c8e7935bfeb3ccd2bcea2405a871ec17/transformed/transition-1.2.0 because:
  Build cache is disabled
Skipping AarTransform: /home/runner/.gradle/caches/transforms-3/c8e7935bfeb3ccd2bcea2405a871ec17/transformed/transition-1.2.0 as it is up-to-date.
Caching disabled for AarTransform: /home/runner/.gradle/caches/transforms-3/b4480a3418263b41508d46c8c5ca8cd8/transformed/legacy-support-core-utils-1.0.0 because:
  Build cache is disabled
Skipping AarTransform: /home/runner/.gradle/caches/transforms-3/b4480a3418263b41508d46c8c5ca8cd8/transformed/legacy-support-core-utils-1.0.0 as it is up-to-date.
Caching disabled for AarTransform: /home/runner/.gradle/caches/transforms-3/da9c554f0858b46344cb064b99f6470b/transformed/viewpager-1.0.0 because:
  Build cache is disabled
Skipping AarTransform: /home/runner/.gradle/caches/transforms-3/da9c554f0858b46344cb064b99f6470b/transformed/viewpager-1.0.0 as it is up-to-date.
Transforming cardview-1.0.0.aar (androidx.cardview:cardview:1.0.0) with ExtractAarTransform
Transforming cardview-1.0.0.aar (androidx.cardview:cardview:1.0.0) with AarTransform
Transforming interpolator-1.0.0.aar (androidx.interpolator:interpolator:1.0.0) with ExtractAarTransform
Transforming interpolator-1.0.0.aar (androidx.interpolator:interpolator:1.0.0) with AarTransform
Transforming interpolator-1.0.0.aar (androidx.interpolator:interpolator:1.0.0) with ExtractAarTransform
Transforming interpolator-1.0.0.aar (androidx.interpolator:interpolator:1.0.0) with AarTransform
Transforming interpolator-1.0.0.aar (androidx.interpolator:interpolator:1.0.0) with ExtractAarTransform
Transforming interpolator-1.0.0.aar (androidx.interpolator:interpolator:1.0.0) with AarTransform
Transforming versionedparcelable-1.1.1.aar (androidx.versionedparcelable:versionedparcelable:1.1.1) with ExtractAarTransform
Transforming versionedparcelable-1.1.1.aar (androidx.versionedparcelable:versionedparcelable:1.1.1) with AarTransform
Transforming profileinstaller-1.3.0.aar (androidx.profileinstaller:profileinstaller:1.3.0) with ExtractAarTransform
Transforming profileinstaller-1.3.0.aar (androidx.profileinstaller:profileinstaller:1.3.0) with AarTransform
Transforming startup-runtime-1.1.1.aar (androidx.startup:startup-runtime:1.1.1) with ExtractAarTransform
Transforming startup-runtime-1.1.1.aar (androidx.startup:startup-runtime:1.1.1) with AarTransform
Transforming tracing-1.0.0.aar (androidx.tracing:tracing:1.0.0) with ExtractAarTransform
Transforming tracing-1.0.0.aar (androidx.tracing:tracing:1.0.0) with AarTransform
Transforming core-runtime-2.2.0.aar (androidx.arch.core:core-runtime:2.2.0) with ExtractAarTransform
Transforming core-runtime-2.2.0.aar (androidx.arch.core:core-runtime:2.2.0) with AarTransform
Transforming documentfile-1.0.0.aar (androidx.documentfile:documentfile:1.0.0) with ExtractAarTransform
Transforming documentfile-1.0.0.aar (androidx.documentfile:documentfile:1.0.0) with AarTransform
Transforming localbroadcastmanager-1.0.0.aar (androidx.localbroadcastmanager:localbroadcastmanager:1.0.0) with ExtractAarTransform
Transforming localbroadcastmanager-1.0.0.aar (androidx.localbroadcastmanager:localbroadcastmanager:1.0.0) with AarTransform
Caching disabled for AarTransform: /home/runner/.gradle/caches/transforms-3/c41aa6211f038278362612431f3b2a75/transformed/loader-1.0.0 because:
  Build cache is disabled
Skipping AarTransform: /home/runner/.gradle/caches/transforms-3/c41aa6211f038278362612431f3b2a75/transformed/loader-1.0.0 as it is up-to-date.
Caching disabled for AarTransform: /home/runner/.gradle/caches/transforms-3/4320e56db7084d398e120f2ddfe5727a/transformed/customview-1.1.0 because:
  Build cache is disabled
Skipping AarTransform: /home/runner/.gradle/caches/transforms-3/4320e56db7084d398e120f2ddfe5727a/transformed/customview-1.1.0 as it is up-to-date.
Caching disabled for AarTransform: /home/runner/.gradle/caches/transforms-3/808f25e33273cf777e1c687f415f5885/transformed/core-1.12.0 because:
  Build cache is disabled
Skipping AarTransform: /home/runner/.gradle/caches/transforms-3/808f25e33273cf777e1c687f415f5885/transformed/core-1.12.0 as it is up-to-date.
Transforming print-1.0.0.aar (androidx.print:print:1.0.0) with ExtractAarTransform
Transforming print-1.0.0.aar (androidx.print:print:1.0.0) with AarTransform
Caching disabled for AarTransform: /home/runner/.gradle/caches/transforms-3/4298967f6acc46ffbd8f29396e3d06c4/transformed/customview-poolingcontainer-1.0.0 because:
  Build cache is disabled
Skipping AarTransform: /home/runner/.gradle/caches/transforms-3/4298967f6acc46ffbd8f29396e3d06c4/transformed/customview-poolingcontainer-1.0.0 as it is up-to-date.
Caching disabled for AarTransform: /home/runner/.gradle/caches/transforms-3/17f34e4f5c1e51ea128e74741c39f593/transformed/savedstate-1.2.1 because:
  Build cache is disabled
Skipping AarTransform: /home/runner/.gradle/caches/transforms-3/17f34e4f5c1e51ea128e74741c39f593/transformed/savedstate-1.2.1 as it is up-to-date.
Caching disabled for AarTransform: /home/runner/.gradle/caches/transforms-3/bbaf25cabfb9792c37b922dfbcb97824/transformed/lifecycle-process-2.6.1 because:
  Build cache is disabled
Skipping AarTransform: /home/runner/.gradle/caches/transforms-3/bbaf25cabfb9792c37b922dfbcb97824/transformed/lifecycle-process-2.6.1 as it is up-to-date.
Caching disabled for AarTransform: /home/runner/.gradle/caches/transforms-3/86d05be2685b442bcc9b63a26868bacb/transformed/lifecycle-livedata-core-2.6.1 because:
  Build cache is disabled
Skipping AarTransform: /home/runner/.gradle/caches/transforms-3/86d05be2685b442bcc9b63a26868bacb/transformed/lifecycle-livedata-core-2.6.1 as it is up-to-date.
Caching disabled for AarTransform: /home/runner/.gradle/caches/transforms-3/c2126ccf5d73d3bbef6dbaebc9382f7f/transformed/lifecycle-livedata-2.6.1 because:
  Build cache is disabled
Skipping AarTransform: /home/runner/.gradle/caches/transforms-3/c2126ccf5d73d3bbef6dbaebc9382f7f/transformed/lifecycle-livedata-2.6.1 as it is up-to-date.
Caching disabled for AarTransform: /home/runner/.gradle/caches/transforms-3/3b2893d462560264a9bcfbd2c8fd65d5/transformed/lifecycle-viewmodel-2.6.1 because:
  Build cache is disabled
Skipping AarTransform: /home/runner/.gradle/caches/transforms-3/3b2893d462560264a9bcfbd2c8fd65d5/transformed/lifecycle-viewmodel-2.6.1 as it is up-to-date.
Caching disabled for AarTransform: /home/runner/.gradle/caches/transforms-3/63987d2499df7576d8a97c39f548fa4f/transformed/lifecycle-runtime-2.6.1 because:
  Build cache is disabled
Skipping AarTransform: /home/runner/.gradle/caches/transforms-3/63987d2499df7576d8a97c39f548fa4f/transformed/lifecycle-runtime-2.6.1 as it is up-to-date.
Caching disabled for AarTransform: /home/runner/.gradle/caches/transforms-3/31953783a8302f878b5df3a2f79705b4/transformed/core-ktx-1.12.0 because:
  Build cache is disabled
Skipping AarTransform: /home/runner/.gradle/caches/transforms-3/31953783a8302f878b5df3a2f79705b4/transformed/core-ktx-1.12.0 as it is up-to-date.
Caching disabled for AarTransform: /home/runner/.gradle/caches/transforms-3/6decedb3f811a8e5c6494637a3c5b021/transformed/lifecycle-viewmodel-savedstate-2.6.1 because:
  Build cache is disabled
Skipping AarTransform: /home/runner/.gradle/caches/transforms-3/6decedb3f811a8e5c6494637a3c5b021/transformed/lifecycle-viewmodel-savedstate-2.6.1 as it is up-to-date.
Caching disabled for AarTransform: /home/runner/.gradle/caches/transforms-3/26e5df9d5c8be0de7f4f2a523325980b/transformed/annotation-experimental-1.3.0 because:
  Build cache is disabled
Skipping AarTransform: /home/runner/.gradle/caches/transforms-3/26e5df9d5c8be0de7f4f2a523325980b/transformed/annotation-experimental-1.3.0 as it is up-to-date.
Caching disabled for AarTransform: /home/runner/.gradle/caches/transforms-3/700a9d29eb5d6ed248ef23af07b515ba/transformed/interpolator-1.0.0 because:
  Build cache is disabled
Skipping AarTransform: /home/runner/.gradle/caches/transforms-3/700a9d29eb5d6ed248ef23af07b515ba/transformed/interpolator-1.0.0 as it is up-to-date.
Caching disabled for AarTransform: /home/runner/.gradle/caches/transforms-3/85595b34daa86b99eb55492d60a7a8a9/transformed/cursoradapter-1.0.0 because:
  Build cache is disabled
Caching disabled for AarTransform: /home/runner/.gradle/caches/transforms-3/c95c70fe816f2902c8434f722301538d/transformed/versionedparcelable-1.1.1 because:
  Build cache is disabled
Skipping AarTransform: /home/runner/.gradle/caches/transforms-3/85595b34daa86b99eb55492d60a7a8a9/transformed/cursoradapter-1.0.0 as it is up-to-date.
Skipping AarTransform: /home/runner/.gradle/caches/transforms-3/c95c70fe816f2902c8434f722301538d/transformed/versionedparcelable-1.1.1 as it is up-to-date.
Caching disabled for AarTransform: /home/runner/.gradle/caches/transforms-3/6b40b1fdfe34d774252d18b3b2d1b697/transformed/cardview-1.0.0 because:
  Build cache is disabled
Skipping AarTransform: /home/runner/.gradle/caches/transforms-3/6b40b1fdfe34d774252d18b3b2d1b697/transformed/cardview-1.0.0 as it is up-to-date.
Caching disabled for AarTransform: /home/runner/.gradle/caches/transforms-3/06b948aa8b95f6cd30e193c46b0a22d9/transformed/profileinstaller-1.3.0 because:
  Build cache is disabled
Skipping AarTransform: /home/runner/.gradle/caches/transforms-3/06b948aa8b95f6cd30e193c46b0a22d9/transformed/profileinstaller-1.3.0 as it is up-to-date.
Caching disabled for AarTransform: /home/runner/.gradle/caches/transforms-3/b73351ea044fbe66f9eb1c53a9e0a50a/transformed/tracing-1.0.0 because:
  Build cache is disabled
Skipping AarTransform: /home/runner/.gradle/caches/transforms-3/b73351ea044fbe66f9eb1c53a9e0a50a/transformed/tracing-1.0.0 as it is up-to-date.
Caching disabled for AarTransform: /home/runner/.gradle/caches/transforms-3/2adc9403fd118d8e252f9b170b4f2ca1/transformed/core-runtime-2.2.0 because:
  Build cache is disabled
Skipping AarTransform: /home/runner/.gradle/caches/transforms-3/2adc9403fd118d8e252f9b170b4f2ca1/transformed/core-runtime-2.2.0 as it is up-to-date.
Caching disabled for AarTransform: /home/runner/.gradle/caches/transforms-3/4f0091b14e067910e5c7c0d2e3187eeb/transformed/startup-runtime-1.1.1 because:
  Build cache is disabled
Skipping AarTransform: /home/runner/.gradle/caches/transforms-3/4f0091b14e067910e5c7c0d2e3187eeb/transformed/startup-runtime-1.1.1 as it is up-to-date.
Caching disabled for AarTransform: /home/runner/.gradle/caches/transforms-3/eb080d7afa461c0f10965141ae092a48/transformed/documentfile-1.0.0 because:
  Build cache is disabled
Skipping AarTransform: /home/runner/.gradle/caches/transforms-3/eb080d7afa461c0f10965141ae092a48/transformed/documentfile-1.0.0 as it is up-to-date.
Caching disabled for AarTransform: /home/runner/.gradle/caches/transforms-3/17a5fb8b4ee6eb33cfdbc0fc8d60c010/transformed/print-1.0.0 because:
  Build cache is disabled
Skipping AarTransform: /home/runner/.gradle/caches/transforms-3/17a5fb8b4ee6eb33cfdbc0fc8d60c010/transformed/print-1.0.0 as it is up-to-date.
Caching disabled for AarTransform: /home/runner/.gradle/caches/transforms-3/462d1718fdf6da42670951a0d4aa4de2/transformed/localbroadcastmanager-1.0.0 because:
  Build cache is disabled
Skipping AarTransform: /home/runner/.gradle/caches/transforms-3/462d1718fdf6da42670951a0d4aa4de2/transformed/localbroadcastmanager-1.0.0 as it is up-to-date.
Transforming viewbinding-8.2.0.aar (androidx.databinding:viewbinding:8.2.0) with ExtractAarTransform
Transforming viewbinding-8.2.0.aar (androidx.databinding:viewbinding:8.2.0) with AarTransform
Transforming material-1.11.0.aar (com.google.android.material:material:1.11.0) with ExtractAarTransform
Transforming material-1.11.0.aar (com.google.android.material:material:1.11.0) with AarTransform
Transforming constraintlayout-2.1.4.aar (androidx.constraintlayout:constraintlayout:2.1.4) with ExtractAarTransform
Transforming constraintlayout-2.1.4.aar (androidx.constraintlayout:constraintlayout:2.1.4) with AarTransform
Caching disabled for AarTransform: /home/runner/.gradle/caches/transforms-3/4951730462e4aa2a807e0cc6795bcbdc/transformed/viewbinding-8.2.0 because:
  Build cache is disabled
Skipping AarTransform: /home/runner/.gradle/caches/transforms-3/4951730462e4aa2a807e0cc6795bcbdc/transformed/viewbinding-8.2.0 as it is up-to-date.
Transforming appcompat-resources-1.6.1.aar (androidx.appcompat:appcompat-resources:1.6.1) with ExtractAarTransform
Transforming appcompat-resources-1.6.1.aar (androidx.appcompat:appcompat-resources:1.6.1) with AarTransform
Transforming appcompat-1.6.1.aar (androidx.appcompat:appcompat:1.6.1) with ExtractAarTransform
Transforming appcompat-1.6.1.aar (androidx.appcompat:appcompat:1.6.1) with AarTransform
Transforming viewpager2-1.1.0-beta02.aar (androidx.viewpager2:viewpager2:1.1.0-beta02) with ExtractAarTransform
Transforming viewpager2-1.1.0-beta02.aar (androidx.viewpager2:viewpager2:1.1.0-beta02) with AarTransform
Transforming recyclerview-1.3.2.aar (androidx.recyclerview:recyclerview:1.3.2) with ExtractAarTransform
Transforming recyclerview-1.3.2.aar (androidx.recyclerview:recyclerview:1.3.2) with AarTransform
Transforming swiperefreshlayout-1.1.0.aar (androidx.swiperefreshlayout:swiperefreshlayout:1.1.0) with ExtractAarTransform
Transforming swiperefreshlayout-1.1.0.aar (androidx.swiperefreshlayout:swiperefreshlayout:1.1.0) with AarTransform
Transforming emoji2-views-helper-1.2.0.aar (androidx.emoji2:emoji2-views-helper:1.2.0) with ExtractAarTransform
Transforming emoji2-views-helper-1.2.0.aar (androidx.emoji2:emoji2-views-helper:1.2.0) with AarTransform
Transforming emoji2-1.2.0.aar (androidx.emoji2:emoji2:1.2.0) with ExtractAarTransform
Transforming emoji2-1.2.0.aar (androidx.emoji2:emoji2:1.2.0) with AarTransform
Transforming fragment-1.3.6.aar (androidx.fragment:fragment:1.3.6) with ExtractAarTransform
Transforming fragment-1.3.6.aar (androidx.fragment:fragment:1.3.6) with AarTransform
Transforming activity-1.8.0.aar (androidx.activity:activity:1.8.0) with ExtractAarTransform
Transforming activity-1.8.0.aar (androidx.activity:activity:1.8.0) with AarTransform
Transforming drawerlayout-1.1.1.aar (androidx.drawerlayout:drawerlayout:1.1.1) with ExtractAarTransform
Transforming drawerlayout-1.1.1.aar (androidx.drawerlayout:drawerlayout:1.1.1) with AarTransform
Transforming coordinatorlayout-1.1.0.aar (androidx.coordinatorlayout:coordinatorlayout:1.1.0) with ExtractAarTransform
Transforming coordinatorlayout-1.1.0.aar (androidx.coordinatorlayout:coordinatorlayout:1.1.0) with AarTransform
Transforming dynamicanimation-1.0.0.aar (androidx.dynamicanimation:dynamicanimation:1.0.0) with ExtractAarTransform
Transforming dynamicanimation-1.0.0.aar (androidx.dynamicanimation:dynamicanimation:1.0.0) with AarTransform
Transforming transition-1.2.0.aar (androidx.transition:transition:1.2.0) with ExtractAarTransform
Transforming transition-1.2.0.aar (androidx.transition:transition:1.2.0) with AarTransform
Transforming vectordrawable-animated-1.1.0.aar (androidx.vectordrawable:vectordrawable-animated:1.1.0) with ExtractAarTransform
Transforming vectordrawable-animated-1.1.0.aar (androidx.vectordrawable:vectordrawable-animated:1.1.0) with AarTransform
Transforming vectordrawable-1.1.0.aar (androidx.vectordrawable:vectordrawable:1.1.0) with ExtractAarTransform
Transforming vectordrawable-1.1.0.aar (androidx.vectordrawable:vectordrawable:1.1.0) with AarTransform
Transforming vectordrawable-1.1.0.aar (androidx.vectordrawable:vectordrawable:1.1.0) with ExtractAarTransform
Transforming vectordrawable-1.1.0.aar (androidx.vectordrawable:vectordrawable:1.1.0) with AarTransform
Transforming viewpager-1.0.0.aar (androidx.viewpager:viewpager:1.0.0) with ExtractAarTransform
Transforming viewpager-1.0.0.aar (androidx.viewpager:viewpager:1.0.0) with AarTransform
Transforming legacy-support-core-utils-1.0.0.aar (androidx.legacy:legacy-support-core-utils:1.0.0) with ExtractAarTransform
Transforming legacy-support-core-utils-1.0.0.aar (androidx.legacy:legacy-support-core-utils:1.0.0) with AarTransform
Caching disabled for AarTransform: /home/runner/.gradle/caches/transforms-3/fcbc5d16c187e197fa242b722ddc8c8e/transformed/material-1.11.0 because:
  Build cache is disabled
Caching disabled for AarTransform: /home/runner/.gradle/caches/transforms-3/0e550df2fa61053f1941b07cd6f157b4/transformed/constraintlayout-2.1.4 because:
  Build cache is disabled
Caching disabled for AarTransform: /home/runner/.gradle/caches/transforms-3/79ee736083e8993774bf9266626bb52f/transformed/appcompat-resources-1.6.1 because:
  Build cache is disabled
Skipping AarTransform: /home/runner/.gradle/caches/transforms-3/0e550df2fa61053f1941b07cd6f157b4/transformed/constraintlayout-2.1.4 as it is up-to-date.
Skipping AarTransform: /home/runner/.gradle/caches/transforms-3/79ee736083e8993774bf9266626bb52f/transformed/appcompat-resources-1.6.1 as it is up-to-date.
Skipping AarTransform: /home/runner/.gradle/caches/transforms-3/fcbc5d16c187e197fa242b722ddc8c8e/transformed/material-1.11.0 as it is up-to-date.
Caching disabled for AarTransform: /home/runner/.gradle/caches/transforms-3/8891375a1bc91bb710ffef89177105ad/transformed/appcompat-1.6.1 because:
  Build cache is disabled
Skipping AarTransform: /home/runner/.gradle/caches/transforms-3/8891375a1bc91bb710ffef89177105ad/transformed/appcompat-1.6.1 as it is up-to-date.
Caching disabled for AarTransform: /home/runner/.gradle/caches/transforms-3/ef3c88ef6515e9e7721cc239e96a1477/transformed/viewpager2-1.1.0-beta02 because:
  Build cache is disabled
Skipping AarTransform: /home/runner/.gradle/caches/transforms-3/ef3c88ef6515e9e7721cc239e96a1477/transformed/viewpager2-1.1.0-beta02 as it is up-to-date.
Transforming loader-1.0.0.aar (androidx.loader:loader:1.0.0) with ExtractAarTransform
Transforming loader-1.0.0.aar (androidx.loader:loader:1.0.0) with AarTransform
Transforming loader-1.0.0.aar (androidx.loader:loader:1.0.0) with ExtractAarTransform
Transforming loader-1.0.0.aar (androidx.loader:loader:1.0.0) with AarTransform
Transforming customview-1.1.0.aar (androidx.customview:customview:1.1.0) with ExtractAarTransform
Transforming customview-1.1.0.aar (androidx.customview:customview:1.1.0) with AarTransform
Transforming customview-1.1.0.aar (androidx.customview:customview:1.1.0) with ExtractAarTransform
Transforming customview-1.1.0.aar (androidx.customview:customview:1.1.0) with AarTransform
Transforming customview-1.1.0.aar (androidx.customview:customview:1.1.0) with ExtractAarTransform
Transforming customview-1.1.0.aar (androidx.customview:customview:1.1.0) with AarTransform
Transforming customview-1.1.0.aar (androidx.customview:customview:1.1.0) with ExtractAarTransform
Transforming customview-1.1.0.aar (androidx.customview:customview:1.1.0) with AarTransform
Transforming core-1.12.0.aar (androidx.core:core:1.12.0) with ExtractAarTransform
Transforming core-1.12.0.aar (androidx.core:core:1.12.0) with AarTransform
Transforming core-1.12.0.aar (androidx.core:core:1.12.0) with ExtractAarTransform
Transforming core-1.12.0.aar (androidx.core:core:1.12.0) with AarTransform
Transforming core-1.12.0.aar (androidx.core:core:1.12.0) with ExtractAarTransform
Transforming core-1.12.0.aar (androidx.core:core:1.12.0) with AarTransform
Transforming core-1.12.0.aar (androidx.core:core:1.12.0) with ExtractAarTransform
Transforming core-1.12.0.aar (androidx.core:core:1.12.0) with AarTransform
Transforming core-1.12.0.aar (androidx.core:core:1.12.0) with ExtractAarTransform
Transforming core-1.12.0.aar (androidx.core:core:1.12.0) with AarTransform
Transforming core-1.12.0.aar (androidx.core:core:1.12.0) with ExtractAarTransform
Transforming core-1.12.0.aar (androidx.core:core:1.12.0) with AarTransform
Transforming core-1.12.0.aar (androidx.core:core:1.12.0) with ExtractAarTransform
Transforming core-1.12.0.aar (androidx.core:core:1.12.0) with AarTransform
Transforming core-1.12.0.aar (androidx.core:core:1.12.0) with ExtractAarTransform
Transforming core-1.12.0.aar (androidx.core:core:1.12.0) with AarTransform
Transforming core-1.12.0.aar (androidx.core:core:1.12.0) with ExtractAarTransform
Transforming core-1.12.0.aar (androidx.core:core:1.12.0) with AarTransform
Caching disabled for AarTransform: /home/runner/.gradle/caches/transforms-3/495758042ca0f5607c8580195051b518/transformed/recyclerview-1.3.2 because:
  Build cache is disabled
Skipping AarTransform: /home/runner/.gradle/caches/transforms-3/495758042ca0f5607c8580195051b518/transformed/recyclerview-1.3.2 as it is up-to-date.
Caching disabled for AarTransform: /home/runner/.gradle/caches/transforms-3/fb9e1b54ba0efe65bdd35d97e1779167/transformed/swiperefreshlayout-1.1.0 because:
  Build cache is disabled
Skipping AarTransform: /home/runner/.gradle/caches/transforms-3/fb9e1b54ba0efe65bdd35d97e1779167/transformed/swiperefreshlayout-1.1.0 as it is up-to-date.
Caching disabled for AarTransform: /home/runner/.gradle/caches/transforms-3/24fea28165bee96d432f2f0f4cae841e/transformed/emoji2-views-helper-1.2.0 because:
  Build cache is disabled
Skipping AarTransform: /home/runner/.gradle/caches/transforms-3/24fea28165bee96d432f2f0f4cae841e/transformed/emoji2-views-helper-1.2.0 as it is up-to-date.
Caching disabled for AarTransform: /home/runner/.gradle/caches/transforms-3/e90553fe079c912af51466fd36ee000d/transformed/emoji2-1.2.0 because:
  Build cache is disabled
Skipping AarTransform: /home/runner/.gradle/caches/transforms-3/e90553fe079c912af51466fd36ee000d/transformed/emoji2-1.2.0 as it is up-to-date.
Caching disabled for AarTransform: /home/runner/.gradle/caches/transforms-3/98aa3d885528e6c6aa8a5d42934f35b0/transformed/fragment-1.3.6 because:
  Build cache is disabled
Skipping AarTransform: /home/runner/.gradle/caches/transforms-3/98aa3d885528e6c6aa8a5d42934f35b0/transformed/fragment-1.3.6 as it is up-to-date.
Transforming core-1.12.0.aar (androidx.core:core:1.12.0) with ExtractAarTransform
Transforming core-1.12.0.aar (androidx.core:core:1.12.0) with AarTransform
Transforming core-1.12.0.aar (androidx.core:core:1.12.0) with ExtractAarTransform
Transforming core-1.12.0.aar (androidx.core:core:1.12.0) with AarTransform
Transforming customview-poolingcontainer-1.0.0.aar (androidx.customview:customview-poolingcontainer:1.0.0) with ExtractAarTransform
Transforming customview-poolingcontainer-1.0.0.aar (androidx.customview:customview-poolingcontainer:1.0.0) with AarTransform
Transforming savedstate-1.2.1.aar (androidx.savedstate:savedstate:1.2.1) with ExtractAarTransform
Transforming savedstate-1.2.1.aar (androidx.savedstate:savedstate:1.2.1) with AarTransform
Transforming lifecycle-process-2.6.1.aar (androidx.lifecycle:lifecycle-process:2.6.1) with ExtractAarTransform
Transforming lifecycle-process-2.6.1.aar (androidx.lifecycle:lifecycle-process:2.6.1) with AarTransform
Caching disabled for AarTransform: /home/runner/.gradle/caches/transforms-3/2b0c27ad856b62a1c7d8311931eca41e/transformed/activity-1.8.0 because:
  Build cache is disabled
Skipping AarTransform: /home/runner/.gradle/caches/transforms-3/2b0c27ad856b62a1c7d8311931eca41e/transformed/activity-1.8.0 as it is up-to-date.
Caching disabled for AarTransform: /home/runner/.gradle/caches/transforms-3/156662c0446d88703be71c5ea85394ee/transformed/coordinatorlayout-1.1.0 because:
  Build cache is disabled
Skipping AarTransform: /home/runner/.gradle/caches/transforms-3/156662c0446d88703be71c5ea85394ee/transformed/coordinatorlayout-1.1.0 as it is up-to-date.
Transforming lifecycle-livedata-core-2.6.1.aar (androidx.lifecycle:lifecycle-livedata-core:2.6.1) with ExtractAarTransform
Transforming lifecycle-livedata-core-2.6.1.aar (androidx.lifecycle:lifecycle-livedata-core:2.6.1) with AarTransform
Transforming lifecycle-livedata-2.6.1.aar (androidx.lifecycle:lifecycle-livedata:2.6.1) with ExtractAarTransform
Transforming lifecycle-livedata-2.6.1.aar (androidx.lifecycle:lifecycle-livedata:2.6.1) with AarTransform
Transforming lifecycle-viewmodel-2.6.1.aar (androidx.lifecycle:lifecycle-viewmodel:2.6.1) with ExtractAarTransform
Transforming lifecycle-viewmodel-2.6.1.aar (androidx.lifecycle:lifecycle-viewmodel:2.6.1) with AarTransform
Transforming lifecycle-viewmodel-2.6.1.aar (androidx.lifecycle:lifecycle-viewmodel:2.6.1) with ExtractAarTransform
Transforming lifecycle-viewmodel-2.6.1.aar (androidx.lifecycle:lifecycle-viewmodel:2.6.1) with AarTransform
Transforming lifecycle-runtime-2.6.1.aar (androidx.lifecycle:lifecycle-runtime:2.6.1) with ExtractAarTransform
Transforming lifecycle-runtime-2.6.1.aar (androidx.lifecycle:lifecycle-runtime:2.6.1) with AarTransform
Transforming lifecycle-viewmodel-savedstate-2.6.1.aar (androidx.lifecycle:lifecycle-viewmodel-savedstate:2.6.1) with ExtractAarTransform
Transforming lifecycle-viewmodel-savedstate-2.6.1.aar (androidx.lifecycle:lifecycle-viewmodel-savedstate:2.6.1) with AarTransform
Transforming core-ktx-1.12.0.aar (androidx.core:core-ktx:1.12.0) with ExtractAarTransform
Transforming core-ktx-1.12.0.aar (androidx.core:core-ktx:1.12.0) with AarTransform
Transforming annotation-experimental-1.3.0.aar (androidx.annotation:annotation-experimental:1.3.0) with ExtractAarTransform
Transforming annotation-experimental-1.3.0.aar (androidx.annotation:annotation-experimental:1.3.0) with AarTransform
Transforming cursoradapter-1.0.0.aar (androidx.cursoradapter:cursoradapter:1.0.0) with ExtractAarTransform
Transforming cursoradapter-1.0.0.aar (androidx.cursoradapter:cursoradapter:1.0.0) with AarTransform
Transforming cardview-1.0.0.aar (androidx.cardview:cardview:1.0.0) with ExtractAarTransform
Caching disabled for AarTransform: /home/runner/.gradle/caches/transforms-3/c8e7935bfeb3ccd2bcea2405a871ec17/transformed/transition-1.2.0 because:
  Build cache is disabled
Caching disabled for AarTransform: /home/runner/.gradle/caches/transforms-3/0666601880932e5ea304de5d3e90f0e6/transformed/drawerlayout-1.1.1 because:
  Build cache is disabled
Caching disabled for AarTransform: /home/runner/.gradle/caches/transforms-3/05776c6eb0b3562d3211ec5fa23e80fc/transformed/dynamicanimation-1.0.0 because:
  Build cache is disabled
Skipping AarTransform: /home/runner/.gradle/caches/transforms-3/0666601880932e5ea304de5d3e90f0e6/transformed/drawerlayout-1.1.1 as it is up-to-date.
Skipping AarTransform: /home/runner/.gradle/caches/transforms-3/05776c6eb0b3562d3211ec5fa23e80fc/transformed/dynamicanimation-1.0.0 as it is up-to-date.
Transforming cardview-1.0.0.aar (androidx.cardview:cardview:1.0.0) with AarTransform
Transforming interpolator-1.0.0.aar (androidx.interpolator:interpolator:1.0.0) with ExtractAarTransform
Transforming interpolator-1.0.0.aar (androidx.interpolator:interpolator:1.0.0) with AarTransform
Transforming interpolator-1.0.0.aar (androidx.interpolator:interpolator:1.0.0) with ExtractAarTransform
Transforming interpolator-1.0.0.aar (androidx.interpolator:interpolator:1.0.0) with AarTransform
Transforming interpolator-1.0.0.aar (androidx.interpolator:interpolator:1.0.0) with ExtractAarTransform
Transforming interpolator-1.0.0.aar (androidx.interpolator:interpolator:1.0.0) with AarTransform
Transforming versionedparcelable-1.1.1.aar (androidx.versionedparcelable:versionedparcelable:1.1.1) with ExtractAarTransform
Transforming versionedparcelable-1.1.1.aar (androidx.versionedparcelable:versionedparcelable:1.1.1) with AarTransform
Transforming profileinstaller-1.3.0.aar (androidx.profileinstaller:profileinstaller:1.3.0) with ExtractAarTransform
Transforming profileinstaller-1.3.0.aar (androidx.profileinstaller:profileinstaller:1.3.0) with AarTransform
Transforming startup-runtime-1.1.1.aar (androidx.startup:startup-runtime:1.1.1) with ExtractAarTransform
Transforming startup-runtime-1.1.1.aar (androidx.startup:startup-runtime:1.1.1) with AarTransform
Transforming tracing-1.0.0.aar (androidx.tracing:tracing:1.0.0) with ExtractAarTransform
Transforming tracing-1.0.0.aar (androidx.tracing:tracing:1.0.0) with AarTransform
Transforming core-runtime-2.2.0.aar (androidx.arch.core:core-runtime:2.2.0) with ExtractAarTransform
Transforming core-runtime-2.2.0.aar (androidx.arch.core:core-runtime:2.2.0) with AarTransform
Transforming documentfile-1.0.0.aar (androidx.documentfile:documentfile:1.0.0) with ExtractAarTransform
Transforming documentfile-1.0.0.aar (androidx.documentfile:documentfile:1.0.0) with AarTransform
Transforming localbroadcastmanager-1.0.0.aar (androidx.localbroadcastmanager:localbroadcastmanager:1.0.0) with ExtractAarTransform
Transforming localbroadcastmanager-1.0.0.aar (androidx.localbroadcastmanager:localbroadcastmanager:1.0.0) with AarTransform
Transforming print-1.0.0.aar (androidx.print:print:1.0.0) with ExtractAarTransform
Transforming print-1.0.0.aar (androidx.print:print:1.0.0) with AarTransform
Caching disabled for AarTransform: /home/runner/.gradle/caches/transforms-3/ae03016e9ee2406e676083e1778780bf/transformed/vectordrawable-1.1.0 because:
  Build cache is disabled
Skipping AarTransform: /home/runner/.gradle/caches/transforms-3/ae03016e9ee2406e676083e1778780bf/transformed/vectordrawable-1.1.0 as it is up-to-date.
Caching disabled for AarTransform: /home/runner/.gradle/caches/transforms-3/fbcbdd756e1eccc113c0c4ba3d916f6b/transformed/vectordrawable-animated-1.1.0 because:
  Build cache is disabled
Skipping AarTransform: /home/runner/.gradle/caches/transforms-3/fbcbdd756e1eccc113c0c4ba3d916f6b/transformed/vectordrawable-animated-1.1.0 as it is up-to-date.
Skipping AarTransform: /home/runner/.gradle/caches/transforms-3/c8e7935bfeb3ccd2bcea2405a871ec17/transformed/transition-1.2.0 as it is up-to-date.
Caching disabled for AarTransform: /home/runner/.gradle/caches/transforms-3/da9c554f0858b46344cb064b99f6470b/transformed/viewpager-1.0.0 because:
  Build cache is disabled
Skipping AarTransform: /home/runner/.gradle/caches/transforms-3/da9c554f0858b46344cb064b99f6470b/transformed/viewpager-1.0.0 as it is up-to-date.
Caching disabled for AarTransform: /home/runner/.gradle/caches/transforms-3/b4480a3418263b41508d46c8c5ca8cd8/transformed/legacy-support-core-utils-1.0.0 because:
  Build cache is disabled
Skipping AarTransform: /home/runner/.gradle/caches/transforms-3/b4480a3418263b41508d46c8c5ca8cd8/transformed/legacy-support-core-utils-1.0.0 as it is up-to-date.
Caching disabled for AarTransform: /home/runner/.gradle/caches/transforms-3/c41aa6211f038278362612431f3b2a75/transformed/loader-1.0.0 because:
  Build cache is disabled
Skipping AarTransform: /home/runner/.gradle/caches/transforms-3/c41aa6211f038278362612431f3b2a75/transformed/loader-1.0.0 as it is up-to-date.
Caching disabled for AarTransform: /home/runner/.gradle/caches/transforms-3/4320e56db7084d398e120f2ddfe5727a/transformed/customview-1.1.0 because:
  Build cache is disabled
Skipping AarTransform: /home/runner/.gradle/caches/transforms-3/4320e56db7084d398e120f2ddfe5727a/transformed/customview-1.1.0 as it is up-to-date.
Caching disabled for AarTransform: /home/runner/.gradle/caches/transforms-3/808f25e33273cf777e1c687f415f5885/transformed/core-1.12.0 because:
  Build cache is disabled
Skipping AarTransform: /home/runner/.gradle/caches/transforms-3/808f25e33273cf777e1c687f415f5885/transformed/core-1.12.0 as it is up-to-date.
Caching disabled for AarTransform: /home/runner/.gradle/caches/transforms-3/17f34e4f5c1e51ea128e74741c39f593/transformed/savedstate-1.2.1 because:
  Build cache is disabled
Skipping AarTransform: /home/runner/.gradle/caches/transforms-3/17f34e4f5c1e51ea128e74741c39f593/transformed/savedstate-1.2.1 as it is up-to-date.
Caching disabled for AarTransform: /home/runner/.gradle/caches/transforms-3/bbaf25cabfb9792c37b922dfbcb97824/transformed/lifecycle-process-2.6.1 because:
  Build cache is disabled
Skipping AarTransform: /home/runner/.gradle/caches/transforms-3/bbaf25cabfb9792c37b922dfbcb97824/transformed/lifecycle-process-2.6.1 as it is up-to-date.
Caching disabled for AarTransform: /home/runner/.gradle/caches/transforms-3/4298967f6acc46ffbd8f29396e3d06c4/transformed/customview-poolingcontainer-1.0.0 because:
  Build cache is disabled
Skipping AarTransform: /home/runner/.gradle/caches/transforms-3/4298967f6acc46ffbd8f29396e3d06c4/transformed/customview-poolingcontainer-1.0.0 as it is up-to-date.
Caching disabled for AarTransform: /home/runner/.gradle/caches/transforms-3/c2126ccf5d73d3bbef6dbaebc9382f7f/transformed/lifecycle-livedata-2.6.1 because:
  Build cache is disabled
Caching disabled for AarTransform: /home/runner/.gradle/caches/transforms-3/86d05be2685b442bcc9b63a26868bacb/transformed/lifecycle-livedata-core-2.6.1 because:
  Build cache is disabled
Skipping AarTransform: /home/runner/.gradle/caches/transforms-3/c2126ccf5d73d3bbef6dbaebc9382f7f/transformed/lifecycle-livedata-2.6.1 as it is up-to-date.
Skipping AarTransform: /home/runner/.gradle/caches/transforms-3/86d05be2685b442bcc9b63a26868bacb/transformed/lifecycle-livedata-core-2.6.1 as it is up-to-date.
Caching disabled for AarTransform: /home/runner/.gradle/caches/transforms-3/3b2893d462560264a9bcfbd2c8fd65d5/transformed/lifecycle-viewmodel-2.6.1 because:
  Build cache is disabled
Skipping AarTransform: /home/runner/.gradle/caches/transforms-3/3b2893d462560264a9bcfbd2c8fd65d5/transformed/lifecycle-viewmodel-2.6.1 as it is up-to-date.
Caching disabled for AarTransform: /home/runner/.gradle/caches/transforms-3/63987d2499df7576d8a97c39f548fa4f/transformed/lifecycle-runtime-2.6.1 because:
  Build cache is disabled
Skipping AarTransform: /home/runner/.gradle/caches/transforms-3/63987d2499df7576d8a97c39f548fa4f/transformed/lifecycle-runtime-2.6.1 as it is up-to-date.
Caching disabled for AarTransform: /home/runner/.gradle/caches/transforms-3/85595b34daa86b99eb55492d60a7a8a9/transformed/cursoradapter-1.0.0 because:
  Build cache is disabled
Skipping AarTransform: /home/runner/.gradle/caches/transforms-3/85595b34daa86b99eb55492d60a7a8a9/transformed/cursoradapter-1.0.0 as it is up-to-date.
Caching disabled for AarTransform: /home/runner/.gradle/caches/transforms-3/26e5df9d5c8be0de7f4f2a523325980b/transformed/annotation-experimental-1.3.0 because:
  Build cache is disabled
Skipping AarTransform: /home/runner/.gradle/caches/transforms-3/26e5df9d5c8be0de7f4f2a523325980b/transformed/annotation-experimental-1.3.0 as it is up-to-date.
Caching disabled for AarTransform: /home/runner/.gradle/caches/transforms-3/6decedb3f811a8e5c6494637a3c5b021/transformed/lifecycle-viewmodel-savedstate-2.6.1 because:
  Build cache is disabled
Caching disabled for AarTransform: /home/runner/.gradle/caches/transforms-3/6b40b1fdfe34d774252d18b3b2d1b697/transformed/cardview-1.0.0 because:
  Build cache is disabled
Skipping AarTransform: /home/runner/.gradle/caches/transforms-3/6b40b1fdfe34d774252d18b3b2d1b697/transformed/cardview-1.0.0 as it is up-to-date.
Skipping AarTransform: /home/runner/.gradle/caches/transforms-3/6decedb3f811a8e5c6494637a3c5b021/transformed/lifecycle-viewmodel-savedstate-2.6.1 as it is up-to-date.
Caching disabled for AarTransform: /home/runner/.gradle/caches/transforms-3/31953783a8302f878b5df3a2f79705b4/transformed/core-ktx-1.12.0 because:
  Build cache is disabled
Skipping AarTransform: /home/runner/.gradle/caches/transforms-3/31953783a8302f878b5df3a2f79705b4/transformed/core-ktx-1.12.0 as it is up-to-date.
Caching disabled for AarTransform: /home/runner/.gradle/caches/transforms-3/700a9d29eb5d6ed248ef23af07b515ba/transformed/interpolator-1.0.0 because:
  Build cache is disabled
Skipping AarTransform: /home/runner/.gradle/caches/transforms-3/700a9d29eb5d6ed248ef23af07b515ba/transformed/interpolator-1.0.0 as it is up-to-date.
Caching disabled for AarTransform: /home/runner/.gradle/caches/transforms-3/4f0091b14e067910e5c7c0d2e3187eeb/transformed/startup-runtime-1.1.1 because:
  Build cache is disabled
Skipping AarTransform: /home/runner/.gradle/caches/transforms-3/4f0091b14e067910e5c7c0d2e3187eeb/transformed/startup-runtime-1.1.1 as it is up-to-date.
Caching disabled for AarTransform: /home/runner/.gradle/caches/transforms-3/06b948aa8b95f6cd30e193c46b0a22d9/transformed/profileinstaller-1.3.0 because:
  Build cache is disabled
Skipping AarTransform: /home/runner/.gradle/caches/transforms-3/06b948aa8b95f6cd30e193c46b0a22d9/transformed/profileinstaller-1.3.0 as it is up-to-date.
Caching disabled for AarTransform: /home/runner/.gradle/caches/transforms-3/eb080d7afa461c0f10965141ae092a48/transformed/documentfile-1.0.0 because:
  Build cache is disabled
Skipping AarTransform: /home/runner/.gradle/caches/transforms-3/eb080d7afa461c0f10965141ae092a48/transformed/documentfile-1.0.0 as it is up-to-date.
Caching disabled for AarTransform: /home/runner/.gradle/caches/transforms-3/c95c70fe816f2902c8434f722301538d/transformed/versionedparcelable-1.1.1 because:
  Build cache is disabled
Caching disabled for AarTransform: /home/runner/.gradle/caches/transforms-3/b73351ea044fbe66f9eb1c53a9e0a50a/transformed/tracing-1.0.0 because:
  Build cache is disabled
Skipping AarTransform: /home/runner/.gradle/caches/transforms-3/c95c70fe816f2902c8434f722301538d/transformed/versionedparcelable-1.1.1 as it is up-to-date.
Skipping AarTransform: /home/runner/.gradle/caches/transforms-3/b73351ea044fbe66f9eb1c53a9e0a50a/transformed/tracing-1.0.0 as it is up-to-date.
Caching disabled for AarTransform: /home/runner/.gradle/caches/transforms-3/2adc9403fd118d8e252f9b170b4f2ca1/transformed/core-runtime-2.2.0 because:
  Build cache is disabled
Skipping AarTransform: /home/runner/.gradle/caches/transforms-3/2adc9403fd118d8e252f9b170b4f2ca1/transformed/core-runtime-2.2.0 as it is up-to-date.
Caching disabled for AarTransform: /home/runner/.gradle/caches/transforms-3/17a5fb8b4ee6eb33cfdbc0fc8d60c010/transformed/print-1.0.0 because:
  Build cache is disabled
Caching disabled for AarTransform: /home/runner/.gradle/caches/transforms-3/462d1718fdf6da42670951a0d4aa4de2/transformed/localbroadcastmanager-1.0.0 because:
  Build cache is disabled
Skipping AarTransform: /home/runner/.gradle/caches/transforms-3/17a5fb8b4ee6eb33cfdbc0fc8d60c010/transformed/print-1.0.0 as it is up-to-date.
Skipping AarTransform: /home/runner/.gradle/caches/transforms-3/462d1718fdf6da42670951a0d4aa4de2/transformed/localbroadcastmanager-1.0.0 as it is up-to-date.
Caching disabled for task ':app:processDebugMainManifest' because:
  Build cache is disabled
Skipping task ':app:processDebugMainManifest' as it is up-to-date.
Resolve mutations for :app:processDebugManifest (Thread[Execution worker,5,main]) started.
:app:processDebugManifest (Thread[Execution worker Thread 3,5,main]) started.

> Task :app:processDebugManifest UP-TO-DATE
Watching 170 directories to track changes
Caching disabled for task ':app:processDebugManifest' because:
  Build cache is disabled
Skipping task ':app:processDebugManifest' as it is up-to-date.
Resolve mutations for :app:processDebugManifestForPackage (Thread[Execution worker Thread 3,5,main]) started.
:app:processDebugManifestForPackage (Thread[Execution worker Thread 3,5,main]) started.

> Task :app:processDebugManifestForPackage UP-TO-DATE
Watching 171 directories to track changes
Caching disabled for task ':app:processDebugManifestForPackage' because:
  Build cache is disabled
Skipping task ':app:processDebugManifestForPackage' as it is up-to-date.
Resolve mutations for :app:processDebugResources (Thread[Execution worker Thread 3,5,main]) started.
:app:processDebugResources (Thread[Execution worker,5,main]) started.

> Task :app:processDebugResources UP-TO-DATE
Watching 172 directories to track changes
Watching 173 directories to track changes
Watching 174 directories to track changes
Watching 175 directories to track changes
Watching 176 directories to track changes
Transforming aapt2-8.2.0-10154469-linux.jar (com.android.tools.build:aapt2:8.2.0-10154469) with Aapt2Extractor
Caching disabled for Aapt2Extractor: /home/runner/.gradle/caches/modules-2/files-2.1/com.android.tools.build/aapt2/8.2.0-10154469/5b075efacc43be82d5d2a9ddf6430cac25c3f2ec/aapt2-8.2.0-10154469-linux.jar because:
  Build cache is disabled
Skipping Aapt2Extractor: /home/runner/.gradle/caches/modules-2/files-2.1/com.android.tools.build/aapt2/8.2.0-10154469/5b075efacc43be82d5d2a9ddf6430cac25c3f2ec/aapt2-8.2.0-10154469-linux.jar as it is up-to-date.
Transforming viewbinding-8.2.0.aar (androidx.databinding:viewbinding:8.2.0) with ExtractAarTransform
Transforming viewbinding-8.2.0.aar (androidx.databinding:viewbinding:8.2.0) with AarResourcesCompilerTransform
Transforming material-1.11.0.aar (com.google.android.material:material:1.11.0) with ExtractAarTransform
Transforming material-1.11.0.aar (com.google.android.material:material:1.11.0) with AarResourcesCompilerTransform
Transforming constraintlayout-2.1.4.aar (androidx.constraintlayout:constraintlayout:2.1.4) with ExtractAarTransform
Transforming constraintlayout-2.1.4.aar (androidx.constraintlayout:constraintlayout:2.1.4) with AarResourcesCompilerTransform
Caching disabled for AarResourcesCompilerTransform: /home/runner/.gradle/caches/transforms-3/4951730462e4aa2a807e0cc6795bcbdc/transformed/viewbinding-8.2.0 because:
  Build cache is disabled
Skipping AarResourcesCompilerTransform: /home/runner/.gradle/caches/transforms-3/4951730462e4aa2a807e0cc6795bcbdc/transformed/viewbinding-8.2.0 as it is up-to-date.
Transforming appcompat-resources-1.6.1.aar (androidx.appcompat:appcompat-resources:1.6.1) with ExtractAarTransform
Transforming appcompat-resources-1.6.1.aar (androidx.appcompat:appcompat-resources:1.6.1) with AarResourcesCompilerTransform
Transforming appcompat-1.6.1.aar (androidx.appcompat:appcompat:1.6.1) with ExtractAarTransform
Transforming appcompat-1.6.1.aar (androidx.appcompat:appcompat:1.6.1) with AarResourcesCompilerTransform
Transforming viewpager2-1.1.0-beta02.aar (androidx.viewpager2:viewpager2:1.1.0-beta02) with ExtractAarTransform
Transforming viewpager2-1.1.0-beta02.aar (androidx.viewpager2:viewpager2:1.1.0-beta02) with AarResourcesCompilerTransform
Transforming recyclerview-1.3.2.aar (androidx.recyclerview:recyclerview:1.3.2) with ExtractAarTransform
Transforming recyclerview-1.3.2.aar (androidx.recyclerview:recyclerview:1.3.2) with AarResourcesCompilerTransform
Transforming swiperefreshlayout-1.1.0.aar (androidx.swiperefreshlayout:swiperefreshlayout:1.1.0) with ExtractAarTransform
Transforming swiperefreshlayout-1.1.0.aar (androidx.swiperefreshlayout:swiperefreshlayout:1.1.0) with AarResourcesCompilerTransform
Transforming emoji2-views-helper-1.2.0.aar (androidx.emoji2:emoji2-views-helper:1.2.0) with ExtractAarTransform
Transforming emoji2-views-helper-1.2.0.aar (androidx.emoji2:emoji2-views-helper:1.2.0) with AarResourcesCompilerTransform
Transforming emoji2-1.2.0.aar (androidx.emoji2:emoji2:1.2.0) with ExtractAarTransform
Transforming emoji2-1.2.0.aar (androidx.emoji2:emoji2:1.2.0) with AarResourcesCompilerTransform
Transforming fragment-1.3.6.aar (androidx.fragment:fragment:1.3.6) with ExtractAarTransform
Transforming fragment-1.3.6.aar (androidx.fragment:fragment:1.3.6) with AarResourcesCompilerTransform
Transforming activity-1.8.0.aar (androidx.activity:activity:1.8.0) with ExtractAarTransform
Transforming activity-1.8.0.aar (androidx.activity:activity:1.8.0) with AarResourcesCompilerTransform
Transforming drawerlayout-1.1.1.aar (androidx.drawerlayout:drawerlayout:1.1.1) with ExtractAarTransform
Transforming drawerlayout-1.1.1.aar (androidx.drawerlayout:drawerlayout:1.1.1) with AarResourcesCompilerTransform
Transforming coordinatorlayout-1.1.0.aar (androidx.coordinatorlayout:coordinatorlayout:1.1.0) with ExtractAarTransform
Transforming coordinatorlayout-1.1.0.aar (androidx.coordinatorlayout:coordinatorlayout:1.1.0) with AarResourcesCompilerTransform
Transforming dynamicanimation-1.0.0.aar (androidx.dynamicanimation:dynamicanimation:1.0.0) with ExtractAarTransform
Transforming dynamicanimation-1.0.0.aar (androidx.dynamicanimation:dynamicanimation:1.0.0) with AarResourcesCompilerTransform
Transforming transition-1.2.0.aar (androidx.transition:transition:1.2.0) with ExtractAarTransform
Transforming transition-1.2.0.aar (androidx.transition:transition:1.2.0) with AarResourcesCompilerTransform
Transforming vectordrawable-animated-1.1.0.aar (androidx.vectordrawable:vectordrawable-animated:1.1.0) with ExtractAarTransform
Transforming vectordrawable-animated-1.1.0.aar (androidx.vectordrawable:vectordrawable-animated:1.1.0) with AarResourcesCompilerTransform
Transforming vectordrawable-1.1.0.aar (androidx.vectordrawable:vectordrawable:1.1.0) with ExtractAarTransform
Transforming vectordrawable-1.1.0.aar (androidx.vectordrawable:vectordrawable:1.1.0) with AarResourcesCompilerTransform
Transforming vectordrawable-1.1.0.aar (androidx.vectordrawable:vectordrawable:1.1.0) with ExtractAarTransform
Transforming vectordrawable-1.1.0.aar (androidx.vectordrawable:vectordrawable:1.1.0) with AarResourcesCompilerTransform
Transforming viewpager-1.0.0.aar (androidx.viewpager:viewpager:1.0.0) with ExtractAarTransform
Transforming viewpager-1.0.0.aar (androidx.viewpager:viewpager:1.0.0) with AarResourcesCompilerTransform
Transforming legacy-support-core-utils-1.0.0.aar (androidx.legacy:legacy-support-core-utils:1.0.0) with ExtractAarTransform
Transforming legacy-support-core-utils-1.0.0.aar (androidx.legacy:legacy-support-core-utils:1.0.0) with AarResourcesCompilerTransform
Transforming loader-1.0.0.aar (androidx.loader:loader:1.0.0) with ExtractAarTransform
Transforming loader-1.0.0.aar (androidx.loader:loader:1.0.0) with AarResourcesCompilerTransform
Transforming loader-1.0.0.aar (androidx.loader:loader:1.0.0) with ExtractAarTransform
Transforming loader-1.0.0.aar (androidx.loader:loader:1.0.0) with AarResourcesCompilerTransform
Transforming customview-1.1.0.aar (androidx.customview:customview:1.1.0) with ExtractAarTransform
Transforming customview-1.1.0.aar (androidx.customview:customview:1.1.0) with AarResourcesCompilerTransform
Transforming customview-1.1.0.aar (androidx.customview:customview:1.1.0) with ExtractAarTransform
Transforming customview-1.1.0.aar (androidx.customview:customview:1.1.0) with AarResourcesCompilerTransform
Transforming customview-1.1.0.aar (androidx.customview:customview:1.1.0) with ExtractAarTransform
Transforming customview-1.1.0.aar (androidx.customview:customview:1.1.0) with AarResourcesCompilerTransform
Transforming customview-1.1.0.aar (androidx.customview:customview:1.1.0) with ExtractAarTransform
Transforming customview-1.1.0.aar (androidx.customview:customview:1.1.0) with AarResourcesCompilerTransform
Transforming core-1.12.0.aar (androidx.core:core:1.12.0) with ExtractAarTransform
Transforming core-1.12.0.aar (androidx.core:core:1.12.0) with AarResourcesCompilerTransform
Transforming core-1.12.0.aar (androidx.core:core:1.12.0) with ExtractAarTransform
Transforming core-1.12.0.aar (androidx.core:core:1.12.0) with AarResourcesCompilerTransform
Transforming core-1.12.0.aar (androidx.core:core:1.12.0) with ExtractAarTransform
Transforming core-1.12.0.aar (androidx.core:core:1.12.0) with AarResourcesCompilerTransform
Transforming core-1.12.0.aar (androidx.core:core:1.12.0) with ExtractAarTransform
Transforming core-1.12.0.aar (androidx.core:core:1.12.0) with AarResourcesCompilerTransform
Transforming core-1.12.0.aar (androidx.core:core:1.12.0) with ExtractAarTransform
Transforming core-1.12.0.aar (androidx.core:core:1.12.0) with AarResourcesCompilerTransform
Transforming core-1.12.0.aar (androidx.core:core:1.12.0) with ExtractAarTransform
Caching disabled for AarResourcesCompilerTransform: /home/runner/.gradle/caches/transforms-3/0e550df2fa61053f1941b07cd6f157b4/transformed/constraintlayout-2.1.4 because:
  Build cache is disabled
Skipping AarResourcesCompilerTransform: /home/runner/.gradle/caches/transforms-3/0e550df2fa61053f1941b07cd6f157b4/transformed/constraintlayout-2.1.4 as it is up-to-date.
Transforming core-1.12.0.aar (androidx.core:core:1.12.0) with AarResourcesCompilerTransform
Transforming core-1.12.0.aar (androidx.core:core:1.12.0) with ExtractAarTransform
Transforming core-1.12.0.aar (androidx.core:core:1.12.0) with AarResourcesCompilerTransform
Transforming core-1.12.0.aar (androidx.core:core:1.12.0) with ExtractAarTransform
Transforming core-1.12.0.aar (androidx.core:core:1.12.0) with AarResourcesCompilerTransform
Transforming core-1.12.0.aar (androidx.core:core:1.12.0) with ExtractAarTransform
Transforming core-1.12.0.aar (androidx.core:core:1.12.0) with AarResourcesCompilerTransform
Transforming core-1.12.0.aar (androidx.core:core:1.12.0) with ExtractAarTransform
Transforming core-1.12.0.aar (androidx.core:core:1.12.0) with AarResourcesCompilerTransform
Transforming core-1.12.0.aar (androidx.core:core:1.12.0) with ExtractAarTransform
Transforming core-1.12.0.aar (androidx.core:core:1.12.0) with AarResourcesCompilerTransform
Transforming customview-poolingcontainer-1.0.0.aar (androidx.customview:customview-poolingcontainer:1.0.0) with ExtractAarTransform
Transforming customview-poolingcontainer-1.0.0.aar (androidx.customview:customview-poolingcontainer:1.0.0) with AarResourcesCompilerTransform
Transforming savedstate-1.2.1.aar (androidx.savedstate:savedstate:1.2.1) with ExtractAarTransform
Transforming savedstate-1.2.1.aar (androidx.savedstate:savedstate:1.2.1) with AarResourcesCompilerTransform
Transforming lifecycle-process-2.6.1.aar (androidx.lifecycle:lifecycle-process:2.6.1) with ExtractAarTransform
Transforming lifecycle-process-2.6.1.aar (androidx.lifecycle:lifecycle-process:2.6.1) with AarResourcesCompilerTransform
Transforming lifecycle-livedata-core-2.6.1.aar (androidx.lifecycle:lifecycle-livedata-core:2.6.1) with ExtractAarTransform
Transforming lifecycle-livedata-core-2.6.1.aar (androidx.lifecycle:lifecycle-livedata-core:2.6.1) with AarResourcesCompilerTransform
Transforming lifecycle-livedata-2.6.1.aar (androidx.lifecycle:lifecycle-livedata:2.6.1) with ExtractAarTransform
Transforming lifecycle-livedata-2.6.1.aar (androidx.lifecycle:lifecycle-livedata:2.6.1) with AarResourcesCompilerTransform
Transforming lifecycle-viewmodel-2.6.1.aar (androidx.lifecycle:lifecycle-viewmodel:2.6.1) with ExtractAarTransform
Transforming lifecycle-viewmodel-2.6.1.aar (androidx.lifecycle:lifecycle-viewmodel:2.6.1) with AarResourcesCompilerTransform
Transforming lifecycle-viewmodel-2.6.1.aar (androidx.lifecycle:lifecycle-viewmodel:2.6.1) with ExtractAarTransform
Transforming lifecycle-viewmodel-2.6.1.aar (androidx.lifecycle:lifecycle-viewmodel:2.6.1) with AarResourcesCompilerTransform
Transforming lifecycle-runtime-2.6.1.aar (androidx.lifecycle:lifecycle-runtime:2.6.1) with ExtractAarTransform
Transforming lifecycle-runtime-2.6.1.aar (androidx.lifecycle:lifecycle-runtime:2.6.1) with AarResourcesCompilerTransform
Transforming lifecycle-viewmodel-savedstate-2.6.1.aar (androidx.lifecycle:lifecycle-viewmodel-savedstate:2.6.1) with ExtractAarTransform
Transforming lifecycle-viewmodel-savedstate-2.6.1.aar (androidx.lifecycle:lifecycle-viewmodel-savedstate:2.6.1) with AarResourcesCompilerTransform
Transforming core-ktx-1.12.0.aar (androidx.core:core-ktx:1.12.0) with ExtractAarTransform
Transforming core-ktx-1.12.0.aar (androidx.core:core-ktx:1.12.0) with AarResourcesCompilerTransform
Transforming annotation-experimental-1.3.0.aar (androidx.annotation:annotation-experimental:1.3.0) with ExtractAarTransform
Transforming annotation-experimental-1.3.0.aar (androidx.annotation:annotation-experimental:1.3.0) with AarResourcesCompilerTransform
Transforming cursoradapter-1.0.0.aar (androidx.cursoradapter:cursoradapter:1.0.0) with ExtractAarTransform
Transforming cursoradapter-1.0.0.aar (androidx.cursoradapter:cursoradapter:1.0.0) with AarResourcesCompilerTransform
Transforming cardview-1.0.0.aar (androidx.cardview:cardview:1.0.0) with ExtractAarTransform
Transforming cardview-1.0.0.aar (androidx.cardview:cardview:1.0.0) with AarResourcesCompilerTransform
Transforming interpolator-1.0.0.aar (androidx.interpolator:interpolator:1.0.0) with ExtractAarTransform
Transforming interpolator-1.0.0.aar (androidx.interpolator:interpolator:1.0.0) with AarResourcesCompilerTransform
Transforming interpolator-1.0.0.aar (androidx.interpolator:interpolator:1.0.0) with ExtractAarTransform
Transforming interpolator-1.0.0.aar (androidx.interpolator:interpolator:1.0.0) with AarResourcesCompilerTransform
Transforming interpolator-1.0.0.aar (androidx.interpolator:interpolator:1.0.0) with ExtractAarTransform
Transforming interpolator-1.0.0.aar (androidx.interpolator:interpolator:1.0.0) with AarResourcesCompilerTransform
Transforming versionedparcelable-1.1.1.aar (androidx.versionedparcelable:versionedparcelable:1.1.1) with ExtractAarTransform
Transforming versionedparcelable-1.1.1.aar (androidx.versionedparcelable:versionedparcelable:1.1.1) with AarResourcesCompilerTransform
Transforming profileinstaller-1.3.0.aar (androidx.profileinstaller:profileinstaller:1.3.0) with ExtractAarTransform
Transforming profileinstaller-1.3.0.aar (androidx.profileinstaller:profileinstaller:1.3.0) with AarResourcesCompilerTransform
Transforming startup-runtime-1.1.1.aar (androidx.startup:startup-runtime:1.1.1) with ExtractAarTransform
Transforming startup-runtime-1.1.1.aar (androidx.startup:startup-runtime:1.1.1) with AarResourcesCompilerTransform
Transforming tracing-1.0.0.aar (androidx.tracing:tracing:1.0.0) with ExtractAarTransform
Transforming tracing-1.0.0.aar (androidx.tracing:tracing:1.0.0) with AarResourcesCompilerTransform
Transforming core-runtime-2.2.0.aar (androidx.arch.core:core-runtime:2.2.0) with ExtractAarTransform
Transforming core-runtime-2.2.0.aar (androidx.arch.core:core-runtime:2.2.0) with AarResourcesCompilerTransform
Transforming documentfile-1.0.0.aar (androidx.documentfile:documentfile:1.0.0) with ExtractAarTransform
Transforming documentfile-1.0.0.aar (androidx.documentfile:documentfile:1.0.0) with AarResourcesCompilerTransform
Transforming localbroadcastmanager-1.0.0.aar (androidx.localbroadcastmanager:localbroadcastmanager:1.0.0) with ExtractAarTransform
Transforming localbroadcastmanager-1.0.0.aar (androidx.localbroadcastmanager:localbroadcastmanager:1.0.0) with AarResourcesCompilerTransform
Transforming print-1.0.0.aar (androidx.print:print:1.0.0) with ExtractAarTransform
Transforming print-1.0.0.aar (androidx.print:print:1.0.0) with AarResourcesCompilerTransform
Caching disabled for AarResourcesCompilerTransform: /home/runner/.gradle/caches/transforms-3/ef3c88ef6515e9e7721cc239e96a1477/transformed/viewpager2-1.1.0-beta02 because:
  Build cache is disabled
Skipping AarResourcesCompilerTransform: /home/runner/.gradle/caches/transforms-3/ef3c88ef6515e9e7721cc239e96a1477/transformed/viewpager2-1.1.0-beta02 as it is up-to-date.
Caching disabled for AarResourcesCompilerTransform: /home/runner/.gradle/caches/transforms-3/495758042ca0f5607c8580195051b518/transformed/recyclerview-1.3.2 because:
  Build cache is disabled
Skipping AarResourcesCompilerTransform: /home/runner/.gradle/caches/transforms-3/495758042ca0f5607c8580195051b518/transformed/recyclerview-1.3.2 as it is up-to-date.
Caching disabled for AarResourcesCompilerTransform: /home/runner/.gradle/caches/transforms-3/fb9e1b54ba0efe65bdd35d97e1779167/transformed/swiperefreshlayout-1.1.0 because:
  Build cache is disabled
Skipping AarResourcesCompilerTransform: /home/runner/.gradle/caches/transforms-3/fb9e1b54ba0efe65bdd35d97e1779167/transformed/swiperefreshlayout-1.1.0 as it is up-to-date.
Caching disabled for AarResourcesCompilerTransform: /home/runner/.gradle/caches/transforms-3/24fea28165bee96d432f2f0f4cae841e/transformed/emoji2-views-helper-1.2.0 because:
  Build cache is disabled
Skipping AarResourcesCompilerTransform: /home/runner/.gradle/caches/transforms-3/24fea28165bee96d432f2f0f4cae841e/transformed/emoji2-views-helper-1.2.0 as it is up-to-date.
Caching disabled for AarResourcesCompilerTransform: /home/runner/.gradle/caches/transforms-3/e90553fe079c912af51466fd36ee000d/transformed/emoji2-1.2.0 because:
  Build cache is disabled
Skipping AarResourcesCompilerTransform: /home/runner/.gradle/caches/transforms-3/e90553fe079c912af51466fd36ee000d/transformed/emoji2-1.2.0 as it is up-to-date.
Caching disabled for AarResourcesCompilerTransform: /home/runner/.gradle/caches/transforms-3/98aa3d885528e6c6aa8a5d42934f35b0/transformed/fragment-1.3.6 because:
  Build cache is disabled
Skipping AarResourcesCompilerTransform: /home/runner/.gradle/caches/transforms-3/98aa3d885528e6c6aa8a5d42934f35b0/transformed/fragment-1.3.6 as it is up-to-date.
Caching disabled for AarResourcesCompilerTransform: /home/runner/.gradle/caches/transforms-3/2b0c27ad856b62a1c7d8311931eca41e/transformed/activity-1.8.0 because:
  Build cache is disabled
Skipping AarResourcesCompilerTransform: /home/runner/.gradle/caches/transforms-3/2b0c27ad856b62a1c7d8311931eca41e/transformed/activity-1.8.0 as it is up-to-date.
Caching disabled for AarResourcesCompilerTransform: /home/runner/.gradle/caches/transforms-3/0666601880932e5ea304de5d3e90f0e6/transformed/drawerlayout-1.1.1 because:
  Build cache is disabled
Skipping AarResourcesCompilerTransform: /home/runner/.gradle/caches/transforms-3/0666601880932e5ea304de5d3e90f0e6/transformed/drawerlayout-1.1.1 as it is up-to-date.
Caching disabled for AarResourcesCompilerTransform: /home/runner/.gradle/caches/transforms-3/156662c0446d88703be71c5ea85394ee/transformed/coordinatorlayout-1.1.0 because:
  Build cache is disabled
Skipping AarResourcesCompilerTransform: /home/runner/.gradle/caches/transforms-3/156662c0446d88703be71c5ea85394ee/transformed/coordinatorlayout-1.1.0 as it is up-to-date.
Caching disabled for AarResourcesCompilerTransform: /home/runner/.gradle/caches/transforms-3/8891375a1bc91bb710ffef89177105ad/transformed/appcompat-1.6.1 because:
  Build cache is disabled
Caching disabled for AarResourcesCompilerTransform: /home/runner/.gradle/caches/transforms-3/05776c6eb0b3562d3211ec5fa23e80fc/transformed/dynamicanimation-1.0.0 because:
  Build cache is disabled
Skipping AarResourcesCompilerTransform: /home/runner/.gradle/caches/transforms-3/8891375a1bc91bb710ffef89177105ad/transformed/appcompat-1.6.1 as it is up-to-date.
Skipping AarResourcesCompilerTransform: /home/runner/.gradle/caches/transforms-3/05776c6eb0b3562d3211ec5fa23e80fc/transformed/dynamicanimation-1.0.0 as it is up-to-date.
Caching disabled for AarResourcesCompilerTransform: /home/runner/.gradle/caches/transforms-3/79ee736083e8993774bf9266626bb52f/transformed/appcompat-resources-1.6.1 because:
  Build cache is disabled
Caching disabled for AarResourcesCompilerTransform: /home/runner/.gradle/caches/transforms-3/fcbc5d16c187e197fa242b722ddc8c8e/transformed/material-1.11.0 because:
  Build cache is disabled
Skipping AarResourcesCompilerTransform: /home/runner/.gradle/caches/transforms-3/fcbc5d16c187e197fa242b722ddc8c8e/transformed/material-1.11.0 as it is up-to-date.
Skipping AarResourcesCompilerTransform: /home/runner/.gradle/caches/transforms-3/79ee736083e8993774bf9266626bb52f/transformed/appcompat-resources-1.6.1 as it is up-to-date.
Caching disabled for AarResourcesCompilerTransform: /home/runner/.gradle/caches/transforms-3/fbcbdd756e1eccc113c0c4ba3d916f6b/transformed/vectordrawable-animated-1.1.0 because:
  Build cache is disabled
Skipping AarResourcesCompilerTransform: /home/runner/.gradle/caches/transforms-3/fbcbdd756e1eccc113c0c4ba3d916f6b/transformed/vectordrawable-animated-1.1.0 as it is up-to-date.
Caching disabled for AarResourcesCompilerTransform: /home/runner/.gradle/caches/transforms-3/ae03016e9ee2406e676083e1778780bf/transformed/vectordrawable-1.1.0 because:
  Build cache is disabled
Skipping AarResourcesCompilerTransform: /home/runner/.gradle/caches/transforms-3/ae03016e9ee2406e676083e1778780bf/transformed/vectordrawable-1.1.0 as it is up-to-date.
Caching disabled for AarResourcesCompilerTransform: /home/runner/.gradle/caches/transforms-3/c41aa6211f038278362612431f3b2a75/transformed/loader-1.0.0 because:
  Build cache is disabled
Caching disabled for AarResourcesCompilerTransform: /home/runner/.gradle/caches/transforms-3/c8e7935bfeb3ccd2bcea2405a871ec17/transformed/transition-1.2.0 because:
  Build cache is disabled
Skipping AarResourcesCompilerTransform: /home/runner/.gradle/caches/transforms-3/c41aa6211f038278362612431f3b2a75/transformed/loader-1.0.0 as it is up-to-date.
Skipping AarResourcesCompilerTransform: /home/runner/.gradle/caches/transforms-3/c8e7935bfeb3ccd2bcea2405a871ec17/transformed/transition-1.2.0 as it is up-to-date.
Caching disabled for AarResourcesCompilerTransform: /home/runner/.gradle/caches/transforms-3/da9c554f0858b46344cb064b99f6470b/transformed/viewpager-1.0.0 because:
  Build cache is disabled
Skipping AarResourcesCompilerTransform: /home/runner/.gradle/caches/transforms-3/da9c554f0858b46344cb064b99f6470b/transformed/viewpager-1.0.0 as it is up-to-date.
Caching disabled for AarResourcesCompilerTransform: /home/runner/.gradle/caches/transforms-3/b4480a3418263b41508d46c8c5ca8cd8/transformed/legacy-support-core-utils-1.0.0 because:
  Build cache is disabled
Skipping AarResourcesCompilerTransform: /home/runner/.gradle/caches/transforms-3/b4480a3418263b41508d46c8c5ca8cd8/transformed/legacy-support-core-utils-1.0.0 as it is up-to-date.
Caching disabled for AarResourcesCompilerTransform: /home/runner/.gradle/caches/transforms-3/4320e56db7084d398e120f2ddfe5727a/transformed/customview-1.1.0 because:
  Build cache is disabled
Skipping AarResourcesCompilerTransform: /home/runner/.gradle/caches/transforms-3/4320e56db7084d398e120f2ddfe5727a/transformed/customview-1.1.0 as it is up-to-date.
Caching disabled for AarResourcesCompilerTransform: /home/runner/.gradle/caches/transforms-3/808f25e33273cf777e1c687f415f5885/transformed/core-1.12.0 because:
  Build cache is disabled
Skipping AarResourcesCompilerTransform: /home/runner/.gradle/caches/transforms-3/808f25e33273cf777e1c687f415f5885/transformed/core-1.12.0 as it is up-to-date.
Caching disabled for AarResourcesCompilerTransform: /home/runner/.gradle/caches/transforms-3/4298967f6acc46ffbd8f29396e3d06c4/transformed/customview-poolingcontainer-1.0.0 because:
  Build cache is disabled
Skipping AarResourcesCompilerTransform: /home/runner/.gradle/caches/transforms-3/4298967f6acc46ffbd8f29396e3d06c4/transformed/customview-poolingcontainer-1.0.0 as it is up-to-date.
Caching disabled for AarResourcesCompilerTransform: /home/runner/.gradle/caches/transforms-3/17f34e4f5c1e51ea128e74741c39f593/transformed/savedstate-1.2.1 because:
  Build cache is disabled
Skipping AarResourcesCompilerTransform: /home/runner/.gradle/caches/transforms-3/17f34e4f5c1e51ea128e74741c39f593/transformed/savedstate-1.2.1 as it is up-to-date.
Caching disabled for AarResourcesCompilerTransform: /home/runner/.gradle/caches/transforms-3/86d05be2685b442bcc9b63a26868bacb/transformed/lifecycle-livedata-core-2.6.1 because:
  Build cache is disabled
Caching disabled for AarResourcesCompilerTransform: /home/runner/.gradle/caches/transforms-3/bbaf25cabfb9792c37b922dfbcb97824/transformed/lifecycle-process-2.6.1 because:
  Build cache is disabled
Skipping AarResourcesCompilerTransform: /home/runner/.gradle/caches/transforms-3/86d05be2685b442bcc9b63a26868bacb/transformed/lifecycle-livedata-core-2.6.1 as it is up-to-date.
Skipping AarResourcesCompilerTransform: /home/runner/.gradle/caches/transforms-3/bbaf25cabfb9792c37b922dfbcb97824/transformed/lifecycle-process-2.6.1 as it is up-to-date.
Caching disabled for AarResourcesCompilerTransform: /home/runner/.gradle/caches/transforms-3/c2126ccf5d73d3bbef6dbaebc9382f7f/transformed/lifecycle-livedata-2.6.1 because:
  Build cache is disabled
Skipping AarResourcesCompilerTransform: /home/runner/.gradle/caches/transforms-3/c2126ccf5d73d3bbef6dbaebc9382f7f/transformed/lifecycle-livedata-2.6.1 as it is up-to-date.
Caching disabled for AarResourcesCompilerTransform: /home/runner/.gradle/caches/transforms-3/3b2893d462560264a9bcfbd2c8fd65d5/transformed/lifecycle-viewmodel-2.6.1 because:
  Build cache is disabled
Caching disabled for AarResourcesCompilerTransform: /home/runner/.gradle/caches/transforms-3/63987d2499df7576d8a97c39f548fa4f/transformed/lifecycle-runtime-2.6.1 because:
  Build cache is disabled
Skipping AarResourcesCompilerTransform: /home/runner/.gradle/caches/transforms-3/3b2893d462560264a9bcfbd2c8fd65d5/transformed/lifecycle-viewmodel-2.6.1 as it is up-to-date.
Skipping AarResourcesCompilerTransform: /home/runner/.gradle/caches/transforms-3/63987d2499df7576d8a97c39f548fa4f/transformed/lifecycle-runtime-2.6.1 as it is up-to-date.
Caching disabled for AarResourcesCompilerTransform: /home/runner/.gradle/caches/transforms-3/6decedb3f811a8e5c6494637a3c5b021/transformed/lifecycle-viewmodel-savedstate-2.6.1 because:
  Build cache is disabled
Skipping AarResourcesCompilerTransform: /home/runner/.gradle/caches/transforms-3/6decedb3f811a8e5c6494637a3c5b021/transformed/lifecycle-viewmodel-savedstate-2.6.1 as it is up-to-date.
Caching disabled for AarResourcesCompilerTransform: /home/runner/.gradle/caches/transforms-3/31953783a8302f878b5df3a2f79705b4/transformed/core-ktx-1.12.0 because:
  Build cache is disabled
Skipping AarResourcesCompilerTransform: /home/runner/.gradle/caches/transforms-3/31953783a8302f878b5df3a2f79705b4/transformed/core-ktx-1.12.0 as it is up-to-date.
Caching disabled for AarResourcesCompilerTransform: /home/runner/.gradle/caches/transforms-3/26e5df9d5c8be0de7f4f2a523325980b/transformed/annotation-experimental-1.3.0 because:
  Build cache is disabled
Skipping AarResourcesCompilerTransform: /home/runner/.gradle/caches/transforms-3/26e5df9d5c8be0de7f4f2a523325980b/transformed/annotation-experimental-1.3.0 as it is up-to-date.
Caching disabled for AarResourcesCompilerTransform: /home/runner/.gradle/caches/transforms-3/6b40b1fdfe34d774252d18b3b2d1b697/transformed/cardview-1.0.0 because:
  Build cache is disabled
Skipping AarResourcesCompilerTransform: /home/runner/.gradle/caches/transforms-3/6b40b1fdfe34d774252d18b3b2d1b697/transformed/cardview-1.0.0 as it is up-to-date.
Caching disabled for AarResourcesCompilerTransform: /home/runner/.gradle/caches/transforms-3/85595b34daa86b99eb55492d60a7a8a9/transformed/cursoradapter-1.0.0 because:
  Build cache is disabled
Skipping AarResourcesCompilerTransform: /home/runner/.gradle/caches/transforms-3/85595b34daa86b99eb55492d60a7a8a9/transformed/cursoradapter-1.0.0 as it is up-to-date.
Caching disabled for AarResourcesCompilerTransform: /home/runner/.gradle/caches/transforms-3/c95c70fe816f2902c8434f722301538d/transformed/versionedparcelable-1.1.1 because:
  Build cache is disabled
Skipping AarResourcesCompilerTransform: /home/runner/.gradle/caches/transforms-3/c95c70fe816f2902c8434f722301538d/transformed/versionedparcelable-1.1.1 as it is up-to-date.
Caching disabled for AarResourcesCompilerTransform: /home/runner/.gradle/caches/transforms-3/700a9d29eb5d6ed248ef23af07b515ba/transformed/interpolator-1.0.0 because:
  Build cache is disabled
Skipping AarResourcesCompilerTransform: /home/runner/.gradle/caches/transforms-3/700a9d29eb5d6ed248ef23af07b515ba/transformed/interpolator-1.0.0 as it is up-to-date.
Caching disabled for AarResourcesCompilerTransform: /home/runner/.gradle/caches/transforms-3/06b948aa8b95f6cd30e193c46b0a22d9/transformed/profileinstaller-1.3.0 because:
  Build cache is disabled
Skipping AarResourcesCompilerTransform: /home/runner/.gradle/caches/transforms-3/06b948aa8b95f6cd30e193c46b0a22d9/transformed/profileinstaller-1.3.0 as it is up-to-date.
Caching disabled for AarResourcesCompilerTransform: /home/runner/.gradle/caches/transforms-3/b73351ea044fbe66f9eb1c53a9e0a50a/transformed/tracing-1.0.0 because:
  Build cache is disabled
Skipping AarResourcesCompilerTransform: /home/runner/.gradle/caches/transforms-3/b73351ea044fbe66f9eb1c53a9e0a50a/transformed/tracing-1.0.0 as it is up-to-date.
Caching disabled for AarResourcesCompilerTransform: /home/runner/.gradle/caches/transforms-3/2adc9403fd118d8e252f9b170b4f2ca1/transformed/core-runtime-2.2.0 because:
  Build cache is disabled
Skipping AarResourcesCompilerTransform: /home/runner/.gradle/caches/transforms-3/2adc9403fd118d8e252f9b170b4f2ca1/transformed/core-runtime-2.2.0 as it is up-to-date.
Caching disabled for AarResourcesCompilerTransform: /home/runner/.gradle/caches/transforms-3/4f0091b14e067910e5c7c0d2e3187eeb/transformed/startup-runtime-1.1.1 because:
  Build cache is disabled
Skipping AarResourcesCompilerTransform: /home/runner/.gradle/caches/transforms-3/4f0091b14e067910e5c7c0d2e3187eeb/transformed/startup-runtime-1.1.1 as it is up-to-date.
Caching disabled for AarResourcesCompilerTransform: /home/runner/.gradle/caches/transforms-3/eb080d7afa461c0f10965141ae092a48/transformed/documentfile-1.0.0 because:
  Build cache is disabled
Caching disabled for AarResourcesCompilerTransform: /home/runner/.gradle/caches/transforms-3/462d1718fdf6da42670951a0d4aa4de2/transformed/localbroadcastmanager-1.0.0 because:
  Build cache is disabled
Skipping AarResourcesCompilerTransform: /home/runner/.gradle/caches/transforms-3/eb080d7afa461c0f10965141ae092a48/transformed/documentfile-1.0.0 as it is up-to-date.
Skipping AarResourcesCompilerTransform: /home/runner/.gradle/caches/transforms-3/462d1718fdf6da42670951a0d4aa4de2/transformed/localbroadcastmanager-1.0.0 as it is up-to-date.
Caching disabled for AarResourcesCompilerTransform: /home/runner/.gradle/caches/transforms-3/17a5fb8b4ee6eb33cfdbc0fc8d60c010/transformed/print-1.0.0 because:
  Build cache is disabled
Skipping AarResourcesCompilerTransform: /home/runner/.gradle/caches/transforms-3/17a5fb8b4ee6eb33cfdbc0fc8d60c010/transformed/print-1.0.0 as it is up-to-date.
Caching disabled for task ':app:processDebugResources' because:
  Build cache is disabled
Skipping task ':app:processDebugResources' as it is up-to-date.
Resolve mutations for :app:compileDebugKotlin (Thread[Execution worker Thread 3,5,main]) started.
:app:compileDebugKotlin (Thread[Execution worker Thread 2,5,main]) started.
Resolve mutations for :app:javaPreCompileDebug (Thread[Execution worker Thread 3,5,main]) started.
:app:javaPreCompileDebug (Thread[Execution worker Thread 3,5,main]) started.

> Task :app:javaPreCompileDebug UP-TO-DATE
Watching 181 directories to track changes
Caching disabled for task ':app:javaPreCompileDebug' because:
  Build cache is disabled
Skipping task ':app:javaPreCompileDebug' as it is up-to-date.
Resolve mutations for :app:mergeDebugShaders (Thread[Execution worker,5,main]) started.
:app:mergeDebugShaders (Thread[Execution worker Thread 3,5,main]) started.

> Task :app:mergeDebugShaders UP-TO-DATE
Watching 182 directories to track changes
Watching 182 directories to track changes
Watching 182 directories to track changes
Caching disabled for task ':app:mergeDebugShaders' because:
  Build cache is disabled
Skipping task ':app:mergeDebugShaders' as it is up-to-date.
Resolve mutations for :app:compileDebugShaders (Thread[Execution worker,5,main]) started.
:app:compileDebugShaders (Thread[Execution worker,5,main]) started.

> Task :app:compileDebugShaders NO-SOURCE
Skipping task ':app:compileDebugShaders' as it has no source files and no previous output files.
Resolve mutations for :app:generateDebugAssets (Thread[Execution worker Thread 3,5,main]) started.
:app:generateDebugAssets (Thread[included builds,5,main]) started.

> Task :app:generateDebugAssets UP-TO-DATE
Skipping task ':app:generateDebugAssets' as it has no actions.
Resolve mutations for :app:mergeDebugAssets (Thread[included builds,5,main]) started.
:app:mergeDebugAssets (Thread[included builds,5,main]) started.

> Task :app:mergeDebugAssets UP-TO-DATE
Watching 183 directories to track changes
Transforming viewbinding-8.2.0.aar (androidx.databinding:viewbinding:8.2.0) with ExtractAarTransform
Transforming viewbinding-8.2.0.aar (androidx.databinding:viewbinding:8.2.0) with AarTransform
Transforming material-1.11.0.aar (com.google.android.material:material:1.11.0) with ExtractAarTransform
Transforming material-1.11.0.aar (com.google.android.material:material:1.11.0) with AarTransform
Transforming constraintlayout-2.1.4.aar (androidx.constraintlayout:constraintlayout:2.1.4) with ExtractAarTransform
Transforming constraintlayout-2.1.4.aar (androidx.constraintlayout:constraintlayout:2.1.4) with AarTransform
Transforming appcompat-resources-1.6.1.aar (androidx.appcompat:appcompat-resources:1.6.1) with ExtractAarTransform
Transforming appcompat-resources-1.6.1.aar (androidx.appcompat:appcompat-resources:1.6.1) with AarTransform
Transforming appcompat-1.6.1.aar (androidx.appcompat:appcompat:1.6.1) with ExtractAarTransform
Transforming appcompat-1.6.1.aar (androidx.appcompat:appcompat:1.6.1) with AarTransform
Transforming viewpager2-1.1.0-beta02.aar (androidx.viewpager2:viewpager2:1.1.0-beta02) with ExtractAarTransform
Transforming viewpager2-1.1.0-beta02.aar (androidx.viewpager2:viewpager2:1.1.0-beta02) with AarTransform
Transforming recyclerview-1.3.2.aar (androidx.recyclerview:recyclerview:1.3.2) with ExtractAarTransform
Transforming recyclerview-1.3.2.aar (androidx.recyclerview:recyclerview:1.3.2) with AarTransform
Transforming swiperefreshlayout-1.1.0.aar (androidx.swiperefreshlayout:swiperefreshlayout:1.1.0) with ExtractAarTransform
Transforming swiperefreshlayout-1.1.0.aar (androidx.swiperefreshlayout:swiperefreshlayout:1.1.0) with AarTransform
Transforming emoji2-views-helper-1.2.0.aar (androidx.emoji2:emoji2-views-helper:1.2.0) with ExtractAarTransform
Transforming emoji2-views-helper-1.2.0.aar (androidx.emoji2:emoji2-views-helper:1.2.0) with AarTransform
Transforming emoji2-1.2.0.aar (androidx.emoji2:emoji2:1.2.0) with ExtractAarTransform
Transforming emoji2-1.2.0.aar (androidx.emoji2:emoji2:1.2.0) with AarTransform
Transforming fragment-1.3.6.aar (androidx.fragment:fragment:1.3.6) with ExtractAarTransform
Transforming fragment-1.3.6.aar (androidx.fragment:fragment:1.3.6) with AarTransform
Transforming activity-1.8.0.aar (androidx.activity:activity:1.8.0) with ExtractAarTransform
Transforming activity-1.8.0.aar (androidx.activity:activity:1.8.0) with AarTransform
Transforming drawerlayout-1.1.1.aar (androidx.drawerlayout:drawerlayout:1.1.1) with ExtractAarTransform
Transforming drawerlayout-1.1.1.aar (androidx.drawerlayout:drawerlayout:1.1.1) with AarTransform
Transforming coordinatorlayout-1.1.0.aar (androidx.coordinatorlayout:coordinatorlayout:1.1.0) with ExtractAarTransform
Transforming coordinatorlayout-1.1.0.aar (androidx.coordinatorlayout:coordinatorlayout:1.1.0) with AarTransform
Transforming dynamicanimation-1.0.0.aar (androidx.dynamicanimation:dynamicanimation:1.0.0) with ExtractAarTransform
Transforming dynamicanimation-1.0.0.aar (androidx.dynamicanimation:dynamicanimation:1.0.0) with AarTransform
Transforming transition-1.2.0.aar (androidx.transition:transition:1.2.0) with ExtractAarTransform
Transforming transition-1.2.0.aar (androidx.transition:transition:1.2.0) with AarTransform
Transforming vectordrawable-animated-1.1.0.aar (androidx.vectordrawable:vectordrawable-animated:1.1.0) with ExtractAarTransform
Transforming vectordrawable-animated-1.1.0.aar (androidx.vectordrawable:vectordrawable-animated:1.1.0) with AarTransform
Transforming vectordrawable-1.1.0.aar (androidx.vectordrawable:vectordrawable:1.1.0) with ExtractAarTransform
Transforming vectordrawable-1.1.0.aar (androidx.vectordrawable:vectordrawable:1.1.0) with AarTransform
Transforming vectordrawable-1.1.0.aar (androidx.vectordrawable:vectordrawable:1.1.0) with ExtractAarTransform
Transforming vectordrawable-1.1.0.aar (androidx.vectordrawable:vectordrawable:1.1.0) with AarTransform
Transforming viewpager-1.0.0.aar (androidx.viewpager:viewpager:1.0.0) with ExtractAarTransform
Transforming viewpager-1.0.0.aar (androidx.viewpager:viewpager:1.0.0) with AarTransform
Transforming legacy-support-core-utils-1.0.0.aar (androidx.legacy:legacy-support-core-utils:1.0.0) with ExtractAarTransform
Transforming legacy-support-core-utils-1.0.0.aar (androidx.legacy:legacy-support-core-utils:1.0.0) with AarTransform
Transforming loader-1.0.0.aar (androidx.loader:loader:1.0.0) with ExtractAarTransform
Transforming loader-1.0.0.aar (androidx.loader:loader:1.0.0) with AarTransform
Transforming loader-1.0.0.aar (androidx.loader:loader:1.0.0) with ExtractAarTransform
Transforming loader-1.0.0.aar (androidx.loader:loader:1.0.0) with AarTransform
Transforming customview-1.1.0.aar (androidx.customview:customview:1.1.0) with ExtractAarTransform
Transforming customview-1.1.0.aar (androidx.customview:customview:1.1.0) with AarTransform
Transforming customview-1.1.0.aar (androidx.customview:customview:1.1.0) with ExtractAarTransform
Transforming customview-1.1.0.aar (androidx.customview:customview:1.1.0) with AarTransform
Transforming customview-1.1.0.aar (androidx.customview:customview:1.1.0) with ExtractAarTransform
Transforming customview-1.1.0.aar (androidx.customview:customview:1.1.0) with AarTransform
Transforming customview-1.1.0.aar (androidx.customview:customview:1.1.0) with ExtractAarTransform
Transforming customview-1.1.0.aar (androidx.customview:customview:1.1.0) with AarTransform
Transforming core-1.12.0.aar (androidx.core:core:1.12.0) with ExtractAarTransform
Transforming core-1.12.0.aar (androidx.core:core:1.12.0) with AarTransform
Transforming core-1.12.0.aar (androidx.core:core:1.12.0) with ExtractAarTransform
Transforming core-1.12.0.aar (androidx.core:core:1.12.0) with AarTransform
Transforming core-1.12.0.aar (androidx.core:core:1.12.0) with ExtractAarTransform
Transforming core-1.12.0.aar (androidx.core:core:1.12.0) with AarTransform
Transforming core-1.12.0.aar (androidx.core:core:1.12.0) with ExtractAarTransform
Transforming core-1.12.0.aar (androidx.core:core:1.12.0) with AarTransform
Transforming core-1.12.0.aar (androidx.core:core:1.12.0) with ExtractAarTransform
Transforming core-1.12.0.aar (androidx.core:core:1.12.0) with AarTransform
Transforming core-1.12.0.aar (androidx.core:core:1.12.0) with ExtractAarTransform
Transforming core-1.12.0.aar (androidx.core:core:1.12.0) with AarTransform
Transforming core-1.12.0.aar (androidx.core:core:1.12.0) with ExtractAarTransform
Transforming core-1.12.0.aar (androidx.core:core:1.12.0) with AarTransform
Transforming core-1.12.0.aar (androidx.core:core:1.12.0) with ExtractAarTransform
Transforming core-1.12.0.aar (androidx.core:core:1.12.0) with AarTransform
Transforming core-1.12.0.aar (androidx.core:core:1.12.0) with ExtractAarTransform
Transforming core-1.12.0.aar (androidx.core:core:1.12.0) with AarTransform
Transforming core-1.12.0.aar (androidx.core:core:1.12.0) with ExtractAarTransform
Transforming core-1.12.0.aar (androidx.core:core:1.12.0) with AarTransform
Transforming core-1.12.0.aar (androidx.core:core:1.12.0) with ExtractAarTransform
Transforming core-1.12.0.aar (androidx.core:core:1.12.0) with AarTransform
Transforming customview-poolingcontainer-1.0.0.aar (androidx.customview:customview-poolingcontainer:1.0.0) with ExtractAarTransform
Transforming customview-poolingcontainer-1.0.0.aar (androidx.customview:customview-poolingcontainer:1.0.0) with AarTransform
Transforming savedstate-1.2.1.aar (androidx.savedstate:savedstate:1.2.1) with ExtractAarTransform
Transforming savedstate-1.2.1.aar (androidx.savedstate:savedstate:1.2.1) with AarTransform
Transforming lifecycle-process-2.6.1.aar (androidx.lifecycle:lifecycle-process:2.6.1) with ExtractAarTransform
Transforming lifecycle-process-2.6.1.aar (androidx.lifecycle:lifecycle-process:2.6.1) with AarTransform
Transforming lifecycle-livedata-core-2.6.1.aar (androidx.lifecycle:lifecycle-livedata-core:2.6.1) with ExtractAarTransform
Transforming lifecycle-livedata-core-2.6.1.aar (androidx.lifecycle:lifecycle-livedata-core:2.6.1) with AarTransform
Transforming lifecycle-livedata-2.6.1.aar (androidx.lifecycle:lifecycle-livedata:2.6.1) with ExtractAarTransform
Transforming lifecycle-livedata-2.6.1.aar (androidx.lifecycle:lifecycle-livedata:2.6.1) with AarTransform
Transforming lifecycle-viewmodel-2.6.1.aar (androidx.lifecycle:lifecycle-viewmodel:2.6.1) with ExtractAarTransform
Transforming lifecycle-viewmodel-2.6.1.aar (androidx.lifecycle:lifecycle-viewmodel:2.6.1) with AarTransform
Transforming lifecycle-viewmodel-2.6.1.aar (androidx.lifecycle:lifecycle-viewmodel:2.6.1) with ExtractAarTransform
Caching disabled for AarTransform: /home/runner/.gradle/caches/transforms-3/4951730462e4aa2a807e0cc6795bcbdc/transformed/viewbinding-8.2.0 because:
  Build cache is disabled
Transforming lifecycle-viewmodel-2.6.1.aar (androidx.lifecycle:lifecycle-viewmodel:2.6.1) with AarTransform
Transforming lifecycle-runtime-2.6.1.aar (androidx.lifecycle:lifecycle-runtime:2.6.1) with ExtractAarTransform
Skipping AarTransform: /home/runner/.gradle/caches/transforms-3/4951730462e4aa2a807e0cc6795bcbdc/transformed/viewbinding-8.2.0 as it is up-to-date.
Transforming lifecycle-runtime-2.6.1.aar (androidx.lifecycle:lifecycle-runtime:2.6.1) with AarTransform
Transforming lifecycle-viewmodel-savedstate-2.6.1.aar (androidx.lifecycle:lifecycle-viewmodel-savedstate:2.6.1) with ExtractAarTransform
Transforming lifecycle-viewmodel-savedstate-2.6.1.aar (androidx.lifecycle:lifecycle-viewmodel-savedstate:2.6.1) with AarTransform
Transforming core-ktx-1.12.0.aar (androidx.core:core-ktx:1.12.0) with ExtractAarTransform
Transforming core-ktx-1.12.0.aar (androidx.core:core-ktx:1.12.0) with AarTransform
Transforming annotation-experimental-1.3.0.aar (androidx.annotation:annotation-experimental:1.3.0) with ExtractAarTransform
Transforming annotation-experimental-1.3.0.aar (androidx.annotation:annotation-experimental:1.3.0) with AarTransform
Transforming cursoradapter-1.0.0.aar (androidx.cursoradapter:cursoradapter:1.0.0) with ExtractAarTransform
Transforming cursoradapter-1.0.0.aar (androidx.cursoradapter:cursoradapter:1.0.0) with AarTransform
Transforming cardview-1.0.0.aar (androidx.cardview:cardview:1.0.0) with ExtractAarTransform
Transforming cardview-1.0.0.aar (androidx.cardview:cardview:1.0.0) with AarTransform
Transforming interpolator-1.0.0.aar (androidx.interpolator:interpolator:1.0.0) with ExtractAarTransform
Transforming interpolator-1.0.0.aar (androidx.interpolator:interpolator:1.0.0) with AarTransform
Transforming interpolator-1.0.0.aar (androidx.interpolator:interpolator:1.0.0) with ExtractAarTransform
Transforming interpolator-1.0.0.aar (androidx.interpolator:interpolator:1.0.0) with AarTransform
Transforming interpolator-1.0.0.aar (androidx.interpolator:interpolator:1.0.0) with ExtractAarTransform
Transforming interpolator-1.0.0.aar (androidx.interpolator:interpolator:1.0.0) with AarTransform
Transforming versionedparcelable-1.1.1.aar (androidx.versionedparcelable:versionedparcelable:1.1.1) with ExtractAarTransform
Transforming versionedparcelable-1.1.1.aar (androidx.versionedparcelable:versionedparcelable:1.1.1) with AarTransform
Transforming profileinstaller-1.3.0.aar (androidx.profileinstaller:profileinstaller:1.3.0) with ExtractAarTransform
Transforming profileinstaller-1.3.0.aar (androidx.profileinstaller:profileinstaller:1.3.0) with AarTransform
Caching disabled for AarTransform: /home/runner/.gradle/caches/transforms-3/fcbc5d16c187e197fa242b722ddc8c8e/transformed/material-1.11.0 because:
  Build cache is disabled
Transforming startup-runtime-1.1.1.aar (androidx.startup:startup-runtime:1.1.1) with ExtractAarTransform
Skipping AarTransform: /home/runner/.gradle/caches/transforms-3/fcbc5d16c187e197fa242b722ddc8c8e/transformed/material-1.11.0 as it is up-to-date.
Transforming startup-runtime-1.1.1.aar (androidx.startup:startup-runtime:1.1.1) with AarTransform
Transforming tracing-1.0.0.aar (androidx.tracing:tracing:1.0.0) with ExtractAarTransform
Transforming tracing-1.0.0.aar (androidx.tracing:tracing:1.0.0) with AarTransform
Transforming core-runtime-2.2.0.aar (androidx.arch.core:core-runtime:2.2.0) with ExtractAarTransform
Transforming core-runtime-2.2.0.aar (androidx.arch.core:core-runtime:2.2.0) with AarTransform
Transforming documentfile-1.0.0.aar (androidx.documentfile:documentfile:1.0.0) with ExtractAarTransform
Transforming documentfile-1.0.0.aar (androidx.documentfile:documentfile:1.0.0) with AarTransform
Transforming localbroadcastmanager-1.0.0.aar (androidx.localbroadcastmanager:localbroadcastmanager:1.0.0) with ExtractAarTransform
Transforming localbroadcastmanager-1.0.0.aar (androidx.localbroadcastmanager:localbroadcastmanager:1.0.0) with AarTransform
Transforming print-1.0.0.aar (androidx.print:print:1.0.0) with ExtractAarTransform
Transforming print-1.0.0.aar (androidx.print:print:1.0.0) with AarTransform
Caching disabled for AarTransform: /home/runner/.gradle/caches/transforms-3/79ee736083e8993774bf9266626bb52f/transformed/appcompat-resources-1.6.1 because:
  Build cache is disabled
Skipping AarTransform: /home/runner/.gradle/caches/transforms-3/79ee736083e8993774bf9266626bb52f/transformed/appcompat-resources-1.6.1 as it is up-to-date.
Caching disabled for AarTransform: /home/runner/.gradle/caches/transforms-3/ef3c88ef6515e9e7721cc239e96a1477/transformed/viewpager2-1.1.0-beta02 because:
  Build cache is disabled
Skipping AarTransform: /home/runner/.gradle/caches/transforms-3/ef3c88ef6515e9e7721cc239e96a1477/transformed/viewpager2-1.1.0-beta02 as it is up-to-date.
Caching disabled for AarTransform: /home/runner/.gradle/caches/transforms-3/8891375a1bc91bb710ffef89177105ad/transformed/appcompat-1.6.1 because:
  Build cache is disabled
Skipping AarTransform: /home/runner/.gradle/caches/transforms-3/8891375a1bc91bb710ffef89177105ad/transformed/appcompat-1.6.1 as it is up-to-date.
Caching disabled for AarTransform: /home/runner/.gradle/caches/transforms-3/495758042ca0f5607c8580195051b518/transformed/recyclerview-1.3.2 because:
  Build cache is disabled
Skipping AarTransform: /home/runner/.gradle/caches/transforms-3/495758042ca0f5607c8580195051b518/transformed/recyclerview-1.3.2 as it is up-to-date.
Caching disabled for AarTransform: /home/runner/.gradle/caches/transforms-3/fb9e1b54ba0efe65bdd35d97e1779167/transformed/swiperefreshlayout-1.1.0 because:
  Build cache is disabled
Skipping AarTransform: /home/runner/.gradle/caches/transforms-3/fb9e1b54ba0efe65bdd35d97e1779167/transformed/swiperefreshlayout-1.1.0 as it is up-to-date.
Caching disabled for AarTransform: /home/runner/.gradle/caches/transforms-3/24fea28165bee96d432f2f0f4cae841e/transformed/emoji2-views-helper-1.2.0 because:
  Build cache is disabled
Skipping AarTransform: /home/runner/.gradle/caches/transforms-3/24fea28165bee96d432f2f0f4cae841e/transformed/emoji2-views-helper-1.2.0 as it is up-to-date.
Caching disabled for AarTransform: /home/runner/.gradle/caches/transforms-3/e90553fe079c912af51466fd36ee000d/transformed/emoji2-1.2.0 because:
  Build cache is disabled
Skipping AarTransform: /home/runner/.gradle/caches/transforms-3/e90553fe079c912af51466fd36ee000d/transformed/emoji2-1.2.0 as it is up-to-date.
Caching disabled for AarTransform: /home/runner/.gradle/caches/transforms-3/98aa3d885528e6c6aa8a5d42934f35b0/transformed/fragment-1.3.6 because:
  Build cache is disabled
Skipping AarTransform: /home/runner/.gradle/caches/transforms-3/98aa3d885528e6c6aa8a5d42934f35b0/transformed/fragment-1.3.6 as it is up-to-date.
Caching disabled for AarTransform: /home/runner/.gradle/caches/transforms-3/2b0c27ad856b62a1c7d8311931eca41e/transformed/activity-1.8.0 because:
  Build cache is disabled
Skipping AarTransform: /home/runner/.gradle/caches/transforms-3/2b0c27ad856b62a1c7d8311931eca41e/transformed/activity-1.8.0 as it is up-to-date.
Caching disabled for AarTransform: /home/runner/.gradle/caches/transforms-3/156662c0446d88703be71c5ea85394ee/transformed/coordinatorlayout-1.1.0 because:
  Build cache is disabled
Skipping AarTransform: /home/runner/.gradle/caches/transforms-3/156662c0446d88703be71c5ea85394ee/transformed/coordinatorlayout-1.1.0 as it is up-to-date.
Caching disabled for AarTransform: /home/runner/.gradle/caches/transforms-3/0666601880932e5ea304de5d3e90f0e6/transformed/drawerlayout-1.1.1 because:
  Build cache is disabled
Skipping AarTransform: /home/runner/.gradle/caches/transforms-3/0666601880932e5ea304de5d3e90f0e6/transformed/drawerlayout-1.1.1 as it is up-to-date.
Caching disabled for AarTransform: /home/runner/.gradle/caches/transforms-3/fbcbdd756e1eccc113c0c4ba3d916f6b/transformed/vectordrawable-animated-1.1.0 because:
  Build cache is disabled
Skipping AarTransform: /home/runner/.gradle/caches/transforms-3/fbcbdd756e1eccc113c0c4ba3d916f6b/transformed/vectordrawable-animated-1.1.0 as it is up-to-date.
Caching disabled for AarTransform: /home/runner/.gradle/caches/transforms-3/c8e7935bfeb3ccd2bcea2405a871ec17/transformed/transition-1.2.0 because:
  Build cache is disabled
Skipping AarTransform: /home/runner/.gradle/caches/transforms-3/c8e7935bfeb3ccd2bcea2405a871ec17/transformed/transition-1.2.0 as it is up-to-date.
Caching disabled for AarTransform: /home/runner/.gradle/caches/transforms-3/05776c6eb0b3562d3211ec5fa23e80fc/transformed/dynamicanimation-1.0.0 because:
  Build cache is disabled
Skipping AarTransform: /home/runner/.gradle/caches/transforms-3/05776c6eb0b3562d3211ec5fa23e80fc/transformed/dynamicanimation-1.0.0 as it is up-to-date.
Caching disabled for AarTransform: /home/runner/.gradle/caches/transforms-3/da9c554f0858b46344cb064b99f6470b/transformed/viewpager-1.0.0 because:
  Build cache is disabled
Skipping AarTransform: /home/runner/.gradle/caches/transforms-3/da9c554f0858b46344cb064b99f6470b/transformed/viewpager-1.0.0 as it is up-to-date.
Caching disabled for AarTransform: /home/runner/.gradle/caches/transforms-3/ae03016e9ee2406e676083e1778780bf/transformed/vectordrawable-1.1.0 because:
  Build cache is disabled
Skipping AarTransform: /home/runner/.gradle/caches/transforms-3/ae03016e9ee2406e676083e1778780bf/transformed/vectordrawable-1.1.0 as it is up-to-date.
Caching disabled for AarTransform: /home/runner/.gradle/caches/transforms-3/b4480a3418263b41508d46c8c5ca8cd8/transformed/legacy-support-core-utils-1.0.0 because:
  Build cache is disabled
Skipping AarTransform: /home/runner/.gradle/caches/transforms-3/b4480a3418263b41508d46c8c5ca8cd8/transformed/legacy-support-core-utils-1.0.0 as it is up-to-date.
Caching disabled for AarTransform: /home/runner/.gradle/caches/transforms-3/c41aa6211f038278362612431f3b2a75/transformed/loader-1.0.0 because:
  Build cache is disabled
Skipping AarTransform: /home/runner/.gradle/caches/transforms-3/c41aa6211f038278362612431f3b2a75/transformed/loader-1.0.0 as it is up-to-date.
Caching disabled for AarTransform: /home/runner/.gradle/caches/transforms-3/4320e56db7084d398e120f2ddfe5727a/transformed/customview-1.1.0 because:
  Build cache is disabled
Skipping AarTransform: /home/runner/.gradle/caches/transforms-3/4320e56db7084d398e120f2ddfe5727a/transformed/customview-1.1.0 as it is up-to-date.
Caching disabled for AarTransform: /home/runner/.gradle/caches/transforms-3/808f25e33273cf777e1c687f415f5885/transformed/core-1.12.0 because:
  Build cache is disabled
Skipping AarTransform: /home/runner/.gradle/caches/transforms-3/808f25e33273cf777e1c687f415f5885/transformed/core-1.12.0 as it is up-to-date.
Caching disabled for AarTransform: /home/runner/.gradle/caches/transforms-3/17f34e4f5c1e51ea128e74741c39f593/transformed/savedstate-1.2.1 because:
  Build cache is disabled
Skipping AarTransform: /home/runner/.gradle/caches/transforms-3/17f34e4f5c1e51ea128e74741c39f593/transformed/savedstate-1.2.1 as it is up-to-date.
Caching disabled for AarTransform: /home/runner/.gradle/caches/transforms-3/4298967f6acc46ffbd8f29396e3d06c4/transformed/customview-poolingcontainer-1.0.0 because:
  Build cache is disabled
Skipping AarTransform: /home/runner/.gradle/caches/transforms-3/4298967f6acc46ffbd8f29396e3d06c4/transformed/customview-poolingcontainer-1.0.0 as it is up-to-date.
Caching disabled for AarTransform: /home/runner/.gradle/caches/transforms-3/86d05be2685b442bcc9b63a26868bacb/transformed/lifecycle-livedata-core-2.6.1 because:
  Build cache is disabled
Skipping AarTransform: /home/runner/.gradle/caches/transforms-3/86d05be2685b442bcc9b63a26868bacb/transformed/lifecycle-livedata-core-2.6.1 as it is up-to-date.
Caching disabled for AarTransform: /home/runner/.gradle/caches/transforms-3/bbaf25cabfb9792c37b922dfbcb97824/transformed/lifecycle-process-2.6.1 because:
  Build cache is disabled
Skipping AarTransform: /home/runner/.gradle/caches/transforms-3/bbaf25cabfb9792c37b922dfbcb97824/transformed/lifecycle-process-2.6.1 as it is up-to-date.
Caching disabled for AarTransform: /home/runner/.gradle/caches/transforms-3/c2126ccf5d73d3bbef6dbaebc9382f7f/transformed/lifecycle-livedata-2.6.1 because:
  Build cache is disabled
Skipping AarTransform: /home/runner/.gradle/caches/transforms-3/c2126ccf5d73d3bbef6dbaebc9382f7f/transformed/lifecycle-livedata-2.6.1 as it is up-to-date.
Caching disabled for AarTransform: /home/runner/.gradle/caches/transforms-3/3b2893d462560264a9bcfbd2c8fd65d5/transformed/lifecycle-viewmodel-2.6.1 because:
  Build cache is disabled
Skipping AarTransform: /home/runner/.gradle/caches/transforms-3/3b2893d462560264a9bcfbd2c8fd65d5/transformed/lifecycle-viewmodel-2.6.1 as it is up-to-date.
Caching disabled for AarTransform: /home/runner/.gradle/caches/transforms-3/31953783a8302f878b5df3a2f79705b4/transformed/core-ktx-1.12.0 because:
  Build cache is disabled
Skipping AarTransform: /home/runner/.gradle/caches/transforms-3/31953783a8302f878b5df3a2f79705b4/transformed/core-ktx-1.12.0 as it is up-to-date.
Caching disabled for AarTransform: /home/runner/.gradle/caches/transforms-3/63987d2499df7576d8a97c39f548fa4f/transformed/lifecycle-runtime-2.6.1 because:
  Build cache is disabled
Skipping AarTransform: /home/runner/.gradle/caches/transforms-3/63987d2499df7576d8a97c39f548fa4f/transformed/lifecycle-runtime-2.6.1 as it is up-to-date.
Caching disabled for AarTransform: /home/runner/.gradle/caches/transforms-3/6decedb3f811a8e5c6494637a3c5b021/transformed/lifecycle-viewmodel-savedstate-2.6.1 because:
  Build cache is disabled
Skipping AarTransform: /home/runner/.gradle/caches/transforms-3/6decedb3f811a8e5c6494637a3c5b021/transformed/lifecycle-viewmodel-savedstate-2.6.1 as it is up-to-date.
Caching disabled for AarTransform: /home/runner/.gradle/caches/transforms-3/6b40b1fdfe34d774252d18b3b2d1b697/transformed/cardview-1.0.0 because:
  Build cache is disabled
Skipping AarTransform: /home/runner/.gradle/caches/transforms-3/6b40b1fdfe34d774252d18b3b2d1b697/transformed/cardview-1.0.0 as it is up-to-date.
Caching disabled for AarTransform: /home/runner/.gradle/caches/transforms-3/26e5df9d5c8be0de7f4f2a523325980b/transformed/annotation-experimental-1.3.0 because:
  Build cache is disabled
Skipping AarTransform: /home/runner/.gradle/caches/transforms-3/26e5df9d5c8be0de7f4f2a523325980b/transformed/annotation-experimental-1.3.0 as it is up-to-date.
Caching disabled for AarTransform: /home/runner/.gradle/caches/transforms-3/85595b34daa86b99eb55492d60a7a8a9/transformed/cursoradapter-1.0.0 because:
  Build cache is disabled
Skipping AarTransform: /home/runner/.gradle/caches/transforms-3/85595b34daa86b99eb55492d60a7a8a9/transformed/cursoradapter-1.0.0 as it is up-to-date.
Caching disabled for AarTransform: /home/runner/.gradle/caches/transforms-3/700a9d29eb5d6ed248ef23af07b515ba/transformed/interpolator-1.0.0 because:
  Build cache is disabled
Skipping AarTransform: /home/runner/.gradle/caches/transforms-3/700a9d29eb5d6ed248ef23af07b515ba/transformed/interpolator-1.0.0 as it is up-to-date.
Caching disabled for AarTransform: /home/runner/.gradle/caches/transforms-3/c95c70fe816f2902c8434f722301538d/transformed/versionedparcelable-1.1.1 because:
  Build cache is disabled
Skipping AarTransform: /home/runner/.gradle/caches/transforms-3/c95c70fe816f2902c8434f722301538d/transformed/versionedparcelable-1.1.1 as it is up-to-date.
Caching disabled for AarTransform: /home/runner/.gradle/caches/transforms-3/06b948aa8b95f6cd30e193c46b0a22d9/transformed/profileinstaller-1.3.0 because:
  Build cache is disabled
Skipping AarTransform: /home/runner/.gradle/caches/transforms-3/06b948aa8b95f6cd30e193c46b0a22d9/transformed/profileinstaller-1.3.0 as it is up-to-date.
Caching disabled for AarTransform: /home/runner/.gradle/caches/transforms-3/4f0091b14e067910e5c7c0d2e3187eeb/transformed/startup-runtime-1.1.1 because:
  Build cache is disabled
Skipping AarTransform: /home/runner/.gradle/caches/transforms-3/4f0091b14e067910e5c7c0d2e3187eeb/transformed/startup-runtime-1.1.1 as it is up-to-date.
Caching disabled for AarTransform: /home/runner/.gradle/caches/transforms-3/b73351ea044fbe66f9eb1c53a9e0a50a/transformed/tracing-1.0.0 because:
  Build cache is disabled
Skipping AarTransform: /home/runner/.gradle/caches/transforms-3/b73351ea044fbe66f9eb1c53a9e0a50a/transformed/tracing-1.0.0 as it is up-to-date.
Caching disabled for AarTransform: /home/runner/.gradle/caches/transforms-3/2adc9403fd118d8e252f9b170b4f2ca1/transformed/core-runtime-2.2.0 because:
  Build cache is disabled
Skipping AarTransform: /home/runner/.gradle/caches/transforms-3/2adc9403fd118d8e252f9b170b4f2ca1/transformed/core-runtime-2.2.0 as it is up-to-date.
Caching disabled for AarTransform: /home/runner/.gradle/caches/transforms-3/eb080d7afa461c0f10965141ae092a48/transformed/documentfile-1.0.0 because:
  Build cache is disabled
Skipping AarTransform: /home/runner/.gradle/caches/transforms-3/eb080d7afa461c0f10965141ae092a48/transformed/documentfile-1.0.0 as it is up-to-date.
Caching disabled for AarTransform: /home/runner/.gradle/caches/transforms-3/0e550df2fa61053f1941b07cd6f157b4/transformed/constraintlayout-2.1.4 because:
  Build cache is disabled
Skipping AarTransform: /home/runner/.gradle/caches/transforms-3/0e550df2fa61053f1941b07cd6f157b4/transformed/constraintlayout-2.1.4 as it is up-to-date.
Caching disabled for AarTransform: /home/runner/.gradle/caches/transforms-3/462d1718fdf6da42670951a0d4aa4de2/transformed/localbroadcastmanager-1.0.0 because:
  Build cache is disabled
Skipping AarTransform: /home/runner/.gradle/caches/transforms-3/462d1718fdf6da42670951a0d4aa4de2/transformed/localbroadcastmanager-1.0.0 as it is up-to-date.
Caching disabled for AarTransform: /home/runner/.gradle/caches/transforms-3/17a5fb8b4ee6eb33cfdbc0fc8d60c010/transformed/print-1.0.0 because:
  Build cache is disabled
Skipping AarTransform: /home/runner/.gradle/caches/transforms-3/17a5fb8b4ee6eb33cfdbc0fc8d60c010/transformed/print-1.0.0 as it is up-to-date.
Watching 184 directories to track changes
Watching 184 directories to track changes
Watching 184 directories to track changes
Caching disabled for task ':app:mergeDebugAssets' because:
  Build cache is disabled
Skipping task ':app:mergeDebugAssets' as it is up-to-date.
Resolve mutations for :app:compressDebugAssets (Thread[Execution worker Thread 3,5,main]) started.
:app:compressDebugAssets (Thread[Execution worker,5,main]) started.

> Task :app:compressDebugAssets UP-TO-DATE
Watching 185 directories to track changes
Caching disabled for task ':app:compressDebugAssets' because:
  Build cache is disabled
Skipping task ':app:compressDebugAssets' as it is up-to-date.
Resolve mutations for :app:checkDebugDuplicateClasses (Thread[Execution worker,5,main]) started.
:app:checkDebugDuplicateClasses (Thread[Execution worker,5,main]) started.

> Task :app:checkDebugDuplicateClasses UP-TO-DATE
Watching 186 directories to track changes
Transforming viewbinding-8.2.0.aar (androidx.databinding:viewbinding:8.2.0) with AarToClassTransform
Transforming material-1.11.0.aar (com.google.android.material:material:1.11.0) with AarToClassTransform
Transforming constraintlayout-2.1.4.aar (androidx.constraintlayout:constraintlayout:2.1.4) with AarToClassTransform
Transforming appcompat-resources-1.6.1.aar (androidx.appcompat:appcompat-resources:1.6.1) with AarToClassTransform
Transforming appcompat-1.6.1.aar (androidx.appcompat:appcompat:1.6.1) with AarToClassTransform
Transforming viewpager2-1.1.0-beta02.aar (androidx.viewpager2:viewpager2:1.1.0-beta02) with AarToClassTransform
Transforming recyclerview-1.3.2.aar (androidx.recyclerview:recyclerview:1.3.2) with AarToClassTransform
Transforming swiperefreshlayout-1.1.0.aar (androidx.swiperefreshlayout:swiperefreshlayout:1.1.0) with AarToClassTransform
Transforming emoji2-views-helper-1.2.0.aar (androidx.emoji2:emoji2-views-helper:1.2.0) with AarToClassTransform
Transforming emoji2-1.2.0.aar (androidx.emoji2:emoji2:1.2.0) with AarToClassTransform
Transforming fragment-1.3.6.aar (androidx.fragment:fragment:1.3.6) with AarToClassTransform
Transforming activity-1.8.0.aar (androidx.activity:activity:1.8.0) with AarToClassTransform
Transforming drawerlayout-1.1.1.aar (androidx.drawerlayout:drawerlayout:1.1.1) with AarToClassTransform
Transforming coordinatorlayout-1.1.0.aar (androidx.coordinatorlayout:coordinatorlayout:1.1.0) with AarToClassTransform
Transforming dynamicanimation-1.0.0.aar (androidx.dynamicanimation:dynamicanimation:1.0.0) with AarToClassTransform
Transforming transition-1.2.0.aar (androidx.transition:transition:1.2.0) with AarToClassTransform
Transforming vectordrawable-animated-1.1.0.aar (androidx.vectordrawable:vectordrawable-animated:1.1.0) with AarToClassTransform
Transforming vectordrawable-1.1.0.aar (androidx.vectordrawable:vectordrawable:1.1.0) with AarToClassTransform
Transforming vectordrawable-1.1.0.aar (androidx.vectordrawable:vectordrawable:1.1.0) with AarToClassTransform
Transforming viewpager-1.0.0.aar (androidx.viewpager:viewpager:1.0.0) with AarToClassTransform
Transforming legacy-support-core-utils-1.0.0.aar (androidx.legacy:legacy-support-core-utils:1.0.0) with AarToClassTransform
Transforming loader-1.0.0.aar (androidx.loader:loader:1.0.0) with AarToClassTransform
Transforming loader-1.0.0.aar (androidx.loader:loader:1.0.0) with AarToClassTransform
Transforming customview-1.1.0.aar (androidx.customview:customview:1.1.0) with AarToClassTransform
Transforming customview-1.1.0.aar (androidx.customview:customview:1.1.0) with AarToClassTransform
Transforming customview-1.1.0.aar (androidx.customview:customview:1.1.0) with AarToClassTransform
Transforming customview-1.1.0.aar (androidx.customview:customview:1.1.0) with AarToClassTransform
Transforming core-1.12.0.aar (androidx.core:core:1.12.0) with AarToClassTransform
Transforming core-1.12.0.aar (androidx.core:core:1.12.0) with AarToClassTransform
Transforming core-1.12.0.aar (androidx.core:core:1.12.0) with AarToClassTransform
Transforming core-1.12.0.aar (androidx.core:core:1.12.0) with AarToClassTransform
Transforming core-1.12.0.aar (androidx.core:core:1.12.0) with AarToClassTransform
Transforming core-1.12.0.aar (androidx.core:core:1.12.0) with AarToClassTransform
Transforming core-1.12.0.aar (androidx.core:core:1.12.0) with AarToClassTransform
Transforming core-1.12.0.aar (androidx.core:core:1.12.0) with AarToClassTransform
Transforming core-1.12.0.aar (androidx.core:core:1.12.0) with AarToClassTransform
Transforming core-1.12.0.aar (androidx.core:core:1.12.0) with AarToClassTransform
Transforming core-1.12.0.aar (androidx.core:core:1.12.0) with AarToClassTransform
Transforming customview-poolingcontainer-1.0.0.aar (androidx.customview:customview-poolingcontainer:1.0.0) with AarToClassTransform
Transforming savedstate-1.2.1.aar (androidx.savedstate:savedstate:1.2.1) with AarToClassTransform
Transforming lifecycle-process-2.6.1.aar (androidx.lifecycle:lifecycle-process:2.6.1) with AarToClassTransform
Transforming lifecycle-livedata-core-2.6.1.aar (androidx.lifecycle:lifecycle-livedata-core:2.6.1) with AarToClassTransform
Transforming lifecycle-livedata-2.6.1.aar (androidx.lifecycle:lifecycle-livedata:2.6.1) with AarToClassTransform
Transforming lifecycle-common-2.6.1.jar (androidx.lifecycle:lifecycle-common:2.6.1) with IdentityTransform
Transforming lifecycle-common-2.6.1.jar (androidx.lifecycle:lifecycle-common:2.6.1) with EnumerateClassesTransform
Transforming lifecycle-viewmodel-2.6.1.aar (androidx.lifecycle:lifecycle-viewmodel:2.6.1) with AarToClassTransform
Transforming lifecycle-viewmodel-2.6.1.aar (androidx.lifecycle:lifecycle-viewmodel:2.6.1) with AarToClassTransform
Transforming lifecycle-runtime-2.6.1.aar (androidx.lifecycle:lifecycle-runtime:2.6.1) with AarToClassTransform
Transforming lifecycle-viewmodel-savedstate-2.6.1.aar (androidx.lifecycle:lifecycle-viewmodel-savedstate:2.6.1) with AarToClassTransform
Transforming core-ktx-1.12.0.aar (androidx.core:core-ktx:1.12.0) with AarToClassTransform
Transforming annotation-experimental-1.3.0.aar (androidx.annotation:annotation-experimental:1.3.0) with AarToClassTransform
Transforming kotlinx-coroutines-core-jvm-1.7.3.jar (org.jetbrains.kotlinx:kotlinx-coroutines-core-jvm:1.7.3) with IdentityTransform
Transforming kotlinx-coroutines-core-jvm-1.7.3.jar (org.jetbrains.kotlinx:kotlinx-coroutines-core-jvm:1.7.3) with EnumerateClassesTransform
Transforming kotlinx-coroutines-android-1.7.3.jar (org.jetbrains.kotlinx:kotlinx-coroutines-android:1.7.3) with IdentityTransform
Transforming kotlinx-coroutines-android-1.7.3.jar (org.jetbrains.kotlinx:kotlinx-coroutines-android:1.7.3) with EnumerateClassesTransform
Transforming kotlin-stdlib-jdk8-1.8.22.jar (org.jetbrains.kotlin:kotlin-stdlib-jdk8:1.8.22) with IdentityTransform
Transforming kotlin-stdlib-jdk8-1.8.22.jar (org.jetbrains.kotlin:kotlin-stdlib-jdk8:1.8.22) with EnumerateClassesTransform
Transforming cursoradapter-1.0.0.aar (androidx.cursoradapter:cursoradapter:1.0.0) with AarToClassTransform
Transforming resourceinspection-annotation-1.0.1.jar (androidx.resourceinspection:resourceinspection-annotation:1.0.1) with IdentityTransform
Transforming resourceinspection-annotation-1.0.1.jar (androidx.resourceinspection:resourceinspection-annotation:1.0.1) with EnumerateClassesTransform
Transforming cardview-1.0.0.aar (androidx.cardview:cardview:1.0.0) with AarToClassTransform
Transforming interpolator-1.0.0.aar (androidx.interpolator:interpolator:1.0.0) with AarToClassTransform
Transforming interpolator-1.0.0.aar (androidx.interpolator:interpolator:1.0.0) with AarToClassTransform
Transforming interpolator-1.0.0.aar (androidx.interpolator:interpolator:1.0.0) with AarToClassTransform
Caching disabled for AarToClassTransform: /home/runner/.gradle/caches/modules-2/files-2.1/androidx.databinding/viewbinding/8.2.0/82f5fd3bd4ee912e5fee216e201769288a2a9dae/viewbinding-8.2.0.aar because:
  Build cache is disabled
Skipping AarToClassTransform: /home/runner/.gradle/caches/modules-2/files-2.1/androidx.databinding/viewbinding/8.2.0/82f5fd3bd4ee912e5fee216e201769288a2a9dae/viewbinding-8.2.0.aar as it is up-to-date.
Transforming viewbinding-8.2.0.aar (androidx.databinding:viewbinding:8.2.0) with EnumerateClassesTransform
Caching disabled for AarToClassTransform: /home/runner/.gradle/caches/modules-2/files-2.1/com.google.android.material/material/1.11.0/e46abb2e27abed3ad274ba96b169a4c61fbb11fd/material-1.11.0.aar because:
  Build cache is disabled
Skipping AarToClassTransform: /home/runner/.gradle/caches/modules-2/files-2.1/com.google.android.material/material/1.11.0/e46abb2e27abed3ad274ba96b169a4c61fbb11fd/material-1.11.0.aar as it is up-to-date.
Transforming material-1.11.0.aar (com.google.android.material:material:1.11.0) with EnumerateClassesTransform
Caching disabled for EnumerateClassesTransform: /home/runner/.gradle/caches/transforms-3/7ad410c08f33f2fa3e525e42841556e3/transformed/viewbinding-8.2.0-runtime.jar because:
  Build cache is disabled
Skipping EnumerateClassesTransform: /home/runner/.gradle/caches/transforms-3/7ad410c08f33f2fa3e525e42841556e3/transformed/viewbinding-8.2.0-runtime.jar as it is up-to-date.
Caching disabled for AarToClassTransform: /home/runner/.gradle/caches/modules-2/files-2.1/androidx.appcompat/appcompat-resources/1.6.1/3fe43025e50b556f319b1ff82a730d5a376a31e/appcompat-resources-1.6.1.aar because:
  Build cache is disabled
Skipping AarToClassTransform: /home/runner/.gradle/caches/modules-2/files-2.1/androidx.appcompat/appcompat-resources/1.6.1/3fe43025e50b556f319b1ff82a730d5a376a31e/appcompat-resources-1.6.1.aar as it is up-to-date.
Transforming appcompat-resources-1.6.1.aar (androidx.appcompat:appcompat-resources:1.6.1) with EnumerateClassesTransform
Caching disabled for EnumerateClassesTransform: /home/runner/.gradle/caches/transforms-3/6b0357cf75e670990f0237c3a94bf33c/transformed/material-1.11.0-runtime.jar because:
  Build cache is disabled
Skipping EnumerateClassesTransform: /home/runner/.gradle/caches/transforms-3/6b0357cf75e670990f0237c3a94bf33c/transformed/material-1.11.0-runtime.jar as it is up-to-date.
Transforming versionedparcelable-1.1.1.aar (androidx.versionedparcelable:versionedparcelable:1.1.1) with AarToClassTransform
Transforming collection-1.1.0.jar (androidx.collection:collection:1.1.0) with IdentityTransform
Transforming collection-1.1.0.jar (androidx.collection:collection:1.1.0) with EnumerateClassesTransform
Transforming profileinstaller-1.3.0.aar (androidx.profileinstaller:profileinstaller:1.3.0) with AarToClassTransform
Transforming startup-runtime-1.1.1.aar (androidx.startup:startup-runtime:1.1.1) with AarToClassTransform
Transforming tracing-1.0.0.aar (androidx.tracing:tracing:1.0.0) with AarToClassTransform
Transforming core-runtime-2.2.0.aar (androidx.arch.core:core-runtime:2.2.0) with AarToClassTransform
Transforming core-common-2.2.0.jar (androidx.arch.core:core-common:2.2.0) with IdentityTransform
Transforming core-common-2.2.0.jar (androidx.arch.core:core-common:2.2.0) with EnumerateClassesTransform
Transforming documentfile-1.0.0.aar (androidx.documentfile:documentfile:1.0.0) with AarToClassTransform
Caching disabled for EnumerateClassesTransform: /home/runner/.gradle/caches/transforms-3/cc23ada745d54b1404a35c023c6ddd06/transformed/appcompat-resources-1.6.1-runtime.jar because:
  Build cache is disabled
Skipping EnumerateClassesTransform: /home/runner/.gradle/caches/transforms-3/cc23ada745d54b1404a35c023c6ddd06/transformed/appcompat-resources-1.6.1-runtime.jar as it is up-to-date.
Transforming localbroadcastmanager-1.0.0.aar (androidx.localbroadcastmanager:localbroadcastmanager:1.0.0) with AarToClassTransform
Transforming print-1.0.0.aar (androidx.print:print:1.0.0) with AarToClassTransform
Transforming annotation-jvm-1.6.0.jar (androidx.annotation:annotation-jvm:1.6.0) with IdentityTransform
Transforming annotation-jvm-1.6.0.jar (androidx.annotation:annotation-jvm:1.6.0) with EnumerateClassesTransform
Transforming kotlin-stdlib-jdk7-1.8.22.jar (org.jetbrains.kotlin:kotlin-stdlib-jdk7:1.8.22) with IdentityTransform
Transforming kotlin-stdlib-jdk7-1.8.22.jar (org.jetbrains.kotlin:kotlin-stdlib-jdk7:1.8.22) with EnumerateClassesTransform
Transforming kotlin-stdlib-1.9.22.jar (org.jetbrains.kotlin:kotlin-stdlib:1.9.22) with IdentityTransform
Transforming kotlin-stdlib-1.9.22.jar (org.jetbrains.kotlin:kotlin-stdlib:1.9.22) with EnumerateClassesTransform
Transforming annotations-23.0.0.jar (org.jetbrains:annotations:23.0.0) with IdentityTransform
Transforming annotations-23.0.0.jar (org.jetbrains:annotations:23.0.0) with EnumerateClassesTransform
Caching disabled for AarToClassTransform: /home/runner/.gradle/caches/modules-2/files-2.1/androidx.appcompat/appcompat/1.6.1/6c7577004b7ebbee5ed87d512b578dd20e3c8c31/appcompat-1.6.1.aar because:
  Build cache is disabled
Skipping AarToClassTransform: /home/runner/.gradle/caches/modules-2/files-2.1/androidx.appcompat/appcompat/1.6.1/6c7577004b7ebbee5ed87d512b578dd20e3c8c31/appcompat-1.6.1.aar as it is up-to-date.
Transforming appcompat-1.6.1.aar (androidx.appcompat:appcompat:1.6.1) with EnumerateClassesTransform
Caching disabled for AarToClassTransform: /home/runner/.gradle/caches/modules-2/files-2.1/androidx.viewpager2/viewpager2/1.1.0-beta02/8382bf0f6d375711dfb5ae019e77960c22f8f893/viewpager2-1.1.0-beta02.aar because:
  Build cache is disabled
Skipping AarToClassTransform: /home/runner/.gradle/caches/modules-2/files-2.1/androidx.viewpager2/viewpager2/1.1.0-beta02/8382bf0f6d375711dfb5ae019e77960c22f8f893/viewpager2-1.1.0-beta02.aar as it is up-to-date.
Transforming viewpager2-1.1.0-beta02.aar (androidx.viewpager2:viewpager2:1.1.0-beta02) with EnumerateClassesTransform
Caching disabled for AarToClassTransform: /home/runner/.gradle/caches/modules-2/files-2.1/androidx.recyclerview/recyclerview/1.3.2/e1d76099dbbd88ee0ee7c39cfa96ed0ea01bc8ad/recyclerview-1.3.2.aar because:
  Build cache is disabled
Skipping AarToClassTransform: /home/runner/.gradle/caches/modules-2/files-2.1/androidx.recyclerview/recyclerview/1.3.2/e1d76099dbbd88ee0ee7c39cfa96ed0ea01bc8ad/recyclerview-1.3.2.aar as it is up-to-date.
Transforming recyclerview-1.3.2.aar (androidx.recyclerview:recyclerview:1.3.2) with EnumerateClassesTransform
Caching disabled for EnumerateClassesTransform: /home/runner/.gradle/caches/transforms-3/b4e1b7e7f41444179f2adc8f4549797d/transformed/appcompat-1.6.1-runtime.jar because:
  Build cache is disabled
Skipping EnumerateClassesTransform: /home/runner/.gradle/caches/transforms-3/b4e1b7e7f41444179f2adc8f4549797d/transformed/appcompat-1.6.1-runtime.jar as it is up-to-date.
Caching disabled for EnumerateClassesTransform: /home/runner/.gradle/caches/transforms-3/c3af0220ad4231f26415b593e3fb237d/transformed/viewpager2-1.1.0-beta02-runtime.jar because:
  Build cache is disabled
Skipping EnumerateClassesTransform: /home/runner/.gradle/caches/transforms-3/c3af0220ad4231f26415b593e3fb237d/transformed/viewpager2-1.1.0-beta02-runtime.jar as it is up-to-date.
Caching disabled for EnumerateClassesTransform: /home/runner/.gradle/caches/transforms-3/698636b6cb89e8cd4cda1a466c09e4c1/transformed/recyclerview-1.3.2-runtime.jar because:
  Build cache is disabled
Skipping EnumerateClassesTransform: /home/runner/.gradle/caches/transforms-3/698636b6cb89e8cd4cda1a466c09e4c1/transformed/recyclerview-1.3.2-runtime.jar as it is up-to-date.
Caching disabled for AarToClassTransform: /home/runner/.gradle/caches/modules-2/files-2.1/androidx.emoji2/emoji2-views-helper/1.2.0/4a22802fc9e88ad232522f04a35d1fdc3e5b4df0/emoji2-views-helper-1.2.0.aar because:
  Build cache is disabled
Skipping AarToClassTransform: /home/runner/.gradle/caches/modules-2/files-2.1/androidx.emoji2/emoji2-views-helper/1.2.0/4a22802fc9e88ad232522f04a35d1fdc3e5b4df0/emoji2-views-helper-1.2.0.aar as it is up-to-date.
Transforming emoji2-views-helper-1.2.0.aar (androidx.emoji2:emoji2-views-helper:1.2.0) with EnumerateClassesTransform
Caching disabled for AarToClassTransform: /home/runner/.gradle/caches/modules-2/files-2.1/androidx.swiperefreshlayout/swiperefreshlayout/1.1.0/2aeac64056fe6cc0420afad0b699a7f9257b8ebe/swiperefreshlayout-1.1.0.aar because:
  Build cache is disabled
Skipping AarToClassTransform: /home/runner/.gradle/caches/modules-2/files-2.1/androidx.swiperefreshlayout/swiperefreshlayout/1.1.0/2aeac64056fe6cc0420afad0b699a7f9257b8ebe/swiperefreshlayout-1.1.0.aar as it is up-to-date.
Transforming swiperefreshlayout-1.1.0.aar (androidx.swiperefreshlayout:swiperefreshlayout:1.1.0) with EnumerateClassesTransform
Caching disabled for AarToClassTransform: /home/runner/.gradle/caches/modules-2/files-2.1/androidx.emoji2/emoji2/1.2.0/2c95c9aa87788e4d9ce692ecfc961db004e57480/emoji2-1.2.0.aar because:
  Build cache is disabled
Skipping AarToClassTransform: /home/runner/.gradle/caches/modules-2/files-2.1/androidx.emoji2/emoji2/1.2.0/2c95c9aa87788e4d9ce692ecfc961db004e57480/emoji2-1.2.0.aar as it is up-to-date.
Transforming emoji2-1.2.0.aar (androidx.emoji2:emoji2:1.2.0) with EnumerateClassesTransform
Caching disabled for EnumerateClassesTransform: /home/runner/.gradle/caches/transforms-3/ae8d5b94ff53d0aa5b659b34a5d1af3b/transformed/emoji2-views-helper-1.2.0-runtime.jar because:
  Build cache is disabled
Skipping EnumerateClassesTransform: /home/runner/.gradle/caches/transforms-3/ae8d5b94ff53d0aa5b659b34a5d1af3b/transformed/emoji2-views-helper-1.2.0-runtime.jar as it is up-to-date.
Caching disabled for EnumerateClassesTransform: /home/runner/.gradle/caches/transforms-3/03afe22b48dda752f429fb82bbb4dd3a/transformed/swiperefreshlayout-1.1.0-runtime.jar because:
  Build cache is disabled
Skipping EnumerateClassesTransform: /home/runner/.gradle/caches/transforms-3/03afe22b48dda752f429fb82bbb4dd3a/transformed/swiperefreshlayout-1.1.0-runtime.jar as it is up-to-date.
Caching disabled for EnumerateClassesTransform: /home/runner/.gradle/caches/transforms-3/3cb95e38a60585e4807a8c3043b4fc4b/transformed/emoji2-1.2.0-runtime.jar because:
  Build cache is disabled
Skipping EnumerateClassesTransform: /home/runner/.gradle/caches/transforms-3/3cb95e38a60585e4807a8c3043b4fc4b/transformed/emoji2-1.2.0-runtime.jar as it is up-to-date.
Caching disabled for AarToClassTransform: /home/runner/.gradle/caches/modules-2/files-2.1/androidx.fragment/fragment/1.3.6/6391fc504e7c0f24051ac8b9da3f0ba4d1241dff/fragment-1.3.6.aar because:
  Build cache is disabled
Skipping AarToClassTransform: /home/runner/.gradle/caches/modules-2/files-2.1/androidx.fragment/fragment/1.3.6/6391fc504e7c0f24051ac8b9da3f0ba4d1241dff/fragment-1.3.6.aar as it is up-to-date.
Caching disabled for AarToClassTransform: /home/runner/.gradle/caches/modules-2/files-2.1/androidx.activity/activity/1.8.0/4266e2118d565daa20212d1726e11f41e1a4d0ca/activity-1.8.0.aar because:
  Build cache is disabled
Skipping AarToClassTransform: /home/runner/.gradle/caches/modules-2/files-2.1/androidx.activity/activity/1.8.0/4266e2118d565daa20212d1726e11f41e1a4d0ca/activity-1.8.0.aar as it is up-to-date.
Caching disabled for AarToClassTransform: /home/runner/.gradle/caches/modules-2/files-2.1/androidx.drawerlayout/drawerlayout/1.1.1/1b2b049e1e88589510ddd4d93f2699b46ecd73dd/drawerlayout-1.1.1.aar because:
  Build cache is disabled
Skipping AarToClassTransform: /home/runner/.gradle/caches/modules-2/files-2.1/androidx.drawerlayout/drawerlayout/1.1.1/1b2b049e1e88589510ddd4d93f2699b46ecd73dd/drawerlayout-1.1.1.aar as it is up-to-date.
Transforming drawerlayout-1.1.1.aar (androidx.drawerlayout:drawerlayout:1.1.1) with EnumerateClassesTransform
Transforming fragment-1.3.6.aar (androidx.fragment:fragment:1.3.6) with EnumerateClassesTransform
Transforming activity-1.8.0.aar (androidx.activity:activity:1.8.0) with EnumerateClassesTransform
Caching disabled for EnumerateClassesTransform: /home/runner/.gradle/caches/transforms-3/2d44f121ae9393debe4b756a63240d04/transformed/activity-1.8.0-runtime.jar because:
  Build cache is disabled
Skipping EnumerateClassesTransform: /home/runner/.gradle/caches/transforms-3/2d44f121ae9393debe4b756a63240d04/transformed/activity-1.8.0-runtime.jar as it is up-to-date.
Caching disabled for EnumerateClassesTransform: /home/runner/.gradle/caches/transforms-3/cf6530ab6822252bed831f90f9fdf965/transformed/fragment-1.3.6-runtime.jar because:
  Build cache is disabled
Skipping EnumerateClassesTransform: /home/runner/.gradle/caches/transforms-3/cf6530ab6822252bed831f90f9fdf965/transformed/fragment-1.3.6-runtime.jar as it is up-to-date.
Caching disabled for EnumerateClassesTransform: /home/runner/.gradle/caches/transforms-3/7a0b15fccc2bd470bc4b0bfcd34a1459/transformed/drawerlayout-1.1.1-runtime.jar because:
  Build cache is disabled
Skipping EnumerateClassesTransform: /home/runner/.gradle/caches/transforms-3/7a0b15fccc2bd470bc4b0bfcd34a1459/transformed/drawerlayout-1.1.1-runtime.jar as it is up-to-date.
Caching disabled for AarToClassTransform: /home/runner/.gradle/caches/modules-2/files-2.1/androidx.dynamicanimation/dynamicanimation/1.0.0/e980497a58fb319d471f3bb78d066b926a08ba8e/dynamicanimation-1.0.0.aar because:
  Build cache is disabled
Skipping AarToClassTransform: /home/runner/.gradle/caches/modules-2/files-2.1/androidx.dynamicanimation/dynamicanimation/1.0.0/e980497a58fb319d471f3bb78d066b926a08ba8e/dynamicanimation-1.0.0.aar as it is up-to-date.
Transforming dynamicanimation-1.0.0.aar (androidx.dynamicanimation:dynamicanimation:1.0.0) with EnumerateClassesTransform
Caching disabled for AarToClassTransform: /home/runner/.gradle/caches/modules-2/files-2.1/androidx.coordinatorlayout/coordinatorlayout/1.1.0/8eeb7baf75b9595d017642a460df5af3bb9fa4e1/coordinatorlayout-1.1.0.aar because:
  Build cache is disabled
Skipping AarToClassTransform: /home/runner/.gradle/caches/modules-2/files-2.1/androidx.coordinatorlayout/coordinatorlayout/1.1.0/8eeb7baf75b9595d017642a460df5af3bb9fa4e1/coordinatorlayout-1.1.0.aar as it is up-to-date.
Transforming coordinatorlayout-1.1.0.aar (androidx.coordinatorlayout:coordinatorlayout:1.1.0) with EnumerateClassesTransform
Caching disabled for AarToClassTransform: /home/runner/.gradle/caches/modules-2/files-2.1/androidx.transition/transition/1.2.0/28003577e8b32f5417bfe899bbdc7a333dc81c9f/transition-1.2.0.aar because:
  Build cache is disabled
Skipping AarToClassTransform: /home/runner/.gradle/caches/modules-2/files-2.1/androidx.transition/transition/1.2.0/28003577e8b32f5417bfe899bbdc7a333dc81c9f/transition-1.2.0.aar as it is up-to-date.
Transforming transition-1.2.0.aar (androidx.transition:transition:1.2.0) with EnumerateClassesTransform
Caching disabled for EnumerateClassesTransform: /home/runner/.gradle/caches/transforms-3/6f593fd4d55aa2287832ffad3178b30c/transformed/dynamicanimation-1.0.0-runtime.jar because:
  Build cache is disabled
Skipping EnumerateClassesTransform: /home/runner/.gradle/caches/transforms-3/6f593fd4d55aa2287832ffad3178b30c/transformed/dynamicanimation-1.0.0-runtime.jar as it is up-to-date.
Caching disabled for EnumerateClassesTransform: /home/runner/.gradle/caches/transforms-3/e82bfb33833b5084d3dcefc3b06cbe39/transformed/transition-1.2.0-runtime.jar because:
  Build cache is disabled
Skipping EnumerateClassesTransform: /home/runner/.gradle/caches/transforms-3/e82bfb33833b5084d3dcefc3b06cbe39/transformed/transition-1.2.0-runtime.jar as it is up-to-date.
Caching disabled for EnumerateClassesTransform: /home/runner/.gradle/caches/transforms-3/54cb6dc25a2929b26ad2bf53af80d532/transformed/coordinatorlayout-1.1.0-runtime.jar because:
  Build cache is disabled
Skipping EnumerateClassesTransform: /home/runner/.gradle/caches/transforms-3/54cb6dc25a2929b26ad2bf53af80d532/transformed/coordinatorlayout-1.1.0-runtime.jar as it is up-to-date.
Caching disabled for AarToClassTransform: /home/runner/.gradle/caches/modules-2/files-2.1/androidx.vectordrawable/vectordrawable-animated/1.1.0/fcda1161354501471c30a4e077af6b5c4d4eddc6/vectordrawable-animated-1.1.0.aar because:
  Build cache is disabled
Skipping AarToClassTransform: /home/runner/.gradle/caches/modules-2/files-2.1/androidx.vectordrawable/vectordrawable-animated/1.1.0/fcda1161354501471c30a4e077af6b5c4d4eddc6/vectordrawable-animated-1.1.0.aar as it is up-to-date.
Transforming vectordrawable-animated-1.1.0.aar (androidx.vectordrawable:vectordrawable-animated:1.1.0) with EnumerateClassesTransform
Caching disabled for AarToClassTransform: /home/runner/.gradle/caches/modules-2/files-2.1/androidx.vectordrawable/vectordrawable/1.1.0/eac7a364fff534035a2a6cb17770a1288315f69f/vectordrawable-1.1.0.aar because:
  Build cache is disabled
Skipping AarToClassTransform: /home/runner/.gradle/caches/modules-2/files-2.1/androidx.vectordrawable/vectordrawable/1.1.0/eac7a364fff534035a2a6cb17770a1288315f69f/vectordrawable-1.1.0.aar as it is up-to-date.
Transforming vectordrawable-1.1.0.aar (androidx.vectordrawable:vectordrawable:1.1.0) with EnumerateClassesTransform
Transforming vectordrawable-1.1.0.aar (androidx.vectordrawable:vectordrawable:1.1.0) with EnumerateClassesTransform
Caching disabled for EnumerateClassesTransform: /home/runner/.gradle/caches/transforms-3/d01eaebe60eb536f7db6968bb6594315/transformed/vectordrawable-animated-1.1.0-runtime.jar because:
  Build cache is disabled
Skipping EnumerateClassesTransform: /home/runner/.gradle/caches/transforms-3/d01eaebe60eb536f7db6968bb6594315/transformed/vectordrawable-animated-1.1.0-runtime.jar as it is up-to-date.
Caching disabled for EnumerateClassesTransform: /home/runner/.gradle/caches/transforms-3/ecac587bf1116be1500fa589c8c42e0b/transformed/vectordrawable-1.1.0-runtime.jar because:
  Build cache is disabled
Skipping EnumerateClassesTransform: /home/runner/.gradle/caches/transforms-3/ecac587bf1116be1500fa589c8c42e0b/transformed/vectordrawable-1.1.0-runtime.jar as it is up-to-date.
Caching disabled for AarToClassTransform: /home/runner/.gradle/caches/modules-2/files-2.1/androidx.viewpager/viewpager/1.0.0/1f90e13820f96c2fb868f9674079a551678d68b2/viewpager-1.0.0.aar because:
  Build cache is disabled
Skipping AarToClassTransform: /home/runner/.gradle/caches/modules-2/files-2.1/androidx.viewpager/viewpager/1.0.0/1f90e13820f96c2fb868f9674079a551678d68b2/viewpager-1.0.0.aar as it is up-to-date.
Transforming viewpager-1.0.0.aar (androidx.viewpager:viewpager:1.0.0) with EnumerateClassesTransform
Caching disabled for AarToClassTransform: /home/runner/.gradle/caches/modules-2/files-2.1/androidx.legacy/legacy-support-core-utils/1.0.0/9b9570042115da8629519090dfeb71df75da59fc/legacy-support-core-utils-1.0.0.aar because:
  Build cache is disabled
Skipping AarToClassTransform: /home/runner/.gradle/caches/modules-2/files-2.1/androidx.legacy/legacy-support-core-utils/1.0.0/9b9570042115da8629519090dfeb71df75da59fc/legacy-support-core-utils-1.0.0.aar as it is up-to-date.
Transforming legacy-support-core-utils-1.0.0.aar (androidx.legacy:legacy-support-core-utils:1.0.0) with EnumerateClassesTransform
Caching disabled for AarToClassTransform: /home/runner/.gradle/caches/modules-2/files-2.1/androidx.loader/loader/1.0.0/8af8b6cec0da85c207d03e15840e0722cbc71e70/loader-1.0.0.aar because:
  Build cache is disabled
Skipping AarToClassTransform: /home/runner/.gradle/caches/modules-2/files-2.1/androidx.loader/loader/1.0.0/8af8b6cec0da85c207d03e15840e0722cbc71e70/loader-1.0.0.aar as it is up-to-date.
Caching disabled for EnumerateClassesTransform: /home/runner/.gradle/caches/transforms-3/e39e9c8bef517376954687c576e63c9a/transformed/viewpager-1.0.0-runtime.jar because:
  Build cache is disabled
Skipping EnumerateClassesTransform: /home/runner/.gradle/caches/transforms-3/e39e9c8bef517376954687c576e63c9a/transformed/viewpager-1.0.0-runtime.jar as it is up-to-date.
Caching disabled for EnumerateClassesTransform: /home/runner/.gradle/caches/transforms-3/eb4bd3484b000d3caaedebb76a1e6302/transformed/legacy-support-core-utils-1.0.0-runtime.jar because:
  Build cache is disabled
Skipping EnumerateClassesTransform: /home/runner/.gradle/caches/transforms-3/eb4bd3484b000d3caaedebb76a1e6302/transformed/legacy-support-core-utils-1.0.0-runtime.jar as it is up-to-date.
Transforming loader-1.0.0.aar (androidx.loader:loader:1.0.0) with EnumerateClassesTransform
Transforming loader-1.0.0.aar (androidx.loader:loader:1.0.0) with EnumerateClassesTransform
Caching disabled for EnumerateClassesTransform: /home/runner/.gradle/caches/transforms-3/7c95a1c0b6eddb891161171ab59ae7f6/transformed/loader-1.0.0-runtime.jar because:
  Build cache is disabled
Skipping EnumerateClassesTransform: /home/runner/.gradle/caches/transforms-3/7c95a1c0b6eddb891161171ab59ae7f6/transformed/loader-1.0.0-runtime.jar as it is up-to-date.
Caching disabled for AarToClassTransform: /home/runner/.gradle/caches/modules-2/files-2.1/androidx.customview/customview/1.1.0/a030aaf64c5419a89f7d91a33755c4629a43471/customview-1.1.0.aar because:
  Build cache is disabled
Skipping AarToClassTransform: /home/runner/.gradle/caches/modules-2/files-2.1/androidx.customview/customview/1.1.0/a030aaf64c5419a89f7d91a33755c4629a43471/customview-1.1.0.aar as it is up-to-date.
Transforming customview-1.1.0.aar (androidx.customview:customview:1.1.0) with EnumerateClassesTransform
Transforming customview-1.1.0.aar (androidx.customview:customview:1.1.0) with EnumerateClassesTransform
Caching disabled for EnumerateClassesTransform: /home/runner/.gradle/caches/transforms-3/246889483081790687d3974a19a6b96e/transformed/customview-1.1.0-runtime.jar because:
  Build cache is disabled
Skipping EnumerateClassesTransform: /home/runner/.gradle/caches/transforms-3/246889483081790687d3974a19a6b96e/transformed/customview-1.1.0-runtime.jar as it is up-to-date.
Caching disabled for AarToClassTransform: /home/runner/.gradle/caches/modules-2/files-2.1/androidx.core/core/1.12.0/5aa3088ed93ba8ebaea2b8a83befdfa829339e7a/core-1.12.0.aar because:
  Build cache is disabled
Skipping AarToClassTransform: /home/runner/.gradle/caches/modules-2/files-2.1/androidx.core/core/1.12.0/5aa3088ed93ba8ebaea2b8a83befdfa829339e7a/core-1.12.0.aar as it is up-to-date.
Transforming core-1.12.0.aar (androidx.core:core:1.12.0) with EnumerateClassesTransform
Transforming core-1.12.0.aar (androidx.core:core:1.12.0) with EnumerateClassesTransform
Caching disabled for EnumerateClassesTransform: /home/runner/.gradle/caches/transforms-3/02f972e4beeb183989b2572872dda9b4/transformed/core-1.12.0-runtime.jar because:
  Build cache is disabled
Skipping EnumerateClassesTransform: /home/runner/.gradle/caches/transforms-3/02f972e4beeb183989b2572872dda9b4/transformed/core-1.12.0-runtime.jar as it is up-to-date.
Caching disabled for AarToClassTransform: /home/runner/.gradle/caches/modules-2/files-2.1/androidx.savedstate/savedstate/1.2.1/e364fc9dec32aa569d855f85864e50250318a093/savedstate-1.2.1.aar because:
  Build cache is disabled
Skipping AarToClassTransform: /home/runner/.gradle/caches/modules-2/files-2.1/androidx.savedstate/savedstate/1.2.1/e364fc9dec32aa569d855f85864e50250318a093/savedstate-1.2.1.aar as it is up-to-date.
Transforming savedstate-1.2.1.aar (androidx.savedstate:savedstate:1.2.1) with EnumerateClassesTransform
Caching disabled for AarToClassTransform: /home/runner/.gradle/caches/modules-2/files-2.1/androidx.lifecycle/lifecycle-process/2.6.1/1cda99630dfe13ea65f63d05821187bfe87a5967/lifecycle-process-2.6.1.aar because:
  Build cache is disabled
Skipping AarToClassTransform: /home/runner/.gradle/caches/modules-2/files-2.1/androidx.lifecycle/lifecycle-process/2.6.1/1cda99630dfe13ea65f63d05821187bfe87a5967/lifecycle-process-2.6.1.aar as it is up-to-date.
Transforming lifecycle-process-2.6.1.aar (androidx.lifecycle:lifecycle-process:2.6.1) with EnumerateClassesTransform
Caching disabled for AarToClassTransform: /home/runner/.gradle/caches/modules-2/files-2.1/androidx.customview/customview-poolingcontainer/1.0.0/579fc832cf0e5be08d8d9571850b50d22d9de3c/customview-poolingcontainer-1.0.0.aar because:
  Build cache is disabled
Skipping AarToClassTransform: /home/runner/.gradle/caches/modules-2/files-2.1/androidx.customview/customview-poolingcontainer/1.0.0/579fc832cf0e5be08d8d9571850b50d22d9de3c/customview-poolingcontainer-1.0.0.aar as it is up-to-date.
Transforming customview-poolingcontainer-1.0.0.aar (androidx.customview:customview-poolingcontainer:1.0.0) with EnumerateClassesTransform
Caching disabled for EnumerateClassesTransform: /home/runner/.gradle/caches/transforms-3/d63f38111307ec834929953f22461f00/transformed/lifecycle-process-2.6.1-runtime.jar because:
  Build cache is disabled
Skipping EnumerateClassesTransform: /home/runner/.gradle/caches/transforms-3/d63f38111307ec834929953f22461f00/transformed/lifecycle-process-2.6.1-runtime.jar as it is up-to-date.
Caching disabled for EnumerateClassesTransform: /home/runner/.gradle/caches/transforms-3/d40f63c5019f9a4f076c712fd17b90f9/transformed/savedstate-1.2.1-runtime.jar because:
  Build cache is disabled
Skipping EnumerateClassesTransform: /home/runner/.gradle/caches/transforms-3/d40f63c5019f9a4f076c712fd17b90f9/transformed/savedstate-1.2.1-runtime.jar as it is up-to-date.
Caching disabled for EnumerateClassesTransform: /home/runner/.gradle/caches/transforms-3/4d1feeed499f52ce4afcf81c4640befe/transformed/customview-poolingcontainer-1.0.0-runtime.jar because:
  Build cache is disabled
Skipping EnumerateClassesTransform: /home/runner/.gradle/caches/transforms-3/4d1feeed499f52ce4afcf81c4640befe/transformed/customview-poolingcontainer-1.0.0-runtime.jar as it is up-to-date.
Caching disabled for AarToClassTransform: /home/runner/.gradle/caches/modules-2/files-2.1/androidx.lifecycle/lifecycle-livedata-core/2.6.1/23f66885a260f0a2cd6540927ea8795484afd2da/lifecycle-livedata-core-2.6.1.aar because:
  Build cache is disabled
Skipping AarToClassTransform: /home/runner/.gradle/caches/modules-2/files-2.1/androidx.lifecycle/lifecycle-livedata-core/2.6.1/23f66885a260f0a2cd6540927ea8795484afd2da/lifecycle-livedata-core-2.6.1.aar as it is up-to-date.
Transforming lifecycle-livedata-core-2.6.1.aar (androidx.lifecycle:lifecycle-livedata-core:2.6.1) with EnumerateClassesTransform
Caching disabled for AarToClassTransform: /home/runner/.gradle/caches/modules-2/files-2.1/androidx.lifecycle/lifecycle-livedata/2.6.1/e7f6d9e232bf035af69c030917c1ccda8e840b57/lifecycle-livedata-2.6.1.aar because:
  Build cache is disabled
Skipping AarToClassTransform: /home/runner/.gradle/caches/modules-2/files-2.1/androidx.lifecycle/lifecycle-livedata/2.6.1/e7f6d9e232bf035af69c030917c1ccda8e840b57/lifecycle-livedata-2.6.1.aar as it is up-to-date.
Transforming lifecycle-livedata-2.6.1.aar (androidx.lifecycle:lifecycle-livedata:2.6.1) with EnumerateClassesTransform
Caching disabled for EnumerateClassesTransform: /home/runner/.gradle/caches/modules-2/files-2.1/androidx.lifecycle/lifecycle-common/2.6.1/10f354fdb64868baecd67128560c5a0d6312c495/lifecycle-common-2.6.1.jar because:
  Build cache is disabled
Skipping EnumerateClassesTransform: /home/runner/.gradle/caches/modules-2/files-2.1/androidx.lifecycle/lifecycle-common/2.6.1/10f354fdb64868baecd67128560c5a0d6312c495/lifecycle-common-2.6.1.jar as it is up-to-date.
Caching disabled for EnumerateClassesTransform: /home/runner/.gradle/caches/transforms-3/781585c72383a854eb54f5efae28a832/transformed/lifecycle-livedata-core-2.6.1-runtime.jar because:
  Build cache is disabled
Skipping EnumerateClassesTransform: /home/runner/.gradle/caches/transforms-3/781585c72383a854eb54f5efae28a832/transformed/lifecycle-livedata-core-2.6.1-runtime.jar as it is up-to-date.
Caching disabled for EnumerateClassesTransform: /home/runner/.gradle/caches/transforms-3/cbf0d23ecf059b4a4345cbbd8670cdc0/transformed/lifecycle-livedata-2.6.1-runtime.jar because:
  Build cache is disabled
Skipping EnumerateClassesTransform: /home/runner/.gradle/caches/transforms-3/cbf0d23ecf059b4a4345cbbd8670cdc0/transformed/lifecycle-livedata-2.6.1-runtime.jar as it is up-to-date.
Caching disabled for AarToClassTransform: /home/runner/.gradle/caches/modules-2/files-2.1/androidx.lifecycle/lifecycle-viewmodel/2.6.1/fa35bfdbbe0e7df1573e377cbdd15de35176141d/lifecycle-viewmodel-2.6.1.aar because:
  Build cache is disabled
Skipping AarToClassTransform: /home/runner/.gradle/caches/modules-2/files-2.1/androidx.lifecycle/lifecycle-viewmodel/2.6.1/fa35bfdbbe0e7df1573e377cbdd15de35176141d/lifecycle-viewmodel-2.6.1.aar as it is up-to-date.
Transforming lifecycle-viewmodel-2.6.1.aar (androidx.lifecycle:lifecycle-viewmodel:2.6.1) with EnumerateClassesTransform
Transforming lifecycle-viewmodel-2.6.1.aar (androidx.lifecycle:lifecycle-viewmodel:2.6.1) with EnumerateClassesTransform
Caching disabled for AarToClassTransform: /home/runner/.gradle/caches/modules-2/files-2.1/androidx.lifecycle/lifecycle-runtime/2.6.1/f0ef27053faa89b3ec06c4f118cea0a15edde35b/lifecycle-runtime-2.6.1.aar because:
  Build cache is disabled
Skipping AarToClassTransform: /home/runner/.gradle/caches/modules-2/files-2.1/androidx.lifecycle/lifecycle-runtime/2.6.1/f0ef27053faa89b3ec06c4f118cea0a15edde35b/lifecycle-runtime-2.6.1.aar as it is up-to-date.
Transforming lifecycle-runtime-2.6.1.aar (androidx.lifecycle:lifecycle-runtime:2.6.1) with EnumerateClassesTransform
Caching disabled for EnumerateClassesTransform: /home/runner/.gradle/caches/transforms-3/08b4edac42b408bf5a97fc81980e8946/transformed/lifecycle-viewmodel-2.6.1-runtime.jar because:
  Build cache is disabled
Skipping EnumerateClassesTransform: /home/runner/.gradle/caches/transforms-3/08b4edac42b408bf5a97fc81980e8946/transformed/lifecycle-viewmodel-2.6.1-runtime.jar as it is up-to-date.
Caching disabled for EnumerateClassesTransform: /home/runner/.gradle/caches/transforms-3/bd0c46b0b90442a5de593666563593b8/transformed/lifecycle-runtime-2.6.1-runtime.jar because:
  Build cache is disabled
Skipping EnumerateClassesTransform: /home/runner/.gradle/caches/transforms-3/bd0c46b0b90442a5de593666563593b8/transformed/lifecycle-runtime-2.6.1-runtime.jar as it is up-to-date.
Caching disabled for AarToClassTransform: /home/runner/.gradle/caches/modules-2/files-2.1/androidx.core/core-ktx/1.12.0/1b80a40d6f34eb52c8de87c186feb57aa2a43ada/core-ktx-1.12.0.aar because:
  Build cache is disabled
Skipping AarToClassTransform: /home/runner/.gradle/caches/modules-2/files-2.1/androidx.core/core-ktx/1.12.0/1b80a40d6f34eb52c8de87c186feb57aa2a43ada/core-ktx-1.12.0.aar as it is up-to-date.
Transforming core-ktx-1.12.0.aar (androidx.core:core-ktx:1.12.0) with EnumerateClassesTransform
Caching disabled for AarToClassTransform: /home/runner/.gradle/caches/modules-2/files-2.1/androidx.lifecycle/lifecycle-viewmodel-savedstate/2.6.1/7cac77a315e1c8235a1f0c7d041c3c5e565f0f4b/lifecycle-viewmodel-savedstate-2.6.1.aar because:
  Build cache is disabled
Skipping AarToClassTransform: /home/runner/.gradle/caches/modules-2/files-2.1/androidx.lifecycle/lifecycle-viewmodel-savedstate/2.6.1/7cac77a315e1c8235a1f0c7d041c3c5e565f0f4b/lifecycle-viewmodel-savedstate-2.6.1.aar as it is up-to-date.
Transforming lifecycle-viewmodel-savedstate-2.6.1.aar (androidx.lifecycle:lifecycle-viewmodel-savedstate:2.6.1) with EnumerateClassesTransform
Caching disabled for AarToClassTransform: /home/runner/.gradle/caches/modules-2/files-2.1/androidx.annotation/annotation-experimental/1.3.0/5087c6f545117dcd474e69e1a93cacec9d7334af/annotation-experimental-1.3.0.aar because:
  Build cache is disabled
Skipping AarToClassTransform: /home/runner/.gradle/caches/modules-2/files-2.1/androidx.annotation/annotation-experimental/1.3.0/5087c6f545117dcd474e69e1a93cacec9d7334af/annotation-experimental-1.3.0.aar as it is up-to-date.
Transforming annotation-experimental-1.3.0.aar (androidx.annotation:annotation-experimental:1.3.0) with EnumerateClassesTransform
Caching disabled for EnumerateClassesTransform: /home/runner/.gradle/caches/transforms-3/3870e822cc6a419211924de375b230ab/transformed/core-ktx-1.12.0-runtime.jar because:
  Build cache is disabled
Skipping EnumerateClassesTransform: /home/runner/.gradle/caches/transforms-3/3870e822cc6a419211924de375b230ab/transformed/core-ktx-1.12.0-runtime.jar as it is up-to-date.
Caching disabled for EnumerateClassesTransform: /home/runner/.gradle/caches/transforms-3/e069e9db95ff16fd8ca8628e6d6ac184/transformed/lifecycle-viewmodel-savedstate-2.6.1-runtime.jar because:
  Build cache is disabled
Skipping EnumerateClassesTransform: /home/runner/.gradle/caches/transforms-3/e069e9db95ff16fd8ca8628e6d6ac184/transformed/lifecycle-viewmodel-savedstate-2.6.1-runtime.jar as it is up-to-date.
Caching disabled for EnumerateClassesTransform: /home/runner/.gradle/caches/transforms-3/f5d9f304c89ce69716f9515141f27631/transformed/annotation-experimental-1.3.0-runtime.jar because:
  Build cache is disabled
Skipping EnumerateClassesTransform: /home/runner/.gradle/caches/transforms-3/f5d9f304c89ce69716f9515141f27631/transformed/annotation-experimental-1.3.0-runtime.jar as it is up-to-date.
Caching disabled for EnumerateClassesTransform: /home/runner/.gradle/caches/modules-2/files-2.1/org.jetbrains.kotlinx/kotlinx-coroutines-core-jvm/1.7.3/2b09627576f0989a436a00a4a54b55fa5026fb86/kotlinx-coroutines-core-jvm-1.7.3.jar because:
  Build cache is disabled
Skipping EnumerateClassesTransform: /home/runner/.gradle/caches/modules-2/files-2.1/org.jetbrains.kotlinx/kotlinx-coroutines-core-jvm/1.7.3/2b09627576f0989a436a00a4a54b55fa5026fb86/kotlinx-coroutines-core-jvm-1.7.3.jar as it is up-to-date.
Caching disabled for EnumerateClassesTransform: /home/runner/.gradle/caches/modules-2/files-2.1/org.jetbrains.kotlinx/kotlinx-coroutines-android/1.7.3/38d9cad3a0b03a10453b56577984bdeb48edeed5/kotlinx-coroutines-android-1.7.3.jar because:
  Build cache is disabled
Skipping EnumerateClassesTransform: /home/runner/.gradle/caches/modules-2/files-2.1/org.jetbrains.kotlinx/kotlinx-coroutines-android/1.7.3/38d9cad3a0b03a10453b56577984bdeb48edeed5/kotlinx-coroutines-android-1.7.3.jar as it is up-to-date.
Caching disabled for EnumerateClassesTransform: /home/runner/.gradle/caches/modules-2/files-2.1/org.jetbrains.kotlin/kotlin-stdlib-jdk8/1.8.22/b25c86d47d6b962b9cf0f8c3f320c8a10eea3dd1/kotlin-stdlib-jdk8-1.8.22.jar because:
  Build cache is disabled
Skipping EnumerateClassesTransform: /home/runner/.gradle/caches/modules-2/files-2.1/org.jetbrains.kotlin/kotlin-stdlib-jdk8/1.8.22/b25c86d47d6b962b9cf0f8c3f320c8a10eea3dd1/kotlin-stdlib-jdk8-1.8.22.jar as it is up-to-date.
Caching disabled for AarToClassTransform: /home/runner/.gradle/caches/modules-2/files-2.1/androidx.cursoradapter/cursoradapter/1.0.0/74014983a86b83cbce534dec4e7aa9312f5f5d82/cursoradapter-1.0.0.aar because:
  Build cache is disabled
Skipping AarToClassTransform: /home/runner/.gradle/caches/modules-2/files-2.1/androidx.cursoradapter/cursoradapter/1.0.0/74014983a86b83cbce534dec4e7aa9312f5f5d82/cursoradapter-1.0.0.aar as it is up-to-date.
Transforming cursoradapter-1.0.0.aar (androidx.cursoradapter:cursoradapter:1.0.0) with EnumerateClassesTransform
Caching disabled for EnumerateClassesTransform: /home/runner/.gradle/caches/modules-2/files-2.1/androidx.resourceinspection/resourceinspection-annotation/1.0.1/8c21f8ff5d96d5d52c948707f7e4d6ca6773feef/resourceinspection-annotation-1.0.1.jar because:
  Build cache is disabled
Skipping EnumerateClassesTransform: /home/runner/.gradle/caches/modules-2/files-2.1/androidx.resourceinspection/resourceinspection-annotation/1.0.1/8c21f8ff5d96d5d52c948707f7e4d6ca6773feef/resourceinspection-annotation-1.0.1.jar as it is up-to-date.
Caching disabled for AarToClassTransform: /home/runner/.gradle/caches/modules-2/files-2.1/androidx.cardview/cardview/1.0.0/158dbc2e2bc502815821191b04446b8f663c1874/cardview-1.0.0.aar because:
  Build cache is disabled
Skipping AarToClassTransform: /home/runner/.gradle/caches/modules-2/files-2.1/androidx.cardview/cardview/1.0.0/158dbc2e2bc502815821191b04446b8f663c1874/cardview-1.0.0.aar as it is up-to-date.
Transforming cardview-1.0.0.aar (androidx.cardview:cardview:1.0.0) with EnumerateClassesTransform
Caching disabled for EnumerateClassesTransform: /home/runner/.gradle/caches/transforms-3/6bb4343de25a352a02f8ad1b2065b77f/transformed/cursoradapter-1.0.0-runtime.jar because:
  Build cache is disabled
Skipping EnumerateClassesTransform: /home/runner/.gradle/caches/transforms-3/6bb4343de25a352a02f8ad1b2065b77f/transformed/cursoradapter-1.0.0-runtime.jar as it is up-to-date.
Caching disabled for AarToClassTransform: /home/runner/.gradle/caches/modules-2/files-2.1/androidx.interpolator/interpolator/1.0.0/8a01fa254a23b9388571eb6334b03707c7d122d7/interpolator-1.0.0.aar because:
  Build cache is disabled
Skipping AarToClassTransform: /home/runner/.gradle/caches/modules-2/files-2.1/androidx.interpolator/interpolator/1.0.0/8a01fa254a23b9388571eb6334b03707c7d122d7/interpolator-1.0.0.aar as it is up-to-date.
Transforming interpolator-1.0.0.aar (androidx.interpolator:interpolator:1.0.0) with EnumerateClassesTransform
Caching disabled for EnumerateClassesTransform: /home/runner/.gradle/caches/transforms-3/503e6845c4599b93a675339e6294bdfe/transformed/cardview-1.0.0-runtime.jar because:
  Build cache is disabled
Skipping EnumerateClassesTransform: /home/runner/.gradle/caches/transforms-3/503e6845c4599b93a675339e6294bdfe/transformed/cardview-1.0.0-runtime.jar as it is up-to-date.
Transforming interpolator-1.0.0.aar (androidx.interpolator:interpolator:1.0.0) with EnumerateClassesTransform
Caching disabled for EnumerateClassesTransform: /home/runner/.gradle/caches/transforms-3/c8f5d51fe4e6e861df72ae29cdce2c6a/transformed/interpolator-1.0.0-runtime.jar because:
  Build cache is disabled
Skipping EnumerateClassesTransform: /home/runner/.gradle/caches/transforms-3/c8f5d51fe4e6e861df72ae29cdce2c6a/transformed/interpolator-1.0.0-runtime.jar as it is up-to-date.
Caching disabled for AarToClassTransform: /home/runner/.gradle/caches/modules-2/files-2.1/androidx.versionedparcelable/versionedparcelable/1.1.1/18e18071e7715679e0593c570217edeb5ca48b9e/versionedparcelable-1.1.1.aar because:
  Build cache is disabled
Skipping AarToClassTransform: /home/runner/.gradle/caches/modules-2/files-2.1/androidx.versionedparcelable/versionedparcelable/1.1.1/18e18071e7715679e0593c570217edeb5ca48b9e/versionedparcelable-1.1.1.aar as it is up-to-date.
Transforming versionedparcelable-1.1.1.aar (androidx.versionedparcelable:versionedparcelable:1.1.1) with EnumerateClassesTransform
Caching disabled for AarToClassTransform: /home/runner/.gradle/caches/modules-2/files-2.1/androidx.profileinstaller/profileinstaller/1.3.0/624641814089cd7bebf427aafa68ac089fb38261/profileinstaller-1.3.0.aar because:
  Build cache is disabled
Skipping AarToClassTransform: /home/runner/.gradle/caches/modules-2/files-2.1/androidx.profileinstaller/profileinstaller/1.3.0/624641814089cd7bebf427aafa68ac089fb38261/profileinstaller-1.3.0.aar as it is up-to-date.
Transforming profileinstaller-1.3.0.aar (androidx.profileinstaller:profileinstaller:1.3.0) with EnumerateClassesTransform
Caching disabled for EnumerateClassesTransform: /home/runner/.gradle/caches/modules-2/files-2.1/androidx.collection/collection/1.1.0/1f27220b47669781457de0d600849a5de0e89909/collection-1.1.0.jar because:
  Build cache is disabled
Skipping EnumerateClassesTransform: /home/runner/.gradle/caches/modules-2/files-2.1/androidx.collection/collection/1.1.0/1f27220b47669781457de0d600849a5de0e89909/collection-1.1.0.jar as it is up-to-date.
Caching disabled for AarToClassTransform: /home/runner/.gradle/caches/modules-2/files-2.1/androidx.startup/startup-runtime/1.1.1/9d4ba67056aff98b69eadc1477c19a1e67cb9470/startup-runtime-1.1.1.aar because:
  Build cache is disabled
Skipping AarToClassTransform: /home/runner/.gradle/caches/modules-2/files-2.1/androidx.startup/startup-runtime/1.1.1/9d4ba67056aff98b69eadc1477c19a1e67cb9470/startup-runtime-1.1.1.aar as it is up-to-date.
Transforming startup-runtime-1.1.1.aar (androidx.startup:startup-runtime:1.1.1) with EnumerateClassesTransform
Caching disabled for EnumerateClassesTransform: /home/runner/.gradle/caches/transforms-3/d0ebe33cda61e7eafab8e978df4a3fd5/transformed/versionedparcelable-1.1.1-runtime.jar because:
  Build cache is disabled
Skipping EnumerateClassesTransform: /home/runner/.gradle/caches/transforms-3/d0ebe33cda61e7eafab8e978df4a3fd5/transformed/versionedparcelable-1.1.1-runtime.jar as it is up-to-date.
Caching disabled for EnumerateClassesTransform: /home/runner/.gradle/caches/transforms-3/2c6c7442cb1edb7ebfaee986446bf9b6/transformed/profileinstaller-1.3.0-runtime.jar because:
  Build cache is disabled
Skipping EnumerateClassesTransform: /home/runner/.gradle/caches/transforms-3/2c6c7442cb1edb7ebfaee986446bf9b6/transformed/profileinstaller-1.3.0-runtime.jar as it is up-to-date.
Caching disabled for AarToClassTransform: /home/runner/.gradle/caches/modules-2/files-2.1/androidx.arch.core/core-runtime/2.2.0/39705982680d78556b679ef9d5400d4f17509b0b/core-runtime-2.2.0.aar because:
  Build cache is disabled
Skipping AarToClassTransform: /home/runner/.gradle/caches/modules-2/files-2.1/androidx.arch.core/core-runtime/2.2.0/39705982680d78556b679ef9d5400d4f17509b0b/core-runtime-2.2.0.aar as it is up-to-date.
Transforming core-runtime-2.2.0.aar (androidx.arch.core:core-runtime:2.2.0) with EnumerateClassesTransform
Caching disabled for AarToClassTransform: /home/runner/.gradle/caches/modules-2/files-2.1/androidx.tracing/tracing/1.0.0/69cef34711dffbc517e7a0a419ec4a98f84f496a/tracing-1.0.0.aar because:
  Build cache is disabled
Skipping AarToClassTransform: /home/runner/.gradle/caches/modules-2/files-2.1/androidx.tracing/tracing/1.0.0/69cef34711dffbc517e7a0a419ec4a98f84f496a/tracing-1.0.0.aar as it is up-to-date.
Transforming tracing-1.0.0.aar (androidx.tracing:tracing:1.0.0) with EnumerateClassesTransform
Caching disabled for EnumerateClassesTransform: /home/runner/.gradle/caches/transforms-3/4ecab682c86977384b0baf51cd1e03c4/transformed/startup-runtime-1.1.1-runtime.jar because:
  Build cache is disabled
Skipping EnumerateClassesTransform: /home/runner/.gradle/caches/transforms-3/4ecab682c86977384b0baf51cd1e03c4/transformed/startup-runtime-1.1.1-runtime.jar as it is up-to-date.
Caching disabled for EnumerateClassesTransform: /home/runner/.gradle/caches/transforms-3/e51d3fe01b783f3bad59aadafd5c9768/transformed/tracing-1.0.0-runtime.jar because:
  Build cache is disabled
Skipping EnumerateClassesTransform: /home/runner/.gradle/caches/transforms-3/e51d3fe01b783f3bad59aadafd5c9768/transformed/tracing-1.0.0-runtime.jar as it is up-to-date.
Caching disabled for EnumerateClassesTransform: /home/runner/.gradle/caches/transforms-3/556a0430dd499d5a8ab6b25a42f16938/transformed/core-runtime-2.2.0-runtime.jar because:
  Build cache is disabled
Skipping EnumerateClassesTransform: /home/runner/.gradle/caches/transforms-3/556a0430dd499d5a8ab6b25a42f16938/transformed/core-runtime-2.2.0-runtime.jar as it is up-to-date.
Caching disabled for EnumerateClassesTransform: /home/runner/.gradle/caches/modules-2/files-2.1/androidx.arch.core/core-common/2.2.0/5e1b8b81dfd5f52c56a8d53b18ca759c19a301f3/core-common-2.2.0.jar because:
  Build cache is disabled
Skipping EnumerateClassesTransform: /home/runner/.gradle/caches/modules-2/files-2.1/androidx.arch.core/core-common/2.2.0/5e1b8b81dfd5f52c56a8d53b18ca759c19a301f3/core-common-2.2.0.jar as it is up-to-date.
Caching disabled for AarToClassTransform: /home/runner/.gradle/caches/modules-2/files-2.1/androidx.documentfile/documentfile/1.0.0/66104345c90cd8c2fd5ad2d3aad692b280e10c32/documentfile-1.0.0.aar because:
  Build cache is disabled
Skipping AarToClassTransform: /home/runner/.gradle/caches/modules-2/files-2.1/androidx.documentfile/documentfile/1.0.0/66104345c90cd8c2fd5ad2d3aad692b280e10c32/documentfile-1.0.0.aar as it is up-to-date.
Transforming documentfile-1.0.0.aar (androidx.documentfile:documentfile:1.0.0) with EnumerateClassesTransform
Transforming concurrent-futures-1.1.0.jar (androidx.concurrent:concurrent-futures:1.1.0) with IdentityTransform
Caching disabled for AarToClassTransform: /home/runner/.gradle/caches/modules-2/files-2.1/androidx.localbroadcastmanager/localbroadcastmanager/1.0.0/2734f31c8321e83ce6b60570d14777fc33cc2ece/localbroadcastmanager-1.0.0.aar because:
  Build cache is disabled
Skipping AarToClassTransform: /home/runner/.gradle/caches/modules-2/files-2.1/androidx.localbroadcastmanager/localbroadcastmanager/1.0.0/2734f31c8321e83ce6b60570d14777fc33cc2ece/localbroadcastmanager-1.0.0.aar as it is up-to-date.
Transforming localbroadcastmanager-1.0.0.aar (androidx.localbroadcastmanager:localbroadcastmanager:1.0.0) with EnumerateClassesTransform
Caching disabled for EnumerateClassesTransform: /home/runner/.gradle/caches/transforms-3/1c5f430e6609c6387d9c9d34c1c5031f/transformed/localbroadcastmanager-1.0.0-runtime.jar because:
  Build cache is disabled
Skipping EnumerateClassesTransform: /home/runner/.gradle/caches/transforms-3/1c5f430e6609c6387d9c9d34c1c5031f/transformed/localbroadcastmanager-1.0.0-runtime.jar as it is up-to-date.
Caching disabled for EnumerateClassesTransform: /home/runner/.gradle/caches/transforms-3/cad327dd68b3bef06b90025a9e69e013/transformed/documentfile-1.0.0-runtime.jar because:
  Build cache is disabled
Skipping EnumerateClassesTransform: /home/runner/.gradle/caches/transforms-3/cad327dd68b3bef06b90025a9e69e013/transformed/documentfile-1.0.0-runtime.jar as it is up-to-date.
Caching disabled for IdentityTransform: /home/runner/.gradle/caches/modules-2/files-2.1/androidx.concurrent/concurrent-futures/1.1.0/50b7fb98350d5f42a4e49704b03278542293ba48/concurrent-futures-1.1.0.jar because:
  Build cache is disabled
Skipping IdentityTransform: /home/runner/.gradle/caches/modules-2/files-2.1/androidx.concurrent/concurrent-futures/1.1.0/50b7fb98350d5f42a4e49704b03278542293ba48/concurrent-futures-1.1.0.jar as it is up-to-date.
Transforming concurrent-futures-1.1.0.jar (androidx.concurrent:concurrent-futures:1.1.0) with EnumerateClassesTransform
Caching disabled for AarToClassTransform: /home/runner/.gradle/caches/modules-2/files-2.1/androidx.print/print/1.0.0/7722094652c48ebe27acc94d74a55e759e4635ff/print-1.0.0.aar because:
  Build cache is disabled
Skipping AarToClassTransform: /home/runner/.gradle/caches/modules-2/files-2.1/androidx.print/print/1.0.0/7722094652c48ebe27acc94d74a55e759e4635ff/print-1.0.0.aar as it is up-to-date.
Transforming print-1.0.0.aar (androidx.print:print:1.0.0) with EnumerateClassesTransform
Caching disabled for EnumerateClassesTransform: /home/runner/.gradle/caches/modules-2/files-2.1/androidx.concurrent/concurrent-futures/1.1.0/50b7fb98350d5f42a4e49704b03278542293ba48/concurrent-futures-1.1.0.jar because:
  Build cache is disabled
Skipping EnumerateClassesTransform: /home/runner/.gradle/caches/modules-2/files-2.1/androidx.concurrent/concurrent-futures/1.1.0/50b7fb98350d5f42a4e49704b03278542293ba48/concurrent-futures-1.1.0.jar as it is up-to-date.
Caching disabled for EnumerateClassesTransform: /home/runner/.gradle/caches/transforms-3/50523d6fa23e281afc2d6b72e246bb07/transformed/print-1.0.0-runtime.jar because:
  Build cache is disabled
Skipping EnumerateClassesTransform: /home/runner/.gradle/caches/transforms-3/50523d6fa23e281afc2d6b72e246bb07/transformed/print-1.0.0-runtime.jar as it is up-to-date.
Caching disabled for EnumerateClassesTransform: /home/runner/.gradle/caches/modules-2/files-2.1/androidx.annotation/annotation-jvm/1.6.0/a7257339a052df0f91433cf9651231bbb802b502/annotation-jvm-1.6.0.jar because:
  Build cache is disabled
Skipping EnumerateClassesTransform: /home/runner/.gradle/caches/modules-2/files-2.1/androidx.annotation/annotation-jvm/1.6.0/a7257339a052df0f91433cf9651231bbb802b502/annotation-jvm-1.6.0.jar as it is up-to-date.
Caching disabled for EnumerateClassesTransform: /home/runner/.gradle/caches/modules-2/files-2.1/org.jetbrains.kotlin/kotlin-stdlib-jdk7/1.8.22/4dabb8248310d833bb6a8b516024a91fd3d275c/kotlin-stdlib-jdk7-1.8.22.jar because:
  Build cache is disabled
Skipping EnumerateClassesTransform: /home/runner/.gradle/caches/modules-2/files-2.1/org.jetbrains.kotlin/kotlin-stdlib-jdk7/1.8.22/4dabb8248310d833bb6a8b516024a91fd3d275c/kotlin-stdlib-jdk7-1.8.22.jar as it is up-to-date.
Transforming error_prone_annotations-2.15.0.jar (com.google.errorprone:error_prone_annotations:2.15.0) with IdentityTransform
Caching disabled for EnumerateClassesTransform: /home/runner/.gradle/caches/modules-2/files-2.1/org.jetbrains.kotlin/kotlin-stdlib/1.9.22/d6c44cd08d8f3f9bece8101216dbe6553365c6e3/kotlin-stdlib-1.9.22.jar because:
  Build cache is disabled
Skipping EnumerateClassesTransform: /home/runner/.gradle/caches/modules-2/files-2.1/org.jetbrains.kotlin/kotlin-stdlib/1.9.22/d6c44cd08d8f3f9bece8101216dbe6553365c6e3/kotlin-stdlib-1.9.22.jar as it is up-to-date.
Transforming constraintlayout-core-1.0.4.jar (androidx.constraintlayout:constraintlayout-core:1.0.4) with IdentityTransform
Caching disabled for EnumerateClassesTransform: /home/runner/.gradle/caches/modules-2/files-2.1/org.jetbrains/annotations/23.0.0/8cc20c07506ec18e0834947b84a864bfc094484e/annotations-23.0.0.jar because:
  Build cache is disabled
Skipping EnumerateClassesTransform: /home/runner/.gradle/caches/modules-2/files-2.1/org.jetbrains/annotations/23.0.0/8cc20c07506ec18e0834947b84a864bfc094484e/annotations-23.0.0.jar as it is up-to-date.
Transforming listenablefuture-1.0.jar (com.google.guava:listenablefuture:1.0) with IdentityTransform
Caching disabled for IdentityTransform: /home/runner/.gradle/caches/modules-2/files-2.1/com.google.errorprone/error_prone_annotations/2.15.0/38c8485a652f808c8c149150da4e5c2b0bd17f9a/error_prone_annotations-2.15.0.jar because:
  Build cache is disabled
Skipping IdentityTransform: /home/runner/.gradle/caches/modules-2/files-2.1/com.google.errorprone/error_prone_annotations/2.15.0/38c8485a652f808c8c149150da4e5c2b0bd17f9a/error_prone_annotations-2.15.0.jar as it is up-to-date.
Transforming error_prone_annotations-2.15.0.jar (com.google.errorprone:error_prone_annotations:2.15.0) with EnumerateClassesTransform
Caching disabled for EnumerateClassesTransform: /home/runner/.gradle/caches/modules-2/files-2.1/com.google.errorprone/error_prone_annotations/2.15.0/38c8485a652f808c8c149150da4e5c2b0bd17f9a/error_prone_annotations-2.15.0.jar because:
  Build cache is disabled
Skipping EnumerateClassesTransform: /home/runner/.gradle/caches/modules-2/files-2.1/com.google.errorprone/error_prone_annotations/2.15.0/38c8485a652f808c8c149150da4e5c2b0bd17f9a/error_prone_annotations-2.15.0.jar as it is up-to-date.
Caching disabled for IdentityTransform: /home/runner/.gradle/caches/modules-2/files-2.1/androidx.constraintlayout/constraintlayout-core/1.0.4/29cdbe03ded6b0980f63fa5da2579a430e911c40/constraintlayout-core-1.0.4.jar because:
  Build cache is disabled
Skipping IdentityTransform: /home/runner/.gradle/caches/modules-2/files-2.1/androidx.constraintlayout/constraintlayout-core/1.0.4/29cdbe03ded6b0980f63fa5da2579a430e911c40/constraintlayout-core-1.0.4.jar as it is up-to-date.
Transforming constraintlayout-core-1.0.4.jar (androidx.constraintlayout:constraintlayout-core:1.0.4) with EnumerateClassesTransform
Caching disabled for IdentityTransform: /home/runner/.gradle/caches/modules-2/files-2.1/com.google.guava/listenablefuture/1.0/c949a840a6acbc5268d088e47b04177bf90b3cad/listenablefuture-1.0.jar because:
  Build cache is disabled
Skipping IdentityTransform: /home/runner/.gradle/caches/modules-2/files-2.1/com.google.guava/listenablefuture/1.0/c949a840a6acbc5268d088e47b04177bf90b3cad/listenablefuture-1.0.jar as it is up-to-date.
Transforming listenablefuture-1.0.jar (com.google.guava:listenablefuture:1.0) with EnumerateClassesTransform
Caching disabled for EnumerateClassesTransform: /home/runner/.gradle/caches/modules-2/files-2.1/androidx.constraintlayout/constraintlayout-core/1.0.4/29cdbe03ded6b0980f63fa5da2579a430e911c40/constraintlayout-core-1.0.4.jar because:
  Build cache is disabled
Skipping EnumerateClassesTransform: /home/runner/.gradle/caches/modules-2/files-2.1/androidx.constraintlayout/constraintlayout-core/1.0.4/29cdbe03ded6b0980f63fa5da2579a430e911c40/constraintlayout-core-1.0.4.jar as it is up-to-date.
Caching disabled for EnumerateClassesTransform: /home/runner/.gradle/caches/modules-2/files-2.1/com.google.guava/listenablefuture/1.0/c949a840a6acbc5268d088e47b04177bf90b3cad/listenablefuture-1.0.jar because:
  Build cache is disabled
Skipping EnumerateClassesTransform: /home/runner/.gradle/caches/modules-2/files-2.1/com.google.guava/listenablefuture/1.0/c949a840a6acbc5268d088e47b04177bf90b3cad/listenablefuture-1.0.jar as it is up-to-date.
Caching disabled for AarToClassTransform: /home/runner/.gradle/caches/modules-2/files-2.1/androidx.constraintlayout/constraintlayout/2.1.4/b7ad5eca28aa9e7c4ea1a7e256c7ee4401a031f/constraintlayout-2.1.4.aar because:
  Build cache is disabled
Skipping AarToClassTransform: /home/runner/.gradle/caches/modules-2/files-2.1/androidx.constraintlayout/constraintlayout/2.1.4/b7ad5eca28aa9e7c4ea1a7e256c7ee4401a031f/constraintlayout-2.1.4.aar as it is up-to-date.
Transforming constraintlayout-2.1.4.aar (androidx.constraintlayout:constraintlayout:2.1.4) with EnumerateClassesTransform
Caching disabled for EnumerateClassesTransform: /home/runner/.gradle/caches/transforms-3/1c39290a7c0493b51b8dde863fcfb7d3/transformed/constraintlayout-2.1.4-runtime.jar because:
  Build cache is disabled
Skipping EnumerateClassesTransform: /home/runner/.gradle/caches/transforms-3/1c39290a7c0493b51b8dde863fcfb7d3/transformed/constraintlayout-2.1.4-runtime.jar as it is up-to-date.
Caching disabled for task ':app:checkDebugDuplicateClasses' because:
  Build cache is disabled
Skipping task ':app:checkDebugDuplicateClasses' as it is up-to-date.
Resolve mutations for :app:desugarDebugFileDependencies (Thread[Execution worker,5,main]) started.
:app:desugarDebugFileDependencies (Thread[Execution worker,5,main]) started.

> Task :app:desugarDebugFileDependencies UP-TO-DATE
Watching 187 directories to track changes
Caching disabled for task ':app:desugarDebugFileDependencies' because:
  Build cache is disabled
Skipping task ':app:desugarDebugFileDependencies' as it is up-to-date.
Resolve mutations for :app:mergeExtDexDebug (Thread[Execution worker,5,main]) started.
:app:mergeExtDexDebug (Thread[Execution worker,5,main]) started.

> Task :app:mergeExtDexDebug UP-TO-DATE
Watching 188 directories to track changes
Transforming viewbinding-8.2.0.aar (androidx.databinding:viewbinding:8.2.0) with AarToClassTransform
Transforming viewbinding-8.2.0.aar (androidx.databinding:viewbinding:8.2.0) with IdentityTransform
Transforming material-1.11.0.aar (com.google.android.material:material:1.11.0) with AarToClassTransform
Transforming material-1.11.0.aar (com.google.android.material:material:1.11.0) with IdentityTransform
Transforming constraintlayout-2.1.4.aar (androidx.constraintlayout:constraintlayout:2.1.4) with AarToClassTransform
Transforming constraintlayout-2.1.4.aar (androidx.constraintlayout:constraintlayout:2.1.4) with IdentityTransform
Transforming appcompat-resources-1.6.1.aar (androidx.appcompat:appcompat-resources:1.6.1) with AarToClassTransform
Transforming appcompat-resources-1.6.1.aar (androidx.appcompat:appcompat-resources:1.6.1) with IdentityTransform
Transforming appcompat-1.6.1.aar (androidx.appcompat:appcompat:1.6.1) with AarToClassTransform
Transforming appcompat-1.6.1.aar (androidx.appcompat:appcompat:1.6.1) with IdentityTransform
Transforming viewpager2-1.1.0-beta02.aar (androidx.viewpager2:viewpager2:1.1.0-beta02) with AarToClassTransform
Transforming viewpager2-1.1.0-beta02.aar (androidx.viewpager2:viewpager2:1.1.0-beta02) with IdentityTransform
Transforming recyclerview-1.3.2.aar (androidx.recyclerview:recyclerview:1.3.2) with AarToClassTransform
Transforming recyclerview-1.3.2.aar (androidx.recyclerview:recyclerview:1.3.2) with IdentityTransform
Transforming swiperefreshlayout-1.1.0.aar (androidx.swiperefreshlayout:swiperefreshlayout:1.1.0) with AarToClassTransform
Transforming swiperefreshlayout-1.1.0.aar (androidx.swiperefreshlayout:swiperefreshlayout:1.1.0) with IdentityTransform
Transforming emoji2-views-helper-1.2.0.aar (androidx.emoji2:emoji2-views-helper:1.2.0) with AarToClassTransform
Transforming emoji2-views-helper-1.2.0.aar (androidx.emoji2:emoji2-views-helper:1.2.0) with IdentityTransform
Transforming emoji2-1.2.0.aar (androidx.emoji2:emoji2:1.2.0) with AarToClassTransform
Transforming emoji2-1.2.0.aar (androidx.emoji2:emoji2:1.2.0) with IdentityTransform
Transforming fragment-1.3.6.aar (androidx.fragment:fragment:1.3.6) with AarToClassTransform
Transforming fragment-1.3.6.aar (androidx.fragment:fragment:1.3.6) with IdentityTransform
Transforming activity-1.8.0.aar (androidx.activity:activity:1.8.0) with AarToClassTransform
Transforming activity-1.8.0.aar (androidx.activity:activity:1.8.0) with IdentityTransform
Transforming drawerlayout-1.1.1.aar (androidx.drawerlayout:drawerlayout:1.1.1) with AarToClassTransform
Transforming drawerlayout-1.1.1.aar (androidx.drawerlayout:drawerlayout:1.1.1) with IdentityTransform
Transforming coordinatorlayout-1.1.0.aar (androidx.coordinatorlayout:coordinatorlayout:1.1.0) with AarToClassTransform
Transforming coordinatorlayout-1.1.0.aar (androidx.coordinatorlayout:coordinatorlayout:1.1.0) with IdentityTransform
Transforming dynamicanimation-1.0.0.aar (androidx.dynamicanimation:dynamicanimation:1.0.0) with AarToClassTransform
Transforming dynamicanimation-1.0.0.aar (androidx.dynamicanimation:dynamicanimation:1.0.0) with IdentityTransform
Transforming transition-1.2.0.aar (androidx.transition:transition:1.2.0) with AarToClassTransform
Transforming transition-1.2.0.aar (androidx.transition:transition:1.2.0) with IdentityTransform
Caching disabled for IdentityTransform: /home/runner/.gradle/caches/transforms-3/7ad410c08f33f2fa3e525e42841556e3/transformed/viewbinding-8.2.0-runtime.jar because:
  Build cache is disabled
Skipping IdentityTransform: /home/runner/.gradle/caches/transforms-3/7ad410c08f33f2fa3e525e42841556e3/transformed/viewbinding-8.2.0-runtime.jar as it is up-to-date.
Transforming viewbinding-8.2.0.aar (androidx.databinding:viewbinding:8.2.0) with DexingNoClasspathTransform
Caching disabled for IdentityTransform: /home/runner/.gradle/caches/transforms-3/6b0357cf75e670990f0237c3a94bf33c/transformed/material-1.11.0-runtime.jar because:
  Build cache is disabled
Skipping IdentityTransform: /home/runner/.gradle/caches/transforms-3/6b0357cf75e670990f0237c3a94bf33c/transformed/material-1.11.0-runtime.jar as it is up-to-date.
Transforming material-1.11.0.aar (com.google.android.material:material:1.11.0) with DexingNoClasspathTransform
Caching disabled for DexingNoClasspathTransform: /home/runner/.gradle/caches/transforms-3/7ad410c08f33f2fa3e525e42841556e3/transformed/viewbinding-8.2.0-runtime.jar because:
  Build cache is disabled
Transforming vectordrawable-animated-1.1.0.aar (androidx.vectordrawable:vectordrawable-animated:1.1.0) with AarToClassTransform
Transforming vectordrawable-animated-1.1.0.aar (androidx.vectordrawable:vectordrawable-animated:1.1.0) with IdentityTransform
Transforming vectordrawable-1.1.0.aar (androidx.vectordrawable:vectordrawable:1.1.0) with AarToClassTransform
Skipping DexingNoClasspathTransform: /home/runner/.gradle/caches/transforms-3/7ad410c08f33f2fa3e525e42841556e3/transformed/viewbinding-8.2.0-runtime.jar as it is up-to-date.
Transforming vectordrawable-1.1.0.aar (androidx.vectordrawable:vectordrawable:1.1.0) with IdentityTransform
Transforming vectordrawable-1.1.0.aar (androidx.vectordrawable:vectordrawable:1.1.0) with AarToClassTransform
Transforming vectordrawable-1.1.0.aar (androidx.vectordrawable:vectordrawable:1.1.0) with IdentityTransform
Transforming viewpager-1.0.0.aar (androidx.viewpager:viewpager:1.0.0) with AarToClassTransform
Transforming viewpager-1.0.0.aar (androidx.viewpager:viewpager:1.0.0) with IdentityTransform
Transforming legacy-support-core-utils-1.0.0.aar (androidx.legacy:legacy-support-core-utils:1.0.0) with AarToClassTransform
Transforming legacy-support-core-utils-1.0.0.aar (androidx.legacy:legacy-support-core-utils:1.0.0) with IdentityTransform
Transforming loader-1.0.0.aar (androidx.loader:loader:1.0.0) with AarToClassTransform
Transforming loader-1.0.0.aar (androidx.loader:loader:1.0.0) with IdentityTransform
Transforming loader-1.0.0.aar (androidx.loader:loader:1.0.0) with AarToClassTransform
Transforming loader-1.0.0.aar (androidx.loader:loader:1.0.0) with IdentityTransform
Transforming customview-1.1.0.aar (androidx.customview:customview:1.1.0) with AarToClassTransform
Transforming customview-1.1.0.aar (androidx.customview:customview:1.1.0) with IdentityTransform
Transforming customview-1.1.0.aar (androidx.customview:customview:1.1.0) with AarToClassTransform
Transforming customview-1.1.0.aar (androidx.customview:customview:1.1.0) with IdentityTransform
Transforming customview-1.1.0.aar (androidx.customview:customview:1.1.0) with AarToClassTransform
Transforming customview-1.1.0.aar (androidx.customview:customview:1.1.0) with IdentityTransform
Transforming customview-1.1.0.aar (androidx.customview:customview:1.1.0) with AarToClassTransform
Transforming customview-1.1.0.aar (androidx.customview:customview:1.1.0) with IdentityTransform
Transforming core-1.12.0.aar (androidx.core:core:1.12.0) with AarToClassTransform
Transforming core-1.12.0.aar (androidx.core:core:1.12.0) with IdentityTransform
Transforming core-1.12.0.aar (androidx.core:core:1.12.0) with AarToClassTransform
Transforming core-1.12.0.aar (androidx.core:core:1.12.0) with IdentityTransform
Transforming core-1.12.0.aar (androidx.core:core:1.12.0) with AarToClassTransform
Transforming core-1.12.0.aar (androidx.core:core:1.12.0) with IdentityTransform
Transforming core-1.12.0.aar (androidx.core:core:1.12.0) with AarToClassTransform
Transforming core-1.12.0.aar (androidx.core:core:1.12.0) with IdentityTransform
Transforming core-1.12.0.aar (androidx.core:core:1.12.0) with AarToClassTransform
Transforming core-1.12.0.aar (androidx.core:core:1.12.0) with IdentityTransform
Transforming core-1.12.0.aar (androidx.core:core:1.12.0) with AarToClassTransform
Transforming core-1.12.0.aar (androidx.core:core:1.12.0) with IdentityTransform
Transforming core-1.12.0.aar (androidx.core:core:1.12.0) with AarToClassTransform
Transforming core-1.12.0.aar (androidx.core:core:1.12.0) with IdentityTransform
Transforming core-1.12.0.aar (androidx.core:core:1.12.0) with AarToClassTransform
Transforming core-1.12.0.aar (androidx.core:core:1.12.0) with IdentityTransform
Transforming core-1.12.0.aar (androidx.core:core:1.12.0) with AarToClassTransform
Transforming core-1.12.0.aar (androidx.core:core:1.12.0) with IdentityTransform
Transforming core-1.12.0.aar (androidx.core:core:1.12.0) with AarToClassTransform
Transforming core-1.12.0.aar (androidx.core:core:1.12.0) with IdentityTransform
Transforming core-1.12.0.aar (androidx.core:core:1.12.0) with AarToClassTransform
Transforming core-1.12.0.aar (androidx.core:core:1.12.0) with IdentityTransform
Transforming customview-poolingcontainer-1.0.0.aar (androidx.customview:customview-poolingcontainer:1.0.0) with AarToClassTransform
Transforming customview-poolingcontainer-1.0.0.aar (androidx.customview:customview-poolingcontainer:1.0.0) with IdentityTransform
Transforming savedstate-1.2.1.aar (androidx.savedstate:savedstate:1.2.1) with AarToClassTransform
Transforming savedstate-1.2.1.aar (androidx.savedstate:savedstate:1.2.1) with IdentityTransform
Caching disabled for DexingNoClasspathTransform: /home/runner/.gradle/caches/transforms-3/6b0357cf75e670990f0237c3a94bf33c/transformed/material-1.11.0-runtime.jar because:
  Build cache is disabled
Transforming lifecycle-process-2.6.1.aar (androidx.lifecycle:lifecycle-process:2.6.1) with AarToClassTransform
Transforming lifecycle-process-2.6.1.aar (androidx.lifecycle:lifecycle-process:2.6.1) with IdentityTransform
Skipping DexingNoClasspathTransform: /home/runner/.gradle/caches/transforms-3/6b0357cf75e670990f0237c3a94bf33c/transformed/material-1.11.0-runtime.jar as it is up-to-date.
Transforming lifecycle-livedata-core-2.6.1.aar (androidx.lifecycle:lifecycle-livedata-core:2.6.1) with AarToClassTransform
Transforming lifecycle-livedata-core-2.6.1.aar (androidx.lifecycle:lifecycle-livedata-core:2.6.1) with IdentityTransform
Transforming lifecycle-livedata-2.6.1.aar (androidx.lifecycle:lifecycle-livedata:2.6.1) with AarToClassTransform
Transforming lifecycle-livedata-2.6.1.aar (androidx.lifecycle:lifecycle-livedata:2.6.1) with IdentityTransform
Transforming lifecycle-common-2.6.1.jar (androidx.lifecycle:lifecycle-common:2.6.1) with IdentityTransform
Transforming lifecycle-common-2.6.1.jar (androidx.lifecycle:lifecycle-common:2.6.1) with IdentityTransform
Transforming lifecycle-common-2.6.1.jar (androidx.lifecycle:lifecycle-common:2.6.1) with DexingNoClasspathTransform
Transforming lifecycle-viewmodel-2.6.1.aar (androidx.lifecycle:lifecycle-viewmodel:2.6.1) with AarToClassTransform
Caching disabled for IdentityTransform: /home/runner/.gradle/caches/transforms-3/b4e1b7e7f41444179f2adc8f4549797d/transformed/appcompat-1.6.1-runtime.jar because:
  Build cache is disabled
Skipping IdentityTransform: /home/runner/.gradle/caches/transforms-3/b4e1b7e7f41444179f2adc8f4549797d/transformed/appcompat-1.6.1-runtime.jar as it is up-to-date.
Transforming appcompat-1.6.1.aar (androidx.appcompat:appcompat:1.6.1) with DexingNoClasspathTransform
Transforming lifecycle-viewmodel-2.6.1.aar (androidx.lifecycle:lifecycle-viewmodel:2.6.1) with IdentityTransform
Transforming lifecycle-viewmodel-2.6.1.aar (androidx.lifecycle:lifecycle-viewmodel:2.6.1) with AarToClassTransform
Transforming lifecycle-viewmodel-2.6.1.aar (androidx.lifecycle:lifecycle-viewmodel:2.6.1) with IdentityTransform
Transforming lifecycle-runtime-2.6.1.aar (androidx.lifecycle:lifecycle-runtime:2.6.1) with AarToClassTransform
Transforming lifecycle-runtime-2.6.1.aar (androidx.lifecycle:lifecycle-runtime:2.6.1) with IdentityTransform
Transforming lifecycle-viewmodel-savedstate-2.6.1.aar (androidx.lifecycle:lifecycle-viewmodel-savedstate:2.6.1) with AarToClassTransform
Transforming lifecycle-viewmodel-savedstate-2.6.1.aar (androidx.lifecycle:lifecycle-viewmodel-savedstate:2.6.1) with IdentityTransform
Transforming core-ktx-1.12.0.aar (androidx.core:core-ktx:1.12.0) with AarToClassTransform
Transforming core-ktx-1.12.0.aar (androidx.core:core-ktx:1.12.0) with IdentityTransform
Transforming annotation-experimental-1.3.0.aar (androidx.annotation:annotation-experimental:1.3.0) with AarToClassTransform
Transforming annotation-experimental-1.3.0.aar (androidx.annotation:annotation-experimental:1.3.0) with IdentityTransform
Transforming kotlinx-coroutines-core-jvm-1.7.3.jar (org.jetbrains.kotlinx:kotlinx-coroutines-core-jvm:1.7.3) with IdentityTransform
Transforming kotlinx-coroutines-core-jvm-1.7.3.jar (org.jetbrains.kotlinx:kotlinx-coroutines-core-jvm:1.7.3) with IdentityTransform
Transforming kotlinx-coroutines-core-jvm-1.7.3.jar (org.jetbrains.kotlinx:kotlinx-coroutines-core-jvm:1.7.3) with DexingNoClasspathTransform
Transforming kotlinx-coroutines-android-1.7.3.jar (org.jetbrains.kotlinx:kotlinx-coroutines-android:1.7.3) with IdentityTransform
Transforming kotlinx-coroutines-android-1.7.3.jar (org.jetbrains.kotlinx:kotlinx-coroutines-android:1.7.3) with IdentityTransform
Transforming kotlinx-coroutines-android-1.7.3.jar (org.jetbrains.kotlinx:kotlinx-coroutines-android:1.7.3) with DexingNoClasspathTransform
Transforming kotlin-stdlib-jdk8-1.8.22.jar (org.jetbrains.kotlin:kotlin-stdlib-jdk8:1.8.22) with IdentityTransform
Transforming kotlin-stdlib-jdk8-1.8.22.jar (org.jetbrains.kotlin:kotlin-stdlib-jdk8:1.8.22) with IdentityTransform
Transforming kotlin-stdlib-jdk8-1.8.22.jar (org.jetbrains.kotlin:kotlin-stdlib-jdk8:1.8.22) with DexingNoClasspathTransform
Transforming cursoradapter-1.0.0.aar (androidx.cursoradapter:cursoradapter:1.0.0) with AarToClassTransform
Transforming cursoradapter-1.0.0.aar (androidx.cursoradapter:cursoradapter:1.0.0) with IdentityTransform
Transforming resourceinspection-annotation-1.0.1.jar (androidx.resourceinspection:resourceinspection-annotation:1.0.1) with IdentityTransform
Transforming resourceinspection-annotation-1.0.1.jar (androidx.resourceinspection:resourceinspection-annotation:1.0.1) with IdentityTransform
Transforming resourceinspection-annotation-1.0.1.jar (androidx.resourceinspection:resourceinspection-annotation:1.0.1) with DexingNoClasspathTransform
Transforming cardview-1.0.0.aar (androidx.cardview:cardview:1.0.0) with AarToClassTransform
Transforming cardview-1.0.0.aar (androidx.cardview:cardview:1.0.0) with IdentityTransform
Caching disabled for IdentityTransform: /home/runner/.gradle/caches/transforms-3/cc23ada745d54b1404a35c023c6ddd06/transformed/appcompat-resources-1.6.1-runtime.jar because:
  Build cache is disabled
Skipping IdentityTransform: /home/runner/.gradle/caches/transforms-3/cc23ada745d54b1404a35c023c6ddd06/transformed/appcompat-resources-1.6.1-runtime.jar as it is up-to-date.
Transforming appcompat-resources-1.6.1.aar (androidx.appcompat:appcompat-resources:1.6.1) with DexingNoClasspathTransform
Caching disabled for DexingNoClasspathTransform: /home/runner/.gradle/caches/transforms-3/b4e1b7e7f41444179f2adc8f4549797d/transformed/appcompat-1.6.1-runtime.jar because:
  Build cache is disabled
Skipping DexingNoClasspathTransform: /home/runner/.gradle/caches/transforms-3/b4e1b7e7f41444179f2adc8f4549797d/transformed/appcompat-1.6.1-runtime.jar as it is up-to-date.
Caching disabled for DexingNoClasspathTransform: /home/runner/.gradle/caches/transforms-3/cc23ada745d54b1404a35c023c6ddd06/transformed/appcompat-resources-1.6.1-runtime.jar because:
  Build cache is disabled
Skipping DexingNoClasspathTransform: /home/runner/.gradle/caches/transforms-3/cc23ada745d54b1404a35c023c6ddd06/transformed/appcompat-resources-1.6.1-runtime.jar as it is up-to-date.
Caching disabled for IdentityTransform: /home/runner/.gradle/caches/transforms-3/c3af0220ad4231f26415b593e3fb237d/transformed/viewpager2-1.1.0-beta02-runtime.jar because:
  Build cache is disabled
Skipping IdentityTransform: /home/runner/.gradle/caches/transforms-3/c3af0220ad4231f26415b593e3fb237d/transformed/viewpager2-1.1.0-beta02-runtime.jar as it is up-to-date.
Transforming interpolator-1.0.0.aar (androidx.interpolator:interpolator:1.0.0) with AarToClassTransform
Transforming viewpager2-1.1.0-beta02.aar (androidx.viewpager2:viewpager2:1.1.0-beta02) with DexingNoClasspathTransform
Transforming interpolator-1.0.0.aar (androidx.interpolator:interpolator:1.0.0) with IdentityTransform
Transforming interpolator-1.0.0.aar (androidx.interpolator:interpolator:1.0.0) with AarToClassTransform
Transforming interpolator-1.0.0.aar (androidx.interpolator:interpolator:1.0.0) with IdentityTransform
Transforming interpolator-1.0.0.aar (androidx.interpolator:interpolator:1.0.0) with AarToClassTransform
Transforming interpolator-1.0.0.aar (androidx.interpolator:interpolator:1.0.0) with IdentityTransform
Transforming versionedparcelable-1.1.1.aar (androidx.versionedparcelable:versionedparcelable:1.1.1) with AarToClassTransform
Transforming versionedparcelable-1.1.1.aar (androidx.versionedparcelable:versionedparcelable:1.1.1) with IdentityTransform
Transforming collection-1.1.0.jar (androidx.collection:collection:1.1.0) with IdentityTransform
Transforming collection-1.1.0.jar (androidx.collection:collection:1.1.0) with IdentityTransform
Transforming collection-1.1.0.jar (androidx.collection:collection:1.1.0) with DexingNoClasspathTransform
Transforming profileinstaller-1.3.0.aar (androidx.profileinstaller:profileinstaller:1.3.0) with AarToClassTransform
Transforming profileinstaller-1.3.0.aar (androidx.profileinstaller:profileinstaller:1.3.0) with IdentityTransform
Transforming startup-runtime-1.1.1.aar (androidx.startup:startup-runtime:1.1.1) with AarToClassTransform
Transforming startup-runtime-1.1.1.aar (androidx.startup:startup-runtime:1.1.1) with IdentityTransform
Transforming tracing-1.0.0.aar (androidx.tracing:tracing:1.0.0) with AarToClassTransform
Transforming tracing-1.0.0.aar (androidx.tracing:tracing:1.0.0) with IdentityTransform
Transforming core-runtime-2.2.0.aar (androidx.arch.core:core-runtime:2.2.0) with AarToClassTransform
Transforming core-runtime-2.2.0.aar (androidx.arch.core:core-runtime:2.2.0) with IdentityTransform
Transforming core-common-2.2.0.jar (androidx.arch.core:core-common:2.2.0) with IdentityTransform
Transforming core-common-2.2.0.jar (androidx.arch.core:core-common:2.2.0) with IdentityTransform
Transforming core-common-2.2.0.jar (androidx.arch.core:core-common:2.2.0) with DexingNoClasspathTransform
Transforming concurrent-futures-1.1.0.jar (androidx.concurrent:concurrent-futures:1.1.0) with IdentityTransform
Transforming concurrent-futures-1.1.0.jar (androidx.concurrent:concurrent-futures:1.1.0) with IdentityTransform
Transforming concurrent-futures-1.1.0.jar (androidx.concurrent:concurrent-futures:1.1.0) with DexingNoClasspathTransform
Transforming documentfile-1.0.0.aar (androidx.documentfile:documentfile:1.0.0) with AarToClassTransform
Transforming documentfile-1.0.0.aar (androidx.documentfile:documentfile:1.0.0) with IdentityTransform
Transforming localbroadcastmanager-1.0.0.aar (androidx.localbroadcastmanager:localbroadcastmanager:1.0.0) with AarToClassTransform
Transforming localbroadcastmanager-1.0.0.aar (androidx.localbroadcastmanager:localbroadcastmanager:1.0.0) with IdentityTransform
Transforming print-1.0.0.aar (androidx.print:print:1.0.0) with AarToClassTransform
Transforming print-1.0.0.aar (androidx.print:print:1.0.0) with IdentityTransform
Transforming annotation-jvm-1.6.0.jar (androidx.annotation:annotation-jvm:1.6.0) with IdentityTransform
Transforming annotation-jvm-1.6.0.jar (androidx.annotation:annotation-jvm:1.6.0) with IdentityTransform
Transforming annotation-jvm-1.6.0.jar (androidx.annotation:annotation-jvm:1.6.0) with DexingNoClasspathTransform
Transforming kotlin-stdlib-jdk7-1.8.22.jar (org.jetbrains.kotlin:kotlin-stdlib-jdk7:1.8.22) with IdentityTransform
Transforming kotlin-stdlib-jdk7-1.8.22.jar (org.jetbrains.kotlin:kotlin-stdlib-jdk7:1.8.22) with IdentityTransform
Transforming kotlin-stdlib-jdk7-1.8.22.jar (org.jetbrains.kotlin:kotlin-stdlib-jdk7:1.8.22) with DexingNoClasspathTransform
Transforming kotlin-stdlib-1.9.22.jar (org.jetbrains.kotlin:kotlin-stdlib:1.9.22) with IdentityTransform
Transforming kotlin-stdlib-1.9.22.jar (org.jetbrains.kotlin:kotlin-stdlib:1.9.22) with IdentityTransform
Transforming kotlin-stdlib-1.9.22.jar (org.jetbrains.kotlin:kotlin-stdlib:1.9.22) with DexingNoClasspathTransform
Transforming annotations-23.0.0.jar (org.jetbrains:annotations:23.0.0) with IdentityTransform
Transforming annotations-23.0.0.jar (org.jetbrains:annotations:23.0.0) with IdentityTransform
Transforming annotations-23.0.0.jar (org.jetbrains:annotations:23.0.0) with DexingNoClasspathTransform
Caching disabled for IdentityTransform: /home/runner/.gradle/caches/transforms-3/698636b6cb89e8cd4cda1a466c09e4c1/transformed/recyclerview-1.3.2-runtime.jar because:
  Build cache is disabled
Skipping IdentityTransform: /home/runner/.gradle/caches/transforms-3/698636b6cb89e8cd4cda1a466c09e4c1/transformed/recyclerview-1.3.2-runtime.jar as it is up-to-date.
Transforming recyclerview-1.3.2.aar (androidx.recyclerview:recyclerview:1.3.2) with DexingNoClasspathTransform
Transforming error_prone_annotations-2.15.0.jar (com.google.errorprone:error_prone_annotations:2.15.0) with IdentityTransform
Transforming error_prone_annotations-2.15.0.jar (com.google.errorprone:error_prone_annotations:2.15.0) with IdentityTransform
Transforming error_prone_annotations-2.15.0.jar (com.google.errorprone:error_prone_annotations:2.15.0) with DexingNoClasspathTransform
Transforming constraintlayout-core-1.0.4.jar (androidx.constraintlayout:constraintlayout-core:1.0.4) with IdentityTransform
Transforming constraintlayout-core-1.0.4.jar (androidx.constraintlayout:constraintlayout-core:1.0.4) with IdentityTransform
Transforming constraintlayout-core-1.0.4.jar (androidx.constraintlayout:constraintlayout-core:1.0.4) with DexingNoClasspathTransform
Transforming listenablefuture-1.0.jar (com.google.guava:listenablefuture:1.0) with IdentityTransform
Transforming listenablefuture-1.0.jar (com.google.guava:listenablefuture:1.0) with IdentityTransform
Transforming listenablefuture-1.0.jar (com.google.guava:listenablefuture:1.0) with DexingNoClasspathTransform
Caching disabled for DexingNoClasspathTransform: /home/runner/.gradle/caches/transforms-3/c3af0220ad4231f26415b593e3fb237d/transformed/viewpager2-1.1.0-beta02-runtime.jar because:
  Build cache is disabled
Skipping DexingNoClasspathTransform: /home/runner/.gradle/caches/transforms-3/c3af0220ad4231f26415b593e3fb237d/transformed/viewpager2-1.1.0-beta02-runtime.jar as it is up-to-date.
Caching disabled for IdentityTransform: /home/runner/.gradle/caches/transforms-3/03afe22b48dda752f429fb82bbb4dd3a/transformed/swiperefreshlayout-1.1.0-runtime.jar because:
  Build cache is disabled
Skipping IdentityTransform: /home/runner/.gradle/caches/transforms-3/03afe22b48dda752f429fb82bbb4dd3a/transformed/swiperefreshlayout-1.1.0-runtime.jar as it is up-to-date.
Caching disabled for DexingNoClasspathTransform: /home/runner/.gradle/caches/transforms-3/698636b6cb89e8cd4cda1a466c09e4c1/transformed/recyclerview-1.3.2-runtime.jar because:
  Build cache is disabled
Caching disabled for IdentityTransform: /home/runner/.gradle/caches/transforms-3/ae8d5b94ff53d0aa5b659b34a5d1af3b/transformed/emoji2-views-helper-1.2.0-runtime.jar because:
  Build cache is disabled
Skipping IdentityTransform: /home/runner/.gradle/caches/transforms-3/ae8d5b94ff53d0aa5b659b34a5d1af3b/transformed/emoji2-views-helper-1.2.0-runtime.jar as it is up-to-date.
Transforming swiperefreshlayout-1.1.0.aar (androidx.swiperefreshlayout:swiperefreshlayout:1.1.0) with DexingNoClasspathTransform
Skipping DexingNoClasspathTransform: /home/runner/.gradle/caches/transforms-3/698636b6cb89e8cd4cda1a466c09e4c1/transformed/recyclerview-1.3.2-runtime.jar as it is up-to-date.
Transforming emoji2-views-helper-1.2.0.aar (androidx.emoji2:emoji2-views-helper:1.2.0) with DexingNoClasspathTransform
Caching disabled for DexingNoClasspathTransform: /home/runner/.gradle/caches/transforms-3/ae8d5b94ff53d0aa5b659b34a5d1af3b/transformed/emoji2-views-helper-1.2.0-runtime.jar because:
  Build cache is disabled
Skipping DexingNoClasspathTransform: /home/runner/.gradle/caches/transforms-3/ae8d5b94ff53d0aa5b659b34a5d1af3b/transformed/emoji2-views-helper-1.2.0-runtime.jar as it is up-to-date.
Caching disabled for IdentityTransform: /home/runner/.gradle/caches/transforms-3/3cb95e38a60585e4807a8c3043b4fc4b/transformed/emoji2-1.2.0-runtime.jar because:
  Build cache is disabled
Skipping IdentityTransform: /home/runner/.gradle/caches/transforms-3/3cb95e38a60585e4807a8c3043b4fc4b/transformed/emoji2-1.2.0-runtime.jar as it is up-to-date.
Transforming emoji2-1.2.0.aar (androidx.emoji2:emoji2:1.2.0) with DexingNoClasspathTransform
Caching disabled for DexingNoClasspathTransform: /home/runner/.gradle/caches/transforms-3/03afe22b48dda752f429fb82bbb4dd3a/transformed/swiperefreshlayout-1.1.0-runtime.jar because:
  Build cache is disabled
Skipping DexingNoClasspathTransform: /home/runner/.gradle/caches/transforms-3/03afe22b48dda752f429fb82bbb4dd3a/transformed/swiperefreshlayout-1.1.0-runtime.jar as it is up-to-date.
Caching disabled for DexingNoClasspathTransform: /home/runner/.gradle/caches/transforms-3/3cb95e38a60585e4807a8c3043b4fc4b/transformed/emoji2-1.2.0-runtime.jar because:
  Build cache is disabled
Skipping DexingNoClasspathTransform: /home/runner/.gradle/caches/transforms-3/3cb95e38a60585e4807a8c3043b4fc4b/transformed/emoji2-1.2.0-runtime.jar as it is up-to-date.
Caching disabled for IdentityTransform: /home/runner/.gradle/caches/transforms-3/2d44f121ae9393debe4b756a63240d04/transformed/activity-1.8.0-runtime.jar because:
  Build cache is disabled
Skipping IdentityTransform: /home/runner/.gradle/caches/transforms-3/2d44f121ae9393debe4b756a63240d04/transformed/activity-1.8.0-runtime.jar as it is up-to-date.
Transforming activity-1.8.0.aar (androidx.activity:activity:1.8.0) with DexingNoClasspathTransform
Caching disabled for IdentityTransform: /home/runner/.gradle/caches/transforms-3/cf6530ab6822252bed831f90f9fdf965/transformed/fragment-1.3.6-runtime.jar because:
  Build cache is disabled
Skipping IdentityTransform: /home/runner/.gradle/caches/transforms-3/cf6530ab6822252bed831f90f9fdf965/transformed/fragment-1.3.6-runtime.jar as it is up-to-date.
Transforming fragment-1.3.6.aar (androidx.fragment:fragment:1.3.6) with DexingNoClasspathTransform
Caching disabled for DexingNoClasspathTransform: /home/runner/.gradle/caches/transforms-3/2d44f121ae9393debe4b756a63240d04/transformed/activity-1.8.0-runtime.jar because:
  Build cache is disabled
Caching disabled for DexingNoClasspathTransform: /home/runner/.gradle/caches/transforms-3/cf6530ab6822252bed831f90f9fdf965/transformed/fragment-1.3.6-runtime.jar because:
  Build cache is disabled
Skipping DexingNoClasspathTransform: /home/runner/.gradle/caches/transforms-3/2d44f121ae9393debe4b756a63240d04/transformed/activity-1.8.0-runtime.jar as it is up-to-date.
Skipping DexingNoClasspathTransform: /home/runner/.gradle/caches/transforms-3/cf6530ab6822252bed831f90f9fdf965/transformed/fragment-1.3.6-runtime.jar as it is up-to-date.
Caching disabled for IdentityTransform: /home/runner/.gradle/caches/transforms-3/7a0b15fccc2bd470bc4b0bfcd34a1459/transformed/drawerlayout-1.1.1-runtime.jar because:
  Build cache is disabled
Skipping IdentityTransform: /home/runner/.gradle/caches/transforms-3/7a0b15fccc2bd470bc4b0bfcd34a1459/transformed/drawerlayout-1.1.1-runtime.jar as it is up-to-date.
Transforming drawerlayout-1.1.1.aar (androidx.drawerlayout:drawerlayout:1.1.1) with DexingNoClasspathTransform
Caching disabled for IdentityTransform: /home/runner/.gradle/caches/transforms-3/54cb6dc25a2929b26ad2bf53af80d532/transformed/coordinatorlayout-1.1.0-runtime.jar because:
  Build cache is disabled
Skipping IdentityTransform: /home/runner/.gradle/caches/transforms-3/54cb6dc25a2929b26ad2bf53af80d532/transformed/coordinatorlayout-1.1.0-runtime.jar as it is up-to-date.
Transforming coordinatorlayout-1.1.0.aar (androidx.coordinatorlayout:coordinatorlayout:1.1.0) with DexingNoClasspathTransform
Caching disabled for IdentityTransform: /home/runner/.gradle/caches/transforms-3/6f593fd4d55aa2287832ffad3178b30c/transformed/dynamicanimation-1.0.0-runtime.jar because:
  Build cache is disabled
Skipping IdentityTransform: /home/runner/.gradle/caches/transforms-3/6f593fd4d55aa2287832ffad3178b30c/transformed/dynamicanimation-1.0.0-runtime.jar as it is up-to-date.
Transforming dynamicanimation-1.0.0.aar (androidx.dynamicanimation:dynamicanimation:1.0.0) with DexingNoClasspathTransform
Caching disabled for DexingNoClasspathTransform: /home/runner/.gradle/caches/transforms-3/7a0b15fccc2bd470bc4b0bfcd34a1459/transformed/drawerlayout-1.1.1-runtime.jar because:
  Build cache is disabled
Skipping DexingNoClasspathTransform: /home/runner/.gradle/caches/transforms-3/7a0b15fccc2bd470bc4b0bfcd34a1459/transformed/drawerlayout-1.1.1-runtime.jar as it is up-to-date.
Caching disabled for DexingNoClasspathTransform: /home/runner/.gradle/caches/transforms-3/6f593fd4d55aa2287832ffad3178b30c/transformed/dynamicanimation-1.0.0-runtime.jar because:
  Build cache is disabled
Skipping DexingNoClasspathTransform: /home/runner/.gradle/caches/transforms-3/6f593fd4d55aa2287832ffad3178b30c/transformed/dynamicanimation-1.0.0-runtime.jar as it is up-to-date.
Caching disabled for IdentityTransform: /home/runner/.gradle/caches/transforms-3/d01eaebe60eb536f7db6968bb6594315/transformed/vectordrawable-animated-1.1.0-runtime.jar because:
  Build cache is disabled
Skipping IdentityTransform: /home/runner/.gradle/caches/transforms-3/d01eaebe60eb536f7db6968bb6594315/transformed/vectordrawable-animated-1.1.0-runtime.jar as it is up-to-date.
Transforming vectordrawable-animated-1.1.0.aar (androidx.vectordrawable:vectordrawable-animated:1.1.0) with DexingNoClasspathTransform
Caching disabled for DexingNoClasspathTransform: /home/runner/.gradle/caches/transforms-3/54cb6dc25a2929b26ad2bf53af80d532/transformed/coordinatorlayout-1.1.0-runtime.jar because:
  Build cache is disabled
Skipping DexingNoClasspathTransform: /home/runner/.gradle/caches/transforms-3/54cb6dc25a2929b26ad2bf53af80d532/transformed/coordinatorlayout-1.1.0-runtime.jar as it is up-to-date.
Caching disabled for IdentityTransform: /home/runner/.gradle/caches/transforms-3/e82bfb33833b5084d3dcefc3b06cbe39/transformed/transition-1.2.0-runtime.jar because:
  Build cache is disabled
Skipping IdentityTransform: /home/runner/.gradle/caches/transforms-3/e82bfb33833b5084d3dcefc3b06cbe39/transformed/transition-1.2.0-runtime.jar as it is up-to-date.
Transforming transition-1.2.0.aar (androidx.transition:transition:1.2.0) with DexingNoClasspathTransform
Caching disabled for DexingNoClasspathTransform: /home/runner/.gradle/caches/transforms-3/d01eaebe60eb536f7db6968bb6594315/transformed/vectordrawable-animated-1.1.0-runtime.jar because:
  Build cache is disabled
Skipping DexingNoClasspathTransform: /home/runner/.gradle/caches/transforms-3/d01eaebe60eb536f7db6968bb6594315/transformed/vectordrawable-animated-1.1.0-runtime.jar as it is up-to-date.
Caching disabled for IdentityTransform: /home/runner/.gradle/caches/transforms-3/ecac587bf1116be1500fa589c8c42e0b/transformed/vectordrawable-1.1.0-runtime.jar because:
  Build cache is disabled
Skipping IdentityTransform: /home/runner/.gradle/caches/transforms-3/ecac587bf1116be1500fa589c8c42e0b/transformed/vectordrawable-1.1.0-runtime.jar as it is up-to-date.
Transforming vectordrawable-1.1.0.aar (androidx.vectordrawable:vectordrawable:1.1.0) with DexingNoClasspathTransform
Caching disabled for DexingNoClasspathTransform: /home/runner/.gradle/caches/transforms-3/e82bfb33833b5084d3dcefc3b06cbe39/transformed/transition-1.2.0-runtime.jar because:
  Build cache is disabled
Skipping DexingNoClasspathTransform: /home/runner/.gradle/caches/transforms-3/e82bfb33833b5084d3dcefc3b06cbe39/transformed/transition-1.2.0-runtime.jar as it is up-to-date.
Transforming vectordrawable-1.1.0.aar (androidx.vectordrawable:vectordrawable:1.1.0) with DexingNoClasspathTransform
Caching disabled for DexingNoClasspathTransform: /home/runner/.gradle/caches/transforms-3/ecac587bf1116be1500fa589c8c42e0b/transformed/vectordrawable-1.1.0-runtime.jar because:
  Build cache is disabled
Skipping DexingNoClasspathTransform: /home/runner/.gradle/caches/transforms-3/ecac587bf1116be1500fa589c8c42e0b/transformed/vectordrawable-1.1.0-runtime.jar as it is up-to-date.
Caching disabled for IdentityTransform: /home/runner/.gradle/caches/transforms-3/e39e9c8bef517376954687c576e63c9a/transformed/viewpager-1.0.0-runtime.jar because:
  Build cache is disabled
Skipping IdentityTransform: /home/runner/.gradle/caches/transforms-3/e39e9c8bef517376954687c576e63c9a/transformed/viewpager-1.0.0-runtime.jar as it is up-to-date.
Transforming viewpager-1.0.0.aar (androidx.viewpager:viewpager:1.0.0) with DexingNoClasspathTransform
Caching disabled for IdentityTransform: /home/runner/.gradle/caches/transforms-3/7c95a1c0b6eddb891161171ab59ae7f6/transformed/loader-1.0.0-runtime.jar because:
  Build cache is disabled
Skipping IdentityTransform: /home/runner/.gradle/caches/transforms-3/7c95a1c0b6eddb891161171ab59ae7f6/transformed/loader-1.0.0-runtime.jar as it is up-to-date.
Transforming loader-1.0.0.aar (androidx.loader:loader:1.0.0) with DexingNoClasspathTransform
Caching disabled for IdentityTransform: /home/runner/.gradle/caches/transforms-3/eb4bd3484b000d3caaedebb76a1e6302/transformed/legacy-support-core-utils-1.0.0-runtime.jar because:
  Build cache is disabled
Skipping IdentityTransform: /home/runner/.gradle/caches/transforms-3/eb4bd3484b000d3caaedebb76a1e6302/transformed/legacy-support-core-utils-1.0.0-runtime.jar as it is up-to-date.
Transforming legacy-support-core-utils-1.0.0.aar (androidx.legacy:legacy-support-core-utils:1.0.0) with DexingNoClasspathTransform
Caching disabled for DexingNoClasspathTransform: /home/runner/.gradle/caches/transforms-3/e39e9c8bef517376954687c576e63c9a/transformed/viewpager-1.0.0-runtime.jar because:
  Build cache is disabled
Skipping DexingNoClasspathTransform: /home/runner/.gradle/caches/transforms-3/e39e9c8bef517376954687c576e63c9a/transformed/viewpager-1.0.0-runtime.jar as it is up-to-date.
Transforming loader-1.0.0.aar (androidx.loader:loader:1.0.0) with DexingNoClasspathTransform
Caching disabled for DexingNoClasspathTransform: /home/runner/.gradle/caches/transforms-3/7c95a1c0b6eddb891161171ab59ae7f6/transformed/loader-1.0.0-runtime.jar because:
  Build cache is disabled
Skipping DexingNoClasspathTransform: /home/runner/.gradle/caches/transforms-3/7c95a1c0b6eddb891161171ab59ae7f6/transformed/loader-1.0.0-runtime.jar as it is up-to-date.
Caching disabled for DexingNoClasspathTransform: /home/runner/.gradle/caches/transforms-3/eb4bd3484b000d3caaedebb76a1e6302/transformed/legacy-support-core-utils-1.0.0-runtime.jar because:
  Build cache is disabled
Skipping DexingNoClasspathTransform: /home/runner/.gradle/caches/transforms-3/eb4bd3484b000d3caaedebb76a1e6302/transformed/legacy-support-core-utils-1.0.0-runtime.jar as it is up-to-date.
Caching disabled for IdentityTransform: /home/runner/.gradle/caches/transforms-3/246889483081790687d3974a19a6b96e/transformed/customview-1.1.0-runtime.jar because:
  Build cache is disabled
Skipping IdentityTransform: /home/runner/.gradle/caches/transforms-3/246889483081790687d3974a19a6b96e/transformed/customview-1.1.0-runtime.jar as it is up-to-date.
Transforming customview-1.1.0.aar (androidx.customview:customview:1.1.0) with DexingNoClasspathTransform
Transforming customview-1.1.0.aar (androidx.customview:customview:1.1.0) with DexingNoClasspathTransform
Caching disabled for DexingNoClasspathTransform: /home/runner/.gradle/caches/transforms-3/246889483081790687d3974a19a6b96e/transformed/customview-1.1.0-runtime.jar because:
  Build cache is disabled
Skipping DexingNoClasspathTransform: /home/runner/.gradle/caches/transforms-3/246889483081790687d3974a19a6b96e/transformed/customview-1.1.0-runtime.jar as it is up-to-date.
Caching disabled for IdentityTransform: /home/runner/.gradle/caches/transforms-3/02f972e4beeb183989b2572872dda9b4/transformed/core-1.12.0-runtime.jar because:
  Build cache is disabled
Skipping IdentityTransform: /home/runner/.gradle/caches/transforms-3/02f972e4beeb183989b2572872dda9b4/transformed/core-1.12.0-runtime.jar as it is up-to-date.
Transforming core-1.12.0.aar (androidx.core:core:1.12.0) with DexingNoClasspathTransform
Transforming core-1.12.0.aar (androidx.core:core:1.12.0) with DexingNoClasspathTransform
Caching disabled for DexingNoClasspathTransform: /home/runner/.gradle/caches/transforms-3/02f972e4beeb183989b2572872dda9b4/transformed/core-1.12.0-runtime.jar because:
  Build cache is disabled
Skipping DexingNoClasspathTransform: /home/runner/.gradle/caches/transforms-3/02f972e4beeb183989b2572872dda9b4/transformed/core-1.12.0-runtime.jar as it is up-to-date.
Caching disabled for IdentityTransform: /home/runner/.gradle/caches/transforms-3/4d1feeed499f52ce4afcf81c4640befe/transformed/customview-poolingcontainer-1.0.0-runtime.jar because:
  Build cache is disabled
Skipping IdentityTransform: /home/runner/.gradle/caches/transforms-3/4d1feeed499f52ce4afcf81c4640befe/transformed/customview-poolingcontainer-1.0.0-runtime.jar as it is up-to-date.
Transforming customview-poolingcontainer-1.0.0.aar (androidx.customview:customview-poolingcontainer:1.0.0) with DexingNoClasspathTransform
Caching disabled for IdentityTransform: /home/runner/.gradle/caches/transforms-3/d40f63c5019f9a4f076c712fd17b90f9/transformed/savedstate-1.2.1-runtime.jar because:
  Build cache is disabled
Skipping IdentityTransform: /home/runner/.gradle/caches/transforms-3/d40f63c5019f9a4f076c712fd17b90f9/transformed/savedstate-1.2.1-runtime.jar as it is up-to-date.
Transforming savedstate-1.2.1.aar (androidx.savedstate:savedstate:1.2.1) with DexingNoClasspathTransform
Caching disabled for IdentityTransform: /home/runner/.gradle/caches/transforms-3/d63f38111307ec834929953f22461f00/transformed/lifecycle-process-2.6.1-runtime.jar because:
  Build cache is disabled
Skipping IdentityTransform: /home/runner/.gradle/caches/transforms-3/d63f38111307ec834929953f22461f00/transformed/lifecycle-process-2.6.1-runtime.jar as it is up-to-date.
Transforming lifecycle-process-2.6.1.aar (androidx.lifecycle:lifecycle-process:2.6.1) with DexingNoClasspathTransform
Caching disabled for DexingNoClasspathTransform: /home/runner/.gradle/caches/transforms-3/d40f63c5019f9a4f076c712fd17b90f9/transformed/savedstate-1.2.1-runtime.jar because:
  Build cache is disabled
Skipping DexingNoClasspathTransform: /home/runner/.gradle/caches/transforms-3/d40f63c5019f9a4f076c712fd17b90f9/transformed/savedstate-1.2.1-runtime.jar as it is up-to-date.
Caching disabled for DexingNoClasspathTransform: /home/runner/.gradle/caches/transforms-3/4d1feeed499f52ce4afcf81c4640befe/transformed/customview-poolingcontainer-1.0.0-runtime.jar because:
  Build cache is disabled
Skipping DexingNoClasspathTransform: /home/runner/.gradle/caches/transforms-3/4d1feeed499f52ce4afcf81c4640befe/transformed/customview-poolingcontainer-1.0.0-runtime.jar as it is up-to-date.
Caching disabled for DexingNoClasspathTransform: /home/runner/.gradle/caches/transforms-3/d63f38111307ec834929953f22461f00/transformed/lifecycle-process-2.6.1-runtime.jar because:
  Build cache is disabled
Skipping DexingNoClasspathTransform: /home/runner/.gradle/caches/transforms-3/d63f38111307ec834929953f22461f00/transformed/lifecycle-process-2.6.1-runtime.jar as it is up-to-date.
Caching disabled for IdentityTransform: /home/runner/.gradle/caches/transforms-3/781585c72383a854eb54f5efae28a832/transformed/lifecycle-livedata-core-2.6.1-runtime.jar because:
  Build cache is disabled
Skipping IdentityTransform: /home/runner/.gradle/caches/transforms-3/781585c72383a854eb54f5efae28a832/transformed/lifecycle-livedata-core-2.6.1-runtime.jar as it is up-to-date.
Transforming lifecycle-livedata-core-2.6.1.aar (androidx.lifecycle:lifecycle-livedata-core:2.6.1) with DexingNoClasspathTransform
Caching disabled for IdentityTransform: /home/runner/.gradle/caches/transforms-3/cbf0d23ecf059b4a4345cbbd8670cdc0/transformed/lifecycle-livedata-2.6.1-runtime.jar because:
  Build cache is disabled
Skipping IdentityTransform: /home/runner/.gradle/caches/transforms-3/cbf0d23ecf059b4a4345cbbd8670cdc0/transformed/lifecycle-livedata-2.6.1-runtime.jar as it is up-to-date.
Transforming lifecycle-livedata-2.6.1.aar (androidx.lifecycle:lifecycle-livedata:2.6.1) with DexingNoClasspathTransform
Caching disabled for DexingNoClasspathTransform: /home/runner/.gradle/caches/modules-2/files-2.1/androidx.lifecycle/lifecycle-common/2.6.1/10f354fdb64868baecd67128560c5a0d6312c495/lifecycle-common-2.6.1.jar because:
  Build cache is disabled
Skipping DexingNoClasspathTransform: /home/runner/.gradle/caches/modules-2/files-2.1/androidx.lifecycle/lifecycle-common/2.6.1/10f354fdb64868baecd67128560c5a0d6312c495/lifecycle-common-2.6.1.jar as it is up-to-date.
Caching disabled for DexingNoClasspathTransform: /home/runner/.gradle/caches/transforms-3/cbf0d23ecf059b4a4345cbbd8670cdc0/transformed/lifecycle-livedata-2.6.1-runtime.jar because:
  Build cache is disabled
Skipping DexingNoClasspathTransform: /home/runner/.gradle/caches/transforms-3/cbf0d23ecf059b4a4345cbbd8670cdc0/transformed/lifecycle-livedata-2.6.1-runtime.jar as it is up-to-date.
Caching disabled for IdentityTransform: /home/runner/.gradle/caches/transforms-3/08b4edac42b408bf5a97fc81980e8946/transformed/lifecycle-viewmodel-2.6.1-runtime.jar because:
  Build cache is disabled
Skipping IdentityTransform: /home/runner/.gradle/caches/transforms-3/08b4edac42b408bf5a97fc81980e8946/transformed/lifecycle-viewmodel-2.6.1-runtime.jar as it is up-to-date.
Transforming lifecycle-viewmodel-2.6.1.aar (androidx.lifecycle:lifecycle-viewmodel:2.6.1) with DexingNoClasspathTransform
Transforming lifecycle-viewmodel-2.6.1.aar (androidx.lifecycle:lifecycle-viewmodel:2.6.1) with DexingNoClasspathTransform
Caching disabled for DexingNoClasspathTransform: /home/runner/.gradle/caches/transforms-3/781585c72383a854eb54f5efae28a832/transformed/lifecycle-livedata-core-2.6.1-runtime.jar because:
  Build cache is disabled
Skipping DexingNoClasspathTransform: /home/runner/.gradle/caches/transforms-3/781585c72383a854eb54f5efae28a832/transformed/lifecycle-livedata-core-2.6.1-runtime.jar as it is up-to-date.
Caching disabled for IdentityTransform: /home/runner/.gradle/caches/transforms-3/bd0c46b0b90442a5de593666563593b8/transformed/lifecycle-runtime-2.6.1-runtime.jar because:
  Build cache is disabled
Skipping IdentityTransform: /home/runner/.gradle/caches/transforms-3/bd0c46b0b90442a5de593666563593b8/transformed/lifecycle-runtime-2.6.1-runtime.jar as it is up-to-date.
Transforming lifecycle-runtime-2.6.1.aar (androidx.lifecycle:lifecycle-runtime:2.6.1) with DexingNoClasspathTransform
Caching disabled for DexingNoClasspathTransform: /home/runner/.gradle/caches/transforms-3/bd0c46b0b90442a5de593666563593b8/transformed/lifecycle-runtime-2.6.1-runtime.jar because:
  Build cache is disabled
Skipping DexingNoClasspathTransform: /home/runner/.gradle/caches/transforms-3/bd0c46b0b90442a5de593666563593b8/transformed/lifecycle-runtime-2.6.1-runtime.jar as it is up-to-date.
Caching disabled for DexingNoClasspathTransform: /home/runner/.gradle/caches/transforms-3/08b4edac42b408bf5a97fc81980e8946/transformed/lifecycle-viewmodel-2.6.1-runtime.jar because:
  Build cache is disabled
Skipping DexingNoClasspathTransform: /home/runner/.gradle/caches/transforms-3/08b4edac42b408bf5a97fc81980e8946/transformed/lifecycle-viewmodel-2.6.1-runtime.jar as it is up-to-date.
Caching disabled for IdentityTransform: /home/runner/.gradle/caches/transforms-3/e069e9db95ff16fd8ca8628e6d6ac184/transformed/lifecycle-viewmodel-savedstate-2.6.1-runtime.jar because:
  Build cache is disabled
Skipping IdentityTransform: /home/runner/.gradle/caches/transforms-3/e069e9db95ff16fd8ca8628e6d6ac184/transformed/lifecycle-viewmodel-savedstate-2.6.1-runtime.jar as it is up-to-date.
Transforming lifecycle-viewmodel-savedstate-2.6.1.aar (androidx.lifecycle:lifecycle-viewmodel-savedstate:2.6.1) with DexingNoClasspathTransform
Caching disabled for IdentityTransform: /home/runner/.gradle/caches/transforms-3/f5d9f304c89ce69716f9515141f27631/transformed/annotation-experimental-1.3.0-runtime.jar because:
  Build cache is disabled
Skipping IdentityTransform: /home/runner/.gradle/caches/transforms-3/f5d9f304c89ce69716f9515141f27631/transformed/annotation-experimental-1.3.0-runtime.jar as it is up-to-date.
Transforming annotation-experimental-1.3.0.aar (androidx.annotation:annotation-experimental:1.3.0) with DexingNoClasspathTransform
Caching disabled for IdentityTransform: /home/runner/.gradle/caches/transforms-3/3870e822cc6a419211924de375b230ab/transformed/core-ktx-1.12.0-runtime.jar because:
  Build cache is disabled
Skipping IdentityTransform: /home/runner/.gradle/caches/transforms-3/3870e822cc6a419211924de375b230ab/transformed/core-ktx-1.12.0-runtime.jar as it is up-to-date.
Transforming core-ktx-1.12.0.aar (androidx.core:core-ktx:1.12.0) with DexingNoClasspathTransform
Caching disabled for DexingNoClasspathTransform: /home/runner/.gradle/caches/transforms-3/e069e9db95ff16fd8ca8628e6d6ac184/transformed/lifecycle-viewmodel-savedstate-2.6.1-runtime.jar because:
  Build cache is disabled
Skipping DexingNoClasspathTransform: /home/runner/.gradle/caches/transforms-3/e069e9db95ff16fd8ca8628e6d6ac184/transformed/lifecycle-viewmodel-savedstate-2.6.1-runtime.jar as it is up-to-date.
Caching disabled for DexingNoClasspathTransform: /home/runner/.gradle/caches/transforms-3/f5d9f304c89ce69716f9515141f27631/transformed/annotation-experimental-1.3.0-runtime.jar because:
  Build cache is disabled
Skipping DexingNoClasspathTransform: /home/runner/.gradle/caches/transforms-3/f5d9f304c89ce69716f9515141f27631/transformed/annotation-experimental-1.3.0-runtime.jar as it is up-to-date.
Caching disabled for DexingNoClasspathTransform: /home/runner/.gradle/caches/transforms-3/3870e822cc6a419211924de375b230ab/transformed/core-ktx-1.12.0-runtime.jar because:
  Build cache is disabled
Skipping DexingNoClasspathTransform: /home/runner/.gradle/caches/transforms-3/3870e822cc6a419211924de375b230ab/transformed/core-ktx-1.12.0-runtime.jar as it is up-to-date.
Caching disabled for DexingNoClasspathTransform: /home/runner/.gradle/caches/modules-2/files-2.1/org.jetbrains.kotlinx/kotlinx-coroutines-core-jvm/1.7.3/2b09627576f0989a436a00a4a54b55fa5026fb86/kotlinx-coroutines-core-jvm-1.7.3.jar because:
  Build cache is disabled
Skipping DexingNoClasspathTransform: /home/runner/.gradle/caches/modules-2/files-2.1/org.jetbrains.kotlinx/kotlinx-coroutines-core-jvm/1.7.3/2b09627576f0989a436a00a4a54b55fa5026fb86/kotlinx-coroutines-core-jvm-1.7.3.jar as it is up-to-date.
Caching disabled for DexingNoClasspathTransform: /home/runner/.gradle/caches/modules-2/files-2.1/org.jetbrains.kotlinx/kotlinx-coroutines-android/1.7.3/38d9cad3a0b03a10453b56577984bdeb48edeed5/kotlinx-coroutines-android-1.7.3.jar because:
  Build cache is disabled
Skipping DexingNoClasspathTransform: /home/runner/.gradle/caches/modules-2/files-2.1/org.jetbrains.kotlinx/kotlinx-coroutines-android/1.7.3/38d9cad3a0b03a10453b56577984bdeb48edeed5/kotlinx-coroutines-android-1.7.3.jar as it is up-to-date.
Caching disabled for DexingNoClasspathTransform: /home/runner/.gradle/caches/modules-2/files-2.1/org.jetbrains.kotlin/kotlin-stdlib-jdk8/1.8.22/b25c86d47d6b962b9cf0f8c3f320c8a10eea3dd1/kotlin-stdlib-jdk8-1.8.22.jar because:
  Build cache is disabled
Skipping DexingNoClasspathTransform: /home/runner/.gradle/caches/modules-2/files-2.1/org.jetbrains.kotlin/kotlin-stdlib-jdk8/1.8.22/b25c86d47d6b962b9cf0f8c3f320c8a10eea3dd1/kotlin-stdlib-jdk8-1.8.22.jar as it is up-to-date.
Caching disabled for IdentityTransform: /home/runner/.gradle/caches/transforms-3/6bb4343de25a352a02f8ad1b2065b77f/transformed/cursoradapter-1.0.0-runtime.jar because:
  Build cache is disabled
Skipping IdentityTransform: /home/runner/.gradle/caches/transforms-3/6bb4343de25a352a02f8ad1b2065b77f/transformed/cursoradapter-1.0.0-runtime.jar as it is up-to-date.
Transforming cursoradapter-1.0.0.aar (androidx.cursoradapter:cursoradapter:1.0.0) with DexingNoClasspathTransform
Caching disabled for DexingNoClasspathTransform: /home/runner/.gradle/caches/modules-2/files-2.1/androidx.resourceinspection/resourceinspection-annotation/1.0.1/8c21f8ff5d96d5d52c948707f7e4d6ca6773feef/resourceinspection-annotation-1.0.1.jar because:
  Build cache is disabled
Skipping DexingNoClasspathTransform: /home/runner/.gradle/caches/modules-2/files-2.1/androidx.resourceinspection/resourceinspection-annotation/1.0.1/8c21f8ff5d96d5d52c948707f7e4d6ca6773feef/resourceinspection-annotation-1.0.1.jar as it is up-to-date.
Caching disabled for IdentityTransform: /home/runner/.gradle/caches/transforms-3/503e6845c4599b93a675339e6294bdfe/transformed/cardview-1.0.0-runtime.jar because:
  Build cache is disabled
Skipping IdentityTransform: /home/runner/.gradle/caches/transforms-3/503e6845c4599b93a675339e6294bdfe/transformed/cardview-1.0.0-runtime.jar as it is up-to-date.
Transforming cardview-1.0.0.aar (androidx.cardview:cardview:1.0.0) with DexingNoClasspathTransform
Caching disabled for DexingNoClasspathTransform: /home/runner/.gradle/caches/transforms-3/6bb4343de25a352a02f8ad1b2065b77f/transformed/cursoradapter-1.0.0-runtime.jar because:
  Build cache is disabled
Skipping DexingNoClasspathTransform: /home/runner/.gradle/caches/transforms-3/6bb4343de25a352a02f8ad1b2065b77f/transformed/cursoradapter-1.0.0-runtime.jar as it is up-to-date.
Caching disabled for IdentityTransform: /home/runner/.gradle/caches/transforms-3/c8f5d51fe4e6e861df72ae29cdce2c6a/transformed/interpolator-1.0.0-runtime.jar because:
  Build cache is disabled
Skipping IdentityTransform: /home/runner/.gradle/caches/transforms-3/c8f5d51fe4e6e861df72ae29cdce2c6a/transformed/interpolator-1.0.0-runtime.jar as it is up-to-date.
Transforming interpolator-1.0.0.aar (androidx.interpolator:interpolator:1.0.0) with DexingNoClasspathTransform
Transforming interpolator-1.0.0.aar (androidx.interpolator:interpolator:1.0.0) with DexingNoClasspathTransform
Caching disabled for DexingNoClasspathTransform: /home/runner/.gradle/caches/transforms-3/503e6845c4599b93a675339e6294bdfe/transformed/cardview-1.0.0-runtime.jar because:
  Build cache is disabled
Skipping DexingNoClasspathTransform: /home/runner/.gradle/caches/transforms-3/503e6845c4599b93a675339e6294bdfe/transformed/cardview-1.0.0-runtime.jar as it is up-to-date.
Caching disabled for DexingNoClasspathTransform: /home/runner/.gradle/caches/transforms-3/c8f5d51fe4e6e861df72ae29cdce2c6a/transformed/interpolator-1.0.0-runtime.jar because:
  Build cache is disabled
Skipping DexingNoClasspathTransform: /home/runner/.gradle/caches/transforms-3/c8f5d51fe4e6e861df72ae29cdce2c6a/transformed/interpolator-1.0.0-runtime.jar as it is up-to-date.
Caching disabled for IdentityTransform: /home/runner/.gradle/caches/transforms-3/d0ebe33cda61e7eafab8e978df4a3fd5/transformed/versionedparcelable-1.1.1-runtime.jar because:
  Build cache is disabled
Skipping IdentityTransform: /home/runner/.gradle/caches/transforms-3/d0ebe33cda61e7eafab8e978df4a3fd5/transformed/versionedparcelable-1.1.1-runtime.jar as it is up-to-date.
Transforming versionedparcelable-1.1.1.aar (androidx.versionedparcelable:versionedparcelable:1.1.1) with DexingNoClasspathTransform
Caching disabled for DexingNoClasspathTransform: /home/runner/.gradle/caches/modules-2/files-2.1/androidx.collection/collection/1.1.0/1f27220b47669781457de0d600849a5de0e89909/collection-1.1.0.jar because:
  Build cache is disabled
Skipping DexingNoClasspathTransform: /home/runner/.gradle/caches/modules-2/files-2.1/androidx.collection/collection/1.1.0/1f27220b47669781457de0d600849a5de0e89909/collection-1.1.0.jar as it is up-to-date.
Caching disabled for IdentityTransform: /home/runner/.gradle/caches/transforms-3/2c6c7442cb1edb7ebfaee986446bf9b6/transformed/profileinstaller-1.3.0-runtime.jar because:
  Build cache is disabled
Skipping IdentityTransform: /home/runner/.gradle/caches/transforms-3/2c6c7442cb1edb7ebfaee986446bf9b6/transformed/profileinstaller-1.3.0-runtime.jar as it is up-to-date.
Transforming profileinstaller-1.3.0.aar (androidx.profileinstaller:profileinstaller:1.3.0) with DexingNoClasspathTransform
Caching disabled for DexingNoClasspathTransform: /home/runner/.gradle/caches/transforms-3/d0ebe33cda61e7eafab8e978df4a3fd5/transformed/versionedparcelable-1.1.1-runtime.jar because:
  Build cache is disabled
Caching disabled for IdentityTransform: /home/runner/.gradle/caches/transforms-3/4ecab682c86977384b0baf51cd1e03c4/transformed/startup-runtime-1.1.1-runtime.jar because:
  Build cache is disabled
Skipping IdentityTransform: /home/runner/.gradle/caches/transforms-3/4ecab682c86977384b0baf51cd1e03c4/transformed/startup-runtime-1.1.1-runtime.jar as it is up-to-date.
Transforming startup-runtime-1.1.1.aar (androidx.startup:startup-runtime:1.1.1) with DexingNoClasspathTransform
Skipping DexingNoClasspathTransform: /home/runner/.gradle/caches/transforms-3/d0ebe33cda61e7eafab8e978df4a3fd5/transformed/versionedparcelable-1.1.1-runtime.jar as it is up-to-date.
Caching disabled for DexingNoClasspathTransform: /home/runner/.gradle/caches/transforms-3/2c6c7442cb1edb7ebfaee986446bf9b6/transformed/profileinstaller-1.3.0-runtime.jar because:
  Build cache is disabled
Skipping DexingNoClasspathTransform: /home/runner/.gradle/caches/transforms-3/2c6c7442cb1edb7ebfaee986446bf9b6/transformed/profileinstaller-1.3.0-runtime.jar as it is up-to-date.
Caching disabled for DexingNoClasspathTransform: /home/runner/.gradle/caches/transforms-3/4ecab682c86977384b0baf51cd1e03c4/transformed/startup-runtime-1.1.1-runtime.jar because:
  Build cache is disabled
Skipping DexingNoClasspathTransform: /home/runner/.gradle/caches/transforms-3/4ecab682c86977384b0baf51cd1e03c4/transformed/startup-runtime-1.1.1-runtime.jar as it is up-to-date.
Caching disabled for IdentityTransform: /home/runner/.gradle/caches/transforms-3/e51d3fe01b783f3bad59aadafd5c9768/transformed/tracing-1.0.0-runtime.jar because:
  Build cache is disabled
Skipping IdentityTransform: /home/runner/.gradle/caches/transforms-3/e51d3fe01b783f3bad59aadafd5c9768/transformed/tracing-1.0.0-runtime.jar as it is up-to-date.
Transforming tracing-1.0.0.aar (androidx.tracing:tracing:1.0.0) with DexingNoClasspathTransform
Caching disabled for IdentityTransform: /home/runner/.gradle/caches/transforms-3/556a0430dd499d5a8ab6b25a42f16938/transformed/core-runtime-2.2.0-runtime.jar because:
  Build cache is disabled
Skipping IdentityTransform: /home/runner/.gradle/caches/transforms-3/556a0430dd499d5a8ab6b25a42f16938/transformed/core-runtime-2.2.0-runtime.jar as it is up-to-date.
Transforming core-runtime-2.2.0.aar (androidx.arch.core:core-runtime:2.2.0) with DexingNoClasspathTransform
Caching disabled for DexingNoClasspathTransform: /home/runner/.gradle/caches/modules-2/files-2.1/androidx.arch.core/core-common/2.2.0/5e1b8b81dfd5f52c56a8d53b18ca759c19a301f3/core-common-2.2.0.jar because:
  Build cache is disabled
Skipping DexingNoClasspathTransform: /home/runner/.gradle/caches/modules-2/files-2.1/androidx.arch.core/core-common/2.2.0/5e1b8b81dfd5f52c56a8d53b18ca759c19a301f3/core-common-2.2.0.jar as it is up-to-date.
Caching disabled for DexingNoClasspathTransform: /home/runner/.gradle/caches/transforms-3/e51d3fe01b783f3bad59aadafd5c9768/transformed/tracing-1.0.0-runtime.jar because:
  Build cache is disabled
Skipping DexingNoClasspathTransform: /home/runner/.gradle/caches/transforms-3/e51d3fe01b783f3bad59aadafd5c9768/transformed/tracing-1.0.0-runtime.jar as it is up-to-date.
Caching disabled for DexingNoClasspathTransform: /home/runner/.gradle/caches/transforms-3/556a0430dd499d5a8ab6b25a42f16938/transformed/core-runtime-2.2.0-runtime.jar because:
  Build cache is disabled
Skipping DexingNoClasspathTransform: /home/runner/.gradle/caches/transforms-3/556a0430dd499d5a8ab6b25a42f16938/transformed/core-runtime-2.2.0-runtime.jar as it is up-to-date.
Caching disabled for DexingNoClasspathTransform: /home/runner/.gradle/caches/modules-2/files-2.1/androidx.concurrent/concurrent-futures/1.1.0/50b7fb98350d5f42a4e49704b03278542293ba48/concurrent-futures-1.1.0.jar because:
  Build cache is disabled
Skipping DexingNoClasspathTransform: /home/runner/.gradle/caches/modules-2/files-2.1/androidx.concurrent/concurrent-futures/1.1.0/50b7fb98350d5f42a4e49704b03278542293ba48/concurrent-futures-1.1.0.jar as it is up-to-date.
Caching disabled for IdentityTransform: /home/runner/.gradle/caches/transforms-3/cad327dd68b3bef06b90025a9e69e013/transformed/documentfile-1.0.0-runtime.jar because:
  Build cache is disabled
Skipping IdentityTransform: /home/runner/.gradle/caches/transforms-3/cad327dd68b3bef06b90025a9e69e013/transformed/documentfile-1.0.0-runtime.jar as it is up-to-date.
Transforming documentfile-1.0.0.aar (androidx.documentfile:documentfile:1.0.0) with DexingNoClasspathTransform
Caching disabled for IdentityTransform: /home/runner/.gradle/caches/transforms-3/1c5f430e6609c6387d9c9d34c1c5031f/transformed/localbroadcastmanager-1.0.0-runtime.jar because:
  Build cache is disabled
Skipping IdentityTransform: /home/runner/.gradle/caches/transforms-3/1c5f430e6609c6387d9c9d34c1c5031f/transformed/localbroadcastmanager-1.0.0-runtime.jar as it is up-to-date.
Transforming localbroadcastmanager-1.0.0.aar (androidx.localbroadcastmanager:localbroadcastmanager:1.0.0) with DexingNoClasspathTransform
Caching disabled for DexingNoClasspathTransform: /home/runner/.gradle/caches/transforms-3/cad327dd68b3bef06b90025a9e69e013/transformed/documentfile-1.0.0-runtime.jar because:
  Build cache is disabled
Skipping DexingNoClasspathTransform: /home/runner/.gradle/caches/transforms-3/cad327dd68b3bef06b90025a9e69e013/transformed/documentfile-1.0.0-runtime.jar as it is up-to-date.
Caching disabled for IdentityTransform: /home/runner/.gradle/caches/transforms-3/50523d6fa23e281afc2d6b72e246bb07/transformed/print-1.0.0-runtime.jar because:
  Build cache is disabled
Skipping IdentityTransform: /home/runner/.gradle/caches/transforms-3/50523d6fa23e281afc2d6b72e246bb07/transformed/print-1.0.0-runtime.jar as it is up-to-date.
Transforming print-1.0.0.aar (androidx.print:print:1.0.0) with DexingNoClasspathTransform
Caching disabled for DexingNoClasspathTransform: /home/runner/.gradle/caches/transforms-3/1c5f430e6609c6387d9c9d34c1c5031f/transformed/localbroadcastmanager-1.0.0-runtime.jar because:
  Build cache is disabled
Skipping DexingNoClasspathTransform: /home/runner/.gradle/caches/transforms-3/1c5f430e6609c6387d9c9d34c1c5031f/transformed/localbroadcastmanager-1.0.0-runtime.jar as it is up-to-date.
Caching disabled for DexingNoClasspathTransform: /home/runner/.gradle/caches/modules-2/files-2.1/androidx.annotation/annotation-jvm/1.6.0/a7257339a052df0f91433cf9651231bbb802b502/annotation-jvm-1.6.0.jar because:
  Build cache is disabled
Skipping DexingNoClasspathTransform: /home/runner/.gradle/caches/modules-2/files-2.1/androidx.annotation/annotation-jvm/1.6.0/a7257339a052df0f91433cf9651231bbb802b502/annotation-jvm-1.6.0.jar as it is up-to-date.
Caching disabled for DexingNoClasspathTransform: /home/runner/.gradle/caches/transforms-3/50523d6fa23e281afc2d6b72e246bb07/transformed/print-1.0.0-runtime.jar because:
  Build cache is disabled
Skipping DexingNoClasspathTransform: /home/runner/.gradle/caches/transforms-3/50523d6fa23e281afc2d6b72e246bb07/transformed/print-1.0.0-runtime.jar as it is up-to-date.
Caching disabled for DexingNoClasspathTransform: /home/runner/.gradle/caches/modules-2/files-2.1/org.jetbrains.kotlin/kotlin-stdlib-jdk7/1.8.22/4dabb8248310d833bb6a8b516024a91fd3d275c/kotlin-stdlib-jdk7-1.8.22.jar because:
  Build cache is disabled
Skipping DexingNoClasspathTransform: /home/runner/.gradle/caches/modules-2/files-2.1/org.jetbrains.kotlin/kotlin-stdlib-jdk7/1.8.22/4dabb8248310d833bb6a8b516024a91fd3d275c/kotlin-stdlib-jdk7-1.8.22.jar as it is up-to-date.
Caching disabled for DexingNoClasspathTransform: /home/runner/.gradle/caches/modules-2/files-2.1/org.jetbrains/annotations/23.0.0/8cc20c07506ec18e0834947b84a864bfc094484e/annotations-23.0.0.jar because:
  Build cache is disabled
Skipping DexingNoClasspathTransform: /home/runner/.gradle/caches/modules-2/files-2.1/org.jetbrains/annotations/23.0.0/8cc20c07506ec18e0834947b84a864bfc094484e/annotations-23.0.0.jar as it is up-to-date.
Caching disabled for DexingNoClasspathTransform: /home/runner/.gradle/caches/modules-2/files-2.1/org.jetbrains.kotlin/kotlin-stdlib/1.9.22/d6c44cd08d8f3f9bece8101216dbe6553365c6e3/kotlin-stdlib-1.9.22.jar because:
  Build cache is disabled
Skipping DexingNoClasspathTransform: /home/runner/.gradle/caches/modules-2/files-2.1/org.jetbrains.kotlin/kotlin-stdlib/1.9.22/d6c44cd08d8f3f9bece8101216dbe6553365c6e3/kotlin-stdlib-1.9.22.jar as it is up-to-date.
Caching disabled for DexingNoClasspathTransform: /home/runner/.gradle/caches/modules-2/files-2.1/com.google.guava/listenablefuture/1.0/c949a840a6acbc5268d088e47b04177bf90b3cad/listenablefuture-1.0.jar because:
  Build cache is disabled
Skipping DexingNoClasspathTransform: /home/runner/.gradle/caches/modules-2/files-2.1/com.google.guava/listenablefuture/1.0/c949a840a6acbc5268d088e47b04177bf90b3cad/listenablefuture-1.0.jar as it is up-to-date.
Caching disabled for IdentityTransform: /home/runner/.gradle/caches/transforms-3/1c39290a7c0493b51b8dde863fcfb7d3/transformed/constraintlayout-2.1.4-runtime.jar because:
  Build cache is disabled
Skipping IdentityTransform: /home/runner/.gradle/caches/transforms-3/1c39290a7c0493b51b8dde863fcfb7d3/transformed/constraintlayout-2.1.4-runtime.jar as it is up-to-date.
Transforming constraintlayout-2.1.4.aar (androidx.constraintlayout:constraintlayout:2.1.4) with DexingNoClasspathTransform
Caching disabled for DexingNoClasspathTransform: /home/runner/.gradle/caches/transforms-3/1c39290a7c0493b51b8dde863fcfb7d3/transformed/constraintlayout-2.1.4-runtime.jar because:
  Build cache is disabled
Skipping DexingNoClasspathTransform: /home/runner/.gradle/caches/transforms-3/1c39290a7c0493b51b8dde863fcfb7d3/transformed/constraintlayout-2.1.4-runtime.jar as it is up-to-date.
Caching disabled for DexingNoClasspathTransform: /home/runner/.gradle/caches/modules-2/files-2.1/com.google.errorprone/error_prone_annotations/2.15.0/38c8485a652f808c8c149150da4e5c2b0bd17f9a/error_prone_annotations-2.15.0.jar because:
  Build cache is disabled
Skipping DexingNoClasspathTransform: /home/runner/.gradle/caches/modules-2/files-2.1/com.google.errorprone/error_prone_annotations/2.15.0/38c8485a652f808c8c149150da4e5c2b0bd17f9a/error_prone_annotations-2.15.0.jar as it is up-to-date.
Caching disabled for DexingNoClasspathTransform: /home/runner/.gradle/caches/modules-2/files-2.1/androidx.constraintlayout/constraintlayout-core/1.0.4/29cdbe03ded6b0980f63fa5da2579a430e911c40/constraintlayout-core-1.0.4.jar because:
  Build cache is disabled
Skipping DexingNoClasspathTransform: /home/runner/.gradle/caches/modules-2/files-2.1/androidx.constraintlayout/constraintlayout-core/1.0.4/29cdbe03ded6b0980f63fa5da2579a430e911c40/constraintlayout-core-1.0.4.jar as it is up-to-date.
Caching disabled for task ':app:mergeExtDexDebug' because:
  Build cache is disabled
Skipping task ':app:mergeExtDexDebug' as it is up-to-date.
Resolve mutations for :app:mergeLibDexDebug (Thread[Execution worker,5,main]) started.
:app:mergeLibDexDebug (Thread[Execution worker,5,main]) started.

> Task :app:mergeLibDexDebug UP-TO-DATE
Watching 205 directories to track changes
Caching disabled for task ':app:mergeLibDexDebug' because:
  Build cache is disabled
Skipping task ':app:mergeLibDexDebug' as it is up-to-date.
Resolve mutations for :app:mergeDebugJniLibFolders (Thread[Execution worker,5,main]) started.
:app:mergeDebugJniLibFolders (Thread[Execution worker,5,main]) started.

> Task :app:mergeDebugJniLibFolders UP-TO-DATE
Watching 206 directories to track changes
Watching 206 directories to track changes
Watching 206 directories to track changes
Caching disabled for task ':app:mergeDebugJniLibFolders' because:
  Build cache is disabled
Skipping task ':app:mergeDebugJniLibFolders' as it is up-to-date.
Resolve mutations for :app:mergeDebugNativeLibs (Thread[Execution worker,5,main]) started.
:app:mergeDebugNativeLibs (Thread[Execution worker,5,main]) started.

> Task :app:mergeDebugNativeLibs NO-SOURCE
Transforming viewbinding-8.2.0.aar (androidx.databinding:viewbinding:8.2.0) with ExtractAarTransform
Transforming viewbinding-8.2.0.aar (androidx.databinding:viewbinding:8.2.0) with AarTransform
Transforming material-1.11.0.aar (com.google.android.material:material:1.11.0) with ExtractAarTransform
Transforming material-1.11.0.aar (com.google.android.material:material:1.11.0) with AarTransform
Transforming constraintlayout-2.1.4.aar (androidx.constraintlayout:constraintlayout:2.1.4) with ExtractAarTransform
Transforming constraintlayout-2.1.4.aar (androidx.constraintlayout:constraintlayout:2.1.4) with AarTransform
Transforming appcompat-resources-1.6.1.aar (androidx.appcompat:appcompat-resources:1.6.1) with ExtractAarTransform
Transforming appcompat-resources-1.6.1.aar (androidx.appcompat:appcompat-resources:1.6.1) with AarTransform
Transforming appcompat-1.6.1.aar (androidx.appcompat:appcompat:1.6.1) with ExtractAarTransform
Transforming appcompat-1.6.1.aar (androidx.appcompat:appcompat:1.6.1) with AarTransform
Transforming viewpager2-1.1.0-beta02.aar (androidx.viewpager2:viewpager2:1.1.0-beta02) with ExtractAarTransform
Transforming viewpager2-1.1.0-beta02.aar (androidx.viewpager2:viewpager2:1.1.0-beta02) with AarTransform
Transforming recyclerview-1.3.2.aar (androidx.recyclerview:recyclerview:1.3.2) with ExtractAarTransform
Transforming recyclerview-1.3.2.aar (androidx.recyclerview:recyclerview:1.3.2) with AarTransform
Transforming swiperefreshlayout-1.1.0.aar (androidx.swiperefreshlayout:swiperefreshlayout:1.1.0) with ExtractAarTransform
Transforming swiperefreshlayout-1.1.0.aar (androidx.swiperefreshlayout:swiperefreshlayout:1.1.0) with AarTransform
Transforming emoji2-views-helper-1.2.0.aar (androidx.emoji2:emoji2-views-helper:1.2.0) with ExtractAarTransform
Transforming emoji2-views-helper-1.2.0.aar (androidx.emoji2:emoji2-views-helper:1.2.0) with AarTransform
Transforming emoji2-1.2.0.aar (androidx.emoji2:emoji2:1.2.0) with ExtractAarTransform
Transforming emoji2-1.2.0.aar (androidx.emoji2:emoji2:1.2.0) with AarTransform
Transforming fragment-1.3.6.aar (androidx.fragment:fragment:1.3.6) with ExtractAarTransform
Transforming fragment-1.3.6.aar (androidx.fragment:fragment:1.3.6) with AarTransform
Transforming activity-1.8.0.aar (androidx.activity:activity:1.8.0) with ExtractAarTransform
Transforming activity-1.8.0.aar (androidx.activity:activity:1.8.0) with AarTransform
Transforming drawerlayout-1.1.1.aar (androidx.drawerlayout:drawerlayout:1.1.1) with ExtractAarTransform
Transforming drawerlayout-1.1.1.aar (androidx.drawerlayout:drawerlayout:1.1.1) with AarTransform
Transforming coordinatorlayout-1.1.0.aar (androidx.coordinatorlayout:coordinatorlayout:1.1.0) with ExtractAarTransform
Transforming coordinatorlayout-1.1.0.aar (androidx.coordinatorlayout:coordinatorlayout:1.1.0) with AarTransform
Transforming dynamicanimation-1.0.0.aar (androidx.dynamicanimation:dynamicanimation:1.0.0) with ExtractAarTransform
Transforming dynamicanimation-1.0.0.aar (androidx.dynamicanimation:dynamicanimation:1.0.0) with AarTransform
Transforming transition-1.2.0.aar (androidx.transition:transition:1.2.0) with ExtractAarTransform
Transforming transition-1.2.0.aar (androidx.transition:transition:1.2.0) with AarTransform
Transforming vectordrawable-animated-1.1.0.aar (androidx.vectordrawable:vectordrawable-animated:1.1.0) with ExtractAarTransform
Transforming vectordrawable-animated-1.1.0.aar (androidx.vectordrawable:vectordrawable-animated:1.1.0) with AarTransform
Transforming vectordrawable-1.1.0.aar (androidx.vectordrawable:vectordrawable:1.1.0) with ExtractAarTransform
Transforming vectordrawable-1.1.0.aar (androidx.vectordrawable:vectordrawable:1.1.0) with AarTransform
Transforming vectordrawable-1.1.0.aar (androidx.vectordrawable:vectordrawable:1.1.0) with ExtractAarTransform
Transforming vectordrawable-1.1.0.aar (androidx.vectordrawable:vectordrawable:1.1.0) with AarTransform
Transforming viewpager-1.0.0.aar (androidx.viewpager:viewpager:1.0.0) with ExtractAarTransform
Transforming viewpager-1.0.0.aar (androidx.viewpager:viewpager:1.0.0) with AarTransform
Transforming legacy-support-core-utils-1.0.0.aar (androidx.legacy:legacy-support-core-utils:1.0.0) with ExtractAarTransform
Transforming legacy-support-core-utils-1.0.0.aar (androidx.legacy:legacy-support-core-utils:1.0.0) with AarTransform
Transforming loader-1.0.0.aar (androidx.loader:loader:1.0.0) with ExtractAarTransform
Transforming loader-1.0.0.aar (androidx.loader:loader:1.0.0) with AarTransform
Transforming loader-1.0.0.aar (androidx.loader:loader:1.0.0) with ExtractAarTransform
Transforming loader-1.0.0.aar (androidx.loader:loader:1.0.0) with AarTransform
Transforming customview-1.1.0.aar (androidx.customview:customview:1.1.0) with ExtractAarTransform
Transforming customview-1.1.0.aar (androidx.customview:customview:1.1.0) with AarTransform
Transforming customview-1.1.0.aar (androidx.customview:customview:1.1.0) with ExtractAarTransform
Transforming customview-1.1.0.aar (androidx.customview:customview:1.1.0) with AarTransform
Transforming customview-1.1.0.aar (androidx.customview:customview:1.1.0) with ExtractAarTransform
Transforming customview-1.1.0.aar (androidx.customview:customview:1.1.0) with AarTransform
Transforming customview-1.1.0.aar (androidx.customview:customview:1.1.0) with ExtractAarTransform
Transforming customview-1.1.0.aar (androidx.customview:customview:1.1.0) with AarTransform
Transforming core-1.12.0.aar (androidx.core:core:1.12.0) with ExtractAarTransform
Transforming core-1.12.0.aar (androidx.core:core:1.12.0) with AarTransform
Transforming core-1.12.0.aar (androidx.core:core:1.12.0) with ExtractAarTransform
Transforming core-1.12.0.aar (androidx.core:core:1.12.0) with AarTransform
Transforming core-1.12.0.aar (androidx.core:core:1.12.0) with ExtractAarTransform
Transforming core-1.12.0.aar (androidx.core:core:1.12.0) with AarTransform
Transforming core-1.12.0.aar (androidx.core:core:1.12.0) with ExtractAarTransform
Transforming core-1.12.0.aar (androidx.core:core:1.12.0) with AarTransform
Caching disabled for AarTransform: /home/runner/.gradle/caches/transforms-3/4951730462e4aa2a807e0cc6795bcbdc/transformed/viewbinding-8.2.0 because:
  Build cache is disabled
Skipping AarTransform: /home/runner/.gradle/caches/transforms-3/4951730462e4aa2a807e0cc6795bcbdc/transformed/viewbinding-8.2.0 as it is up-to-date.
Caching disabled for AarTransform: /home/runner/.gradle/caches/transforms-3/fcbc5d16c187e197fa242b722ddc8c8e/transformed/material-1.11.0 because:
  Build cache is disabled
Transforming core-1.12.0.aar (androidx.core:core:1.12.0) with ExtractAarTransform
Skipping AarTransform: /home/runner/.gradle/caches/transforms-3/fcbc5d16c187e197fa242b722ddc8c8e/transformed/material-1.11.0 as it is up-to-date.
Transforming core-1.12.0.aar (androidx.core:core:1.12.0) with AarTransform
Transforming core-1.12.0.aar (androidx.core:core:1.12.0) with ExtractAarTransform
Transforming core-1.12.0.aar (androidx.core:core:1.12.0) with AarTransform
Transforming core-1.12.0.aar (androidx.core:core:1.12.0) with ExtractAarTransform
Transforming core-1.12.0.aar (androidx.core:core:1.12.0) with AarTransform
Transforming core-1.12.0.aar (androidx.core:core:1.12.0) with ExtractAarTransform
Transforming core-1.12.0.aar (androidx.core:core:1.12.0) with AarTransform
Transforming core-1.12.0.aar (androidx.core:core:1.12.0) with ExtractAarTransform
Transforming core-1.12.0.aar (androidx.core:core:1.12.0) with AarTransform
Transforming core-1.12.0.aar (androidx.core:core:1.12.0) with ExtractAarTransform
Transforming core-1.12.0.aar (androidx.core:core:1.12.0) with AarTransform
Transforming core-1.12.0.aar (androidx.core:core:1.12.0) with ExtractAarTransform
Transforming core-1.12.0.aar (androidx.core:core:1.12.0) with AarTransform
Caching disabled for AarTransform: /home/runner/.gradle/caches/transforms-3/79ee736083e8993774bf9266626bb52f/transformed/appcompat-resources-1.6.1 because:
  Build cache is disabled
Skipping AarTransform: /home/runner/.gradle/caches/transforms-3/79ee736083e8993774bf9266626bb52f/transformed/appcompat-resources-1.6.1 as it is up-to-date.
Transforming customview-poolingcontainer-1.0.0.aar (androidx.customview:customview-poolingcontainer:1.0.0) with ExtractAarTransform
Transforming customview-poolingcontainer-1.0.0.aar (androidx.customview:customview-poolingcontainer:1.0.0) with AarTransform
Transforming savedstate-1.2.1.aar (androidx.savedstate:savedstate:1.2.1) with ExtractAarTransform
Transforming savedstate-1.2.1.aar (androidx.savedstate:savedstate:1.2.1) with AarTransform
Transforming lifecycle-process-2.6.1.aar (androidx.lifecycle:lifecycle-process:2.6.1) with ExtractAarTransform
Transforming lifecycle-process-2.6.1.aar (androidx.lifecycle:lifecycle-process:2.6.1) with AarTransform
Transforming lifecycle-livedata-core-2.6.1.aar (androidx.lifecycle:lifecycle-livedata-core:2.6.1) with ExtractAarTransform
Transforming lifecycle-livedata-core-2.6.1.aar (androidx.lifecycle:lifecycle-livedata-core:2.6.1) with AarTransform
Transforming lifecycle-livedata-2.6.1.aar (androidx.lifecycle:lifecycle-livedata:2.6.1) with ExtractAarTransform
Transforming lifecycle-livedata-2.6.1.aar (androidx.lifecycle:lifecycle-livedata:2.6.1) with AarTransform
Transforming lifecycle-common-2.6.1.jar (androidx.lifecycle:lifecycle-common:2.6.1) with ExtractJniTransform
Transforming lifecycle-viewmodel-2.6.1.aar (androidx.lifecycle:lifecycle-viewmodel:2.6.1) with ExtractAarTransform
Transforming lifecycle-viewmodel-2.6.1.aar (androidx.lifecycle:lifecycle-viewmodel:2.6.1) with AarTransform
Transforming lifecycle-viewmodel-2.6.1.aar (androidx.lifecycle:lifecycle-viewmodel:2.6.1) with ExtractAarTransform
Transforming lifecycle-viewmodel-2.6.1.aar (androidx.lifecycle:lifecycle-viewmodel:2.6.1) with AarTransform
Transforming lifecycle-runtime-2.6.1.aar (androidx.lifecycle:lifecycle-runtime:2.6.1) with ExtractAarTransform
Transforming lifecycle-runtime-2.6.1.aar (androidx.lifecycle:lifecycle-runtime:2.6.1) with AarTransform
Transforming lifecycle-viewmodel-savedstate-2.6.1.aar (androidx.lifecycle:lifecycle-viewmodel-savedstate:2.6.1) with ExtractAarTransform
Transforming lifecycle-viewmodel-savedstate-2.6.1.aar (androidx.lifecycle:lifecycle-viewmodel-savedstate:2.6.1) with AarTransform
Transforming core-ktx-1.12.0.aar (androidx.core:core-ktx:1.12.0) with ExtractAarTransform
Transforming core-ktx-1.12.0.aar (androidx.core:core-ktx:1.12.0) with AarTransform
Transforming annotation-experimental-1.3.0.aar (androidx.annotation:annotation-experimental:1.3.0) with ExtractAarTransform
Transforming annotation-experimental-1.3.0.aar (androidx.annotation:annotation-experimental:1.3.0) with AarTransform
Transforming kotlinx-coroutines-core-jvm-1.7.3.jar (org.jetbrains.kotlinx:kotlinx-coroutines-core-jvm:1.7.3) with ExtractJniTransform
Transforming kotlinx-coroutines-android-1.7.3.jar (org.jetbrains.kotlinx:kotlinx-coroutines-android:1.7.3) with ExtractJniTransform
Transforming kotlin-stdlib-jdk8-1.8.22.jar (org.jetbrains.kotlin:kotlin-stdlib-jdk8:1.8.22) with ExtractJniTransform
Transforming cursoradapter-1.0.0.aar (androidx.cursoradapter:cursoradapter:1.0.0) with ExtractAarTransform
Transforming cursoradapter-1.0.0.aar (androidx.cursoradapter:cursoradapter:1.0.0) with AarTransform
Transforming resourceinspection-annotation-1.0.1.jar (androidx.resourceinspection:resourceinspection-annotation:1.0.1) with ExtractJniTransform
Transforming cardview-1.0.0.aar (androidx.cardview:cardview:1.0.0) with ExtractAarTransform
Transforming cardview-1.0.0.aar (androidx.cardview:cardview:1.0.0) with AarTransform
Transforming interpolator-1.0.0.aar (androidx.interpolator:interpolator:1.0.0) with ExtractAarTransform
Transforming interpolator-1.0.0.aar (androidx.interpolator:interpolator:1.0.0) with AarTransform
Transforming interpolator-1.0.0.aar (androidx.interpolator:interpolator:1.0.0) with ExtractAarTransform
Transforming interpolator-1.0.0.aar (androidx.interpolator:interpolator:1.0.0) with AarTransform
Transforming interpolator-1.0.0.aar (androidx.interpolator:interpolator:1.0.0) with ExtractAarTransform
Transforming interpolator-1.0.0.aar (androidx.interpolator:interpolator:1.0.0) with AarTransform
Transforming versionedparcelable-1.1.1.aar (androidx.versionedparcelable:versionedparcelable:1.1.1) with ExtractAarTransform
Transforming versionedparcelable-1.1.1.aar (androidx.versionedparcelable:versionedparcelable:1.1.1) with AarTransform
Transforming collection-1.1.0.jar (androidx.collection:collection:1.1.0) with ExtractJniTransform
Transforming profileinstaller-1.3.0.aar (androidx.profileinstaller:profileinstaller:1.3.0) with ExtractAarTransform
Transforming profileinstaller-1.3.0.aar (androidx.profileinstaller:profileinstaller:1.3.0) with AarTransform
Transforming startup-runtime-1.1.1.aar (androidx.startup:startup-runtime:1.1.1) with ExtractAarTransform
Transforming startup-runtime-1.1.1.aar (androidx.startup:startup-runtime:1.1.1) with AarTransform
Transforming tracing-1.0.0.aar (androidx.tracing:tracing:1.0.0) with ExtractAarTransform
Transforming tracing-1.0.0.aar (androidx.tracing:tracing:1.0.0) with AarTransform
Transforming core-runtime-2.2.0.aar (androidx.arch.core:core-runtime:2.2.0) with ExtractAarTransform
Transforming core-runtime-2.2.0.aar (androidx.arch.core:core-runtime:2.2.0) with AarTransform
Transforming core-common-2.2.0.jar (androidx.arch.core:core-common:2.2.0) with ExtractJniTransform
Transforming concurrent-futures-1.1.0.jar (androidx.concurrent:concurrent-futures:1.1.0) with ExtractJniTransform
Transforming documentfile-1.0.0.aar (androidx.documentfile:documentfile:1.0.0) with ExtractAarTransform
Transforming documentfile-1.0.0.aar (androidx.documentfile:documentfile:1.0.0) with AarTransform
Transforming localbroadcastmanager-1.0.0.aar (androidx.localbroadcastmanager:localbroadcastmanager:1.0.0) with ExtractAarTransform
Transforming localbroadcastmanager-1.0.0.aar (androidx.localbroadcastmanager:localbroadcastmanager:1.0.0) with AarTransform
Transforming print-1.0.0.aar (androidx.print:print:1.0.0) with ExtractAarTransform
Transforming print-1.0.0.aar (androidx.print:print:1.0.0) with AarTransform
Transforming annotation-jvm-1.6.0.jar (androidx.annotation:annotation-jvm:1.6.0) with ExtractJniTransform
Caching disabled for AarTransform: /home/runner/.gradle/caches/transforms-3/8891375a1bc91bb710ffef89177105ad/transformed/appcompat-1.6.1 because:
  Build cache is disabled
Skipping AarTransform: /home/runner/.gradle/caches/transforms-3/8891375a1bc91bb710ffef89177105ad/transformed/appcompat-1.6.1 as it is up-to-date.
Caching disabled for AarTransform: /home/runner/.gradle/caches/transforms-3/ef3c88ef6515e9e7721cc239e96a1477/transformed/viewpager2-1.1.0-beta02 because:
  Build cache is disabled
Skipping AarTransform: /home/runner/.gradle/caches/transforms-3/ef3c88ef6515e9e7721cc239e96a1477/transformed/viewpager2-1.1.0-beta02 as it is up-to-date.
Caching disabled for AarTransform: /home/runner/.gradle/caches/transforms-3/fb9e1b54ba0efe65bdd35d97e1779167/transformed/swiperefreshlayout-1.1.0 because:
  Build cache is disabled
Skipping AarTransform: /home/runner/.gradle/caches/transforms-3/fb9e1b54ba0efe65bdd35d97e1779167/transformed/swiperefreshlayout-1.1.0 as it is up-to-date.
Transforming kotlin-stdlib-jdk7-1.8.22.jar (org.jetbrains.kotlin:kotlin-stdlib-jdk7:1.8.22) with ExtractJniTransform
Transforming kotlin-stdlib-1.9.22.jar (org.jetbrains.kotlin:kotlin-stdlib:1.9.22) with ExtractJniTransform
Transforming annotations-23.0.0.jar (org.jetbrains:annotations:23.0.0) with ExtractJniTransform
Caching disabled for AarTransform: /home/runner/.gradle/caches/transforms-3/495758042ca0f5607c8580195051b518/transformed/recyclerview-1.3.2 because:
  Build cache is disabled
Transforming error_prone_annotations-2.15.0.jar (com.google.errorprone:error_prone_annotations:2.15.0) with ExtractJniTransform
Skipping AarTransform: /home/runner/.gradle/caches/transforms-3/495758042ca0f5607c8580195051b518/transformed/recyclerview-1.3.2 as it is up-to-date.
Transforming constraintlayout-core-1.0.4.jar (androidx.constraintlayout:constraintlayout-core:1.0.4) with ExtractJniTransform
Transforming listenablefuture-1.0.jar (com.google.guava:listenablefuture:1.0) with ExtractJniTransform
Caching disabled for AarTransform: /home/runner/.gradle/caches/transforms-3/24fea28165bee96d432f2f0f4cae841e/transformed/emoji2-views-helper-1.2.0 because:
  Build cache is disabled
Caching disabled for AarTransform: /home/runner/.gradle/caches/transforms-3/98aa3d885528e6c6aa8a5d42934f35b0/transformed/fragment-1.3.6 because:
  Build cache is disabled
Skipping AarTransform: /home/runner/.gradle/caches/transforms-3/24fea28165bee96d432f2f0f4cae841e/transformed/emoji2-views-helper-1.2.0 as it is up-to-date.
Skipping AarTransform: /home/runner/.gradle/caches/transforms-3/98aa3d885528e6c6aa8a5d42934f35b0/transformed/fragment-1.3.6 as it is up-to-date.
Caching disabled for AarTransform: /home/runner/.gradle/caches/transforms-3/e90553fe079c912af51466fd36ee000d/transformed/emoji2-1.2.0 because:
  Build cache is disabled
Skipping AarTransform: /home/runner/.gradle/caches/transforms-3/e90553fe079c912af51466fd36ee000d/transformed/emoji2-1.2.0 as it is up-to-date.
Caching disabled for AarTransform: /home/runner/.gradle/caches/transforms-3/0666601880932e5ea304de5d3e90f0e6/transformed/drawerlayout-1.1.1 because:
  Build cache is disabled
Skipping AarTransform: /home/runner/.gradle/caches/transforms-3/0666601880932e5ea304de5d3e90f0e6/transformed/drawerlayout-1.1.1 as it is up-to-date.
Caching disabled for AarTransform: /home/runner/.gradle/caches/transforms-3/2b0c27ad856b62a1c7d8311931eca41e/transformed/activity-1.8.0 because:
  Build cache is disabled
Skipping AarTransform: /home/runner/.gradle/caches/transforms-3/2b0c27ad856b62a1c7d8311931eca41e/transformed/activity-1.8.0 as it is up-to-date.
Caching disabled for AarTransform: /home/runner/.gradle/caches/transforms-3/05776c6eb0b3562d3211ec5fa23e80fc/transformed/dynamicanimation-1.0.0 because:
  Build cache is disabled
Caching disabled for AarTransform: /home/runner/.gradle/caches/transforms-3/156662c0446d88703be71c5ea85394ee/transformed/coordinatorlayout-1.1.0 because:
  Build cache is disabled
Skipping AarTransform: /home/runner/.gradle/caches/transforms-3/156662c0446d88703be71c5ea85394ee/transformed/coordinatorlayout-1.1.0 as it is up-to-date.
Caching disabled for AarTransform: /home/runner/.gradle/caches/transforms-3/c8e7935bfeb3ccd2bcea2405a871ec17/transformed/transition-1.2.0 because:
  Build cache is disabled
Skipping AarTransform: /home/runner/.gradle/caches/transforms-3/c8e7935bfeb3ccd2bcea2405a871ec17/transformed/transition-1.2.0 as it is up-to-date.
Skipping AarTransform: /home/runner/.gradle/caches/transforms-3/05776c6eb0b3562d3211ec5fa23e80fc/transformed/dynamicanimation-1.0.0 as it is up-to-date.
Caching disabled for AarTransform: /home/runner/.gradle/caches/transforms-3/ae03016e9ee2406e676083e1778780bf/transformed/vectordrawable-1.1.0 because:
  Build cache is disabled
Skipping AarTransform: /home/runner/.gradle/caches/transforms-3/ae03016e9ee2406e676083e1778780bf/transformed/vectordrawable-1.1.0 as it is up-to-date.
Caching disabled for AarTransform: /home/runner/.gradle/caches/transforms-3/b4480a3418263b41508d46c8c5ca8cd8/transformed/legacy-support-core-utils-1.0.0 because:
  Build cache is disabled
Skipping AarTransform: /home/runner/.gradle/caches/transforms-3/b4480a3418263b41508d46c8c5ca8cd8/transformed/legacy-support-core-utils-1.0.0 as it is up-to-date.
Caching disabled for AarTransform: /home/runner/.gradle/caches/transforms-3/da9c554f0858b46344cb064b99f6470b/transformed/viewpager-1.0.0 because:
  Build cache is disabled
Skipping AarTransform: /home/runner/.gradle/caches/transforms-3/da9c554f0858b46344cb064b99f6470b/transformed/viewpager-1.0.0 as it is up-to-date.
Caching disabled for AarTransform: /home/runner/.gradle/caches/transforms-3/fbcbdd756e1eccc113c0c4ba3d916f6b/transformed/vectordrawable-animated-1.1.0 because:
  Build cache is disabled
Skipping AarTransform: /home/runner/.gradle/caches/transforms-3/fbcbdd756e1eccc113c0c4ba3d916f6b/transformed/vectordrawable-animated-1.1.0 as it is up-to-date.
Caching disabled for AarTransform: /home/runner/.gradle/caches/transforms-3/4320e56db7084d398e120f2ddfe5727a/transformed/customview-1.1.0 because:
  Build cache is disabled
Caching disabled for AarTransform: /home/runner/.gradle/caches/transforms-3/c41aa6211f038278362612431f3b2a75/transformed/loader-1.0.0 because:
  Build cache is disabled
Skipping AarTransform: /home/runner/.gradle/caches/transforms-3/4320e56db7084d398e120f2ddfe5727a/transformed/customview-1.1.0 as it is up-to-date.
Skipping AarTransform: /home/runner/.gradle/caches/transforms-3/c41aa6211f038278362612431f3b2a75/transformed/loader-1.0.0 as it is up-to-date.
Caching disabled for AarTransform: /home/runner/.gradle/caches/transforms-3/808f25e33273cf777e1c687f415f5885/transformed/core-1.12.0 because:
  Build cache is disabled
Skipping AarTransform: /home/runner/.gradle/caches/transforms-3/808f25e33273cf777e1c687f415f5885/transformed/core-1.12.0 as it is up-to-date.
Caching disabled for AarTransform: /home/runner/.gradle/caches/transforms-3/4298967f6acc46ffbd8f29396e3d06c4/transformed/customview-poolingcontainer-1.0.0 because:
  Build cache is disabled
Skipping AarTransform: /home/runner/.gradle/caches/transforms-3/4298967f6acc46ffbd8f29396e3d06c4/transformed/customview-poolingcontainer-1.0.0 as it is up-to-date.
Caching disabled for AarTransform: /home/runner/.gradle/caches/transforms-3/17f34e4f5c1e51ea128e74741c39f593/transformed/savedstate-1.2.1 because:
  Build cache is disabled
Skipping AarTransform: /home/runner/.gradle/caches/transforms-3/17f34e4f5c1e51ea128e74741c39f593/transformed/savedstate-1.2.1 as it is up-to-date.
Caching disabled for AarTransform: /home/runner/.gradle/caches/transforms-3/bbaf25cabfb9792c37b922dfbcb97824/transformed/lifecycle-process-2.6.1 because:
  Build cache is disabled
Caching disabled for AarTransform: /home/runner/.gradle/caches/transforms-3/c2126ccf5d73d3bbef6dbaebc9382f7f/transformed/lifecycle-livedata-2.6.1 because:
  Build cache is disabled
Caching disabled for AarTransform: /home/runner/.gradle/caches/transforms-3/86d05be2685b442bcc9b63a26868bacb/transformed/lifecycle-livedata-core-2.6.1 because:
  Build cache is disabled
Skipping AarTransform: /home/runner/.gradle/caches/transforms-3/c2126ccf5d73d3bbef6dbaebc9382f7f/transformed/lifecycle-livedata-2.6.1 as it is up-to-date.
Skipping AarTransform: /home/runner/.gradle/caches/transforms-3/86d05be2685b442bcc9b63a26868bacb/transformed/lifecycle-livedata-core-2.6.1 as it is up-to-date.
Caching disabled for ExtractJniTransform: /home/runner/.gradle/caches/modules-2/files-2.1/androidx.lifecycle/lifecycle-common/2.6.1/10f354fdb64868baecd67128560c5a0d6312c495/lifecycle-common-2.6.1.jar because:
  Build cache is disabled
Skipping ExtractJniTransform: /home/runner/.gradle/caches/modules-2/files-2.1/androidx.lifecycle/lifecycle-common/2.6.1/10f354fdb64868baecd67128560c5a0d6312c495/lifecycle-common-2.6.1.jar as it is up-to-date.
Skipping AarTransform: /home/runner/.gradle/caches/transforms-3/bbaf25cabfb9792c37b922dfbcb97824/transformed/lifecycle-process-2.6.1 as it is up-to-date.
Caching disabled for AarTransform: /home/runner/.gradle/caches/transforms-3/3b2893d462560264a9bcfbd2c8fd65d5/transformed/lifecycle-viewmodel-2.6.1 because:
  Build cache is disabled
Skipping AarTransform: /home/runner/.gradle/caches/transforms-3/3b2893d462560264a9bcfbd2c8fd65d5/transformed/lifecycle-viewmodel-2.6.1 as it is up-to-date.
Caching disabled for AarTransform: /home/runner/.gradle/caches/transforms-3/31953783a8302f878b5df3a2f79705b4/transformed/core-ktx-1.12.0 because:
  Build cache is disabled
Skipping AarTransform: /home/runner/.gradle/caches/transforms-3/31953783a8302f878b5df3a2f79705b4/transformed/core-ktx-1.12.0 as it is up-to-date.
Caching disabled for AarTransform: /home/runner/.gradle/caches/transforms-3/26e5df9d5c8be0de7f4f2a523325980b/transformed/annotation-experimental-1.3.0 because:
  Build cache is disabled
Skipping AarTransform: /home/runner/.gradle/caches/transforms-3/26e5df9d5c8be0de7f4f2a523325980b/transformed/annotation-experimental-1.3.0 as it is up-to-date.
Caching disabled for AarTransform: /home/runner/.gradle/caches/transforms-3/63987d2499df7576d8a97c39f548fa4f/transformed/lifecycle-runtime-2.6.1 because:
  Build cache is disabled
Skipping AarTransform: /home/runner/.gradle/caches/transforms-3/63987d2499df7576d8a97c39f548fa4f/transformed/lifecycle-runtime-2.6.1 as it is up-to-date.
Caching disabled for ExtractJniTransform: /home/runner/.gradle/caches/modules-2/files-2.1/org.jetbrains.kotlinx/kotlinx-coroutines-core-jvm/1.7.3/2b09627576f0989a436a00a4a54b55fa5026fb86/kotlinx-coroutines-core-jvm-1.7.3.jar because:
  Build cache is disabled
Caching disabled for AarTransform: /home/runner/.gradle/caches/transforms-3/6decedb3f811a8e5c6494637a3c5b021/transformed/lifecycle-viewmodel-savedstate-2.6.1 because:
  Build cache is disabled
Skipping ExtractJniTransform: /home/runner/.gradle/caches/modules-2/files-2.1/org.jetbrains.kotlinx/kotlinx-coroutines-core-jvm/1.7.3/2b09627576f0989a436a00a4a54b55fa5026fb86/kotlinx-coroutines-core-jvm-1.7.3.jar as it is up-to-date.
Skipping AarTransform: /home/runner/.gradle/caches/transforms-3/6decedb3f811a8e5c6494637a3c5b021/transformed/lifecycle-viewmodel-savedstate-2.6.1 as it is up-to-date.
Caching disabled for ExtractJniTransform: /home/runner/.gradle/caches/modules-2/files-2.1/org.jetbrains.kotlinx/kotlinx-coroutines-android/1.7.3/38d9cad3a0b03a10453b56577984bdeb48edeed5/kotlinx-coroutines-android-1.7.3.jar because:
  Build cache is disabled
Skipping ExtractJniTransform: /home/runner/.gradle/caches/modules-2/files-2.1/org.jetbrains.kotlinx/kotlinx-coroutines-android/1.7.3/38d9cad3a0b03a10453b56577984bdeb48edeed5/kotlinx-coroutines-android-1.7.3.jar as it is up-to-date.
Caching disabled for ExtractJniTransform: /home/runner/.gradle/caches/modules-2/files-2.1/androidx.resourceinspection/resourceinspection-annotation/1.0.1/8c21f8ff5d96d5d52c948707f7e4d6ca6773feef/resourceinspection-annotation-1.0.1.jar because:
  Build cache is disabled
Skipping ExtractJniTransform: /home/runner/.gradle/caches/modules-2/files-2.1/androidx.resourceinspection/resourceinspection-annotation/1.0.1/8c21f8ff5d96d5d52c948707f7e4d6ca6773feef/resourceinspection-annotation-1.0.1.jar as it is up-to-date.
Caching disabled for ExtractJniTransform: /home/runner/.gradle/caches/modules-2/files-2.1/org.jetbrains.kotlin/kotlin-stdlib-jdk8/1.8.22/b25c86d47d6b962b9cf0f8c3f320c8a10eea3dd1/kotlin-stdlib-jdk8-1.8.22.jar because:
  Build cache is disabled
Skipping ExtractJniTransform: /home/runner/.gradle/caches/modules-2/files-2.1/org.jetbrains.kotlin/kotlin-stdlib-jdk8/1.8.22/b25c86d47d6b962b9cf0f8c3f320c8a10eea3dd1/kotlin-stdlib-jdk8-1.8.22.jar as it is up-to-date.
Caching disabled for AarTransform: /home/runner/.gradle/caches/transforms-3/85595b34daa86b99eb55492d60a7a8a9/transformed/cursoradapter-1.0.0 because:
  Build cache is disabled
Skipping AarTransform: /home/runner/.gradle/caches/transforms-3/85595b34daa86b99eb55492d60a7a8a9/transformed/cursoradapter-1.0.0 as it is up-to-date.
Caching disabled for AarTransform: /home/runner/.gradle/caches/transforms-3/6b40b1fdfe34d774252d18b3b2d1b697/transformed/cardview-1.0.0 because:
  Build cache is disabled
Skipping AarTransform: /home/runner/.gradle/caches/transforms-3/6b40b1fdfe34d774252d18b3b2d1b697/transformed/cardview-1.0.0 as it is up-to-date.
Caching disabled for AarTransform: /home/runner/.gradle/caches/transforms-3/700a9d29eb5d6ed248ef23af07b515ba/transformed/interpolator-1.0.0 because:
  Build cache is disabled
Skipping AarTransform: /home/runner/.gradle/caches/transforms-3/700a9d29eb5d6ed248ef23af07b515ba/transformed/interpolator-1.0.0 as it is up-to-date.
Caching disabled for ExtractJniTransform: /home/runner/.gradle/caches/modules-2/files-2.1/androidx.collection/collection/1.1.0/1f27220b47669781457de0d600849a5de0e89909/collection-1.1.0.jar because:
  Build cache is disabled
Skipping ExtractJniTransform: /home/runner/.gradle/caches/modules-2/files-2.1/androidx.collection/collection/1.1.0/1f27220b47669781457de0d600849a5de0e89909/collection-1.1.0.jar as it is up-to-date.
Caching disabled for AarTransform: /home/runner/.gradle/caches/transforms-3/c95c70fe816f2902c8434f722301538d/transformed/versionedparcelable-1.1.1 because:
  Build cache is disabled
Caching disabled for AarTransform: /home/runner/.gradle/caches/transforms-3/06b948aa8b95f6cd30e193c46b0a22d9/transformed/profileinstaller-1.3.0 because:
  Build cache is disabled
Skipping AarTransform: /home/runner/.gradle/caches/transforms-3/06b948aa8b95f6cd30e193c46b0a22d9/transformed/profileinstaller-1.3.0 as it is up-to-date.
Skipping AarTransform: /home/runner/.gradle/caches/transforms-3/c95c70fe816f2902c8434f722301538d/transformed/versionedparcelable-1.1.1 as it is up-to-date.
Caching disabled for AarTransform: /home/runner/.gradle/caches/transforms-3/b73351ea044fbe66f9eb1c53a9e0a50a/transformed/tracing-1.0.0 because:
  Build cache is disabled
Skipping AarTransform: /home/runner/.gradle/caches/transforms-3/b73351ea044fbe66f9eb1c53a9e0a50a/transformed/tracing-1.0.0 as it is up-to-date.
Caching disabled for AarTransform: /home/runner/.gradle/caches/transforms-3/2adc9403fd118d8e252f9b170b4f2ca1/transformed/core-runtime-2.2.0 because:
  Build cache is disabled
Skipping AarTransform: /home/runner/.gradle/caches/transforms-3/2adc9403fd118d8e252f9b170b4f2ca1/transformed/core-runtime-2.2.0 as it is up-to-date.
Caching disabled for AarTransform: /home/runner/.gradle/caches/transforms-3/4f0091b14e067910e5c7c0d2e3187eeb/transformed/startup-runtime-1.1.1 because:
  Build cache is disabled
Skipping AarTransform: /home/runner/.gradle/caches/transforms-3/4f0091b14e067910e5c7c0d2e3187eeb/transformed/startup-runtime-1.1.1 as it is up-to-date.
Caching disabled for ExtractJniTransform: /home/runner/.gradle/caches/modules-2/files-2.1/androidx.arch.core/core-common/2.2.0/5e1b8b81dfd5f52c56a8d53b18ca759c19a301f3/core-common-2.2.0.jar because:
  Build cache is disabled
Skipping ExtractJniTransform: /home/runner/.gradle/caches/modules-2/files-2.1/androidx.arch.core/core-common/2.2.0/5e1b8b81dfd5f52c56a8d53b18ca759c19a301f3/core-common-2.2.0.jar as it is up-to-date.
Caching disabled for AarTransform: /home/runner/.gradle/caches/transforms-3/eb080d7afa461c0f10965141ae092a48/transformed/documentfile-1.0.0 because:
  Build cache is disabled
Skipping AarTransform: /home/runner/.gradle/caches/transforms-3/eb080d7afa461c0f10965141ae092a48/transformed/documentfile-1.0.0 as it is up-to-date.
Caching disabled for AarTransform: /home/runner/.gradle/caches/transforms-3/17a5fb8b4ee6eb33cfdbc0fc8d60c010/transformed/print-1.0.0 because:
  Build cache is disabled
Skipping AarTransform: /home/runner/.gradle/caches/transforms-3/17a5fb8b4ee6eb33cfdbc0fc8d60c010/transformed/print-1.0.0 as it is up-to-date.
Caching disabled for AarTransform: /home/runner/.gradle/caches/transforms-3/462d1718fdf6da42670951a0d4aa4de2/transformed/localbroadcastmanager-1.0.0 because:
  Build cache is disabled
Caching disabled for ExtractJniTransform: /home/runner/.gradle/caches/modules-2/files-2.1/androidx.annotation/annotation-jvm/1.6.0/a7257339a052df0f91433cf9651231bbb802b502/annotation-jvm-1.6.0.jar because:
  Build cache is disabled
Caching disabled for ExtractJniTransform: /home/runner/.gradle/caches/modules-2/files-2.1/androidx.concurrent/concurrent-futures/1.1.0/50b7fb98350d5f42a4e49704b03278542293ba48/concurrent-futures-1.1.0.jar because:
  Build cache is disabled
Skipping AarTransform: /home/runner/.gradle/caches/transforms-3/462d1718fdf6da42670951a0d4aa4de2/transformed/localbroadcastmanager-1.0.0 as it is up-to-date.
Skipping ExtractJniTransform: /home/runner/.gradle/caches/modules-2/files-2.1/androidx.annotation/annotation-jvm/1.6.0/a7257339a052df0f91433cf9651231bbb802b502/annotation-jvm-1.6.0.jar as it is up-to-date.
Skipping ExtractJniTransform: /home/runner/.gradle/caches/modules-2/files-2.1/androidx.concurrent/concurrent-futures/1.1.0/50b7fb98350d5f42a4e49704b03278542293ba48/concurrent-futures-1.1.0.jar as it is up-to-date.
Caching disabled for ExtractJniTransform: /home/runner/.gradle/caches/modules-2/files-2.1/org.jetbrains.kotlin/kotlin-stdlib-jdk7/1.8.22/4dabb8248310d833bb6a8b516024a91fd3d275c/kotlin-stdlib-jdk7-1.8.22.jar because:
  Build cache is disabled
Caching disabled for ExtractJniTransform: /home/runner/.gradle/caches/modules-2/files-2.1/org.jetbrains.kotlin/kotlin-stdlib/1.9.22/d6c44cd08d8f3f9bece8101216dbe6553365c6e3/kotlin-stdlib-1.9.22.jar because:
  Build cache is disabled
Skipping ExtractJniTransform: /home/runner/.gradle/caches/modules-2/files-2.1/org.jetbrains.kotlin/kotlin-stdlib-jdk7/1.8.22/4dabb8248310d833bb6a8b516024a91fd3d275c/kotlin-stdlib-jdk7-1.8.22.jar as it is up-to-date.
Skipping ExtractJniTransform: /home/runner/.gradle/caches/modules-2/files-2.1/org.jetbrains.kotlin/kotlin-stdlib/1.9.22/d6c44cd08d8f3f9bece8101216dbe6553365c6e3/kotlin-stdlib-1.9.22.jar as it is up-to-date.
Caching disabled for ExtractJniTransform: /home/runner/.gradle/caches/modules-2/files-2.1/com.google.errorprone/error_prone_annotations/2.15.0/38c8485a652f808c8c149150da4e5c2b0bd17f9a/error_prone_annotations-2.15.0.jar because:
  Build cache is disabled
Skipping ExtractJniTransform: /home/runner/.gradle/caches/modules-2/files-2.1/com.google.errorprone/error_prone_annotations/2.15.0/38c8485a652f808c8c149150da4e5c2b0bd17f9a/error_prone_annotations-2.15.0.jar as it is up-to-date.
Caching disabled for ExtractJniTransform: /home/runner/.gradle/caches/modules-2/files-2.1/androidx.constraintlayout/constraintlayout-core/1.0.4/29cdbe03ded6b0980f63fa5da2579a430e911c40/constraintlayout-core-1.0.4.jar because:
  Build cache is disabled
Caching disabled for ExtractJniTransform: /home/runner/.gradle/caches/modules-2/files-2.1/com.google.guava/listenablefuture/1.0/c949a840a6acbc5268d088e47b04177bf90b3cad/listenablefuture-1.0.jar because:
  Build cache is disabled
Skipping ExtractJniTransform: /home/runner/.gradle/caches/modules-2/files-2.1/androidx.constraintlayout/constraintlayout-core/1.0.4/29cdbe03ded6b0980f63fa5da2579a430e911c40/constraintlayout-core-1.0.4.jar as it is up-to-date.
Skipping ExtractJniTransform: /home/runner/.gradle/caches/modules-2/files-2.1/com.google.guava/listenablefuture/1.0/c949a840a6acbc5268d088e47b04177bf90b3cad/listenablefuture-1.0.jar as it is up-to-date.
Caching disabled for ExtractJniTransform: /home/runner/.gradle/caches/modules-2/files-2.1/org.jetbrains/annotations/23.0.0/8cc20c07506ec18e0834947b84a864bfc094484e/annotations-23.0.0.jar because:
  Build cache is disabled
Skipping ExtractJniTransform: /home/runner/.gradle/caches/modules-2/files-2.1/org.jetbrains/annotations/23.0.0/8cc20c07506ec18e0834947b84a864bfc094484e/annotations-23.0.0.jar as it is up-to-date.
Caching disabled for AarTransform: /home/runner/.gradle/caches/transforms-3/0e550df2fa61053f1941b07cd6f157b4/transformed/constraintlayout-2.1.4 because:
  Build cache is disabled
Skipping AarTransform: /home/runner/.gradle/caches/transforms-3/0e550df2fa61053f1941b07cd6f157b4/transformed/constraintlayout-2.1.4 as it is up-to-date.
Skipping task ':app:mergeDebugNativeLibs' as it has no source files and no previous output files.
Resolve mutations for :app:stripDebugDebugSymbols (Thread[Execution worker,5,main]) started.
:app:stripDebugDebugSymbols (Thread[Execution worker,5,main]) started.

> Task :app:stripDebugDebugSymbols NO-SOURCE
Watching 206 directories to track changes
Skipping task ':app:stripDebugDebugSymbols' as it has no source files and no previous output files.
Resolve mutations for :app:validateSigningDebug (Thread[Execution worker,5,main]) started.
:app:validateSigningDebug (Thread[Execution worker,5,main]) started.

> Task :app:validateSigningDebug UP-TO-DATE
Watching 207 directories to track changes
Caching disabled for task ':app:validateSigningDebug' because:
  Build cache is disabled
Skipping task ':app:validateSigningDebug' as it is up-to-date.
Resolve mutations for :app:writeDebugAppMetadata (Thread[Execution worker Thread 3,5,main]) started.
:app:writeDebugAppMetadata (Thread[included builds,5,main]) started.

> Task :app:writeDebugAppMetadata UP-TO-DATE
Watching 208 directories to track changes
Caching disabled for task ':app:writeDebugAppMetadata' because:
  Build cache is disabled
Skipping task ':app:writeDebugAppMetadata' as it is up-to-date.
Resolve mutations for :app:writeDebugSigningConfigVersions (Thread[included builds,5,main]) started.
:app:writeDebugSigningConfigVersions (Thread[included builds,5,main]) started.

> Task :app:writeDebugSigningConfigVersions UP-TO-DATE
Watching 209 directories to track changes
Caching disabled for task ':app:writeDebugSigningConfigVersions' because:
  Build cache is disabled
Skipping task ':app:writeDebugSigningConfigVersions' as it is up-to-date.

> Task :app:compileDebugKotlin
Watching 176 directories to track changes
Watching 176 directories to track changes
Watching 176 directories to track changes
Watching 180 directories to track changes
Watching 181 directories to track changes
Watching 182 directories to track changes
Watching 187 directories to track changes
Transforming viewbinding-8.2.0.aar (androidx.databinding:viewbinding:8.2.0) with AarToClassTransform
Transforming material-1.11.0.aar (com.google.android.material:material:1.11.0) with AarToClassTransform
Transforming appcompat-1.6.1.aar (androidx.appcompat:appcompat:1.6.1) with AarToClassTransform
Transforming viewpager2-1.1.0-beta02.aar (androidx.viewpager2:viewpager2:1.1.0-beta02) with AarToClassTransform
Transforming fragment-1.3.6.aar (androidx.fragment:fragment:1.3.6) with AarToClassTransform
Transforming activity-1.8.0.aar (androidx.activity:activity:1.8.0) with AarToClassTransform
Transforming recyclerview-1.3.2.aar (androidx.recyclerview:recyclerview:1.3.2) with AarToClassTransform
Transforming swiperefreshlayout-1.1.0.aar (androidx.swiperefreshlayout:swiperefreshlayout:1.1.0) with AarToClassTransform
Transforming appcompat-resources-1.6.1.aar (androidx.appcompat:appcompat-resources:1.6.1) with AarToClassTransform
Transforming drawerlayout-1.1.1.aar (androidx.drawerlayout:drawerlayout:1.1.1) with AarToClassTransform
Transforming coordinatorlayout-1.1.0.aar (androidx.coordinatorlayout:coordinatorlayout:1.1.0) with AarToClassTransform
Transforming dynamicanimation-1.0.0.aar (androidx.dynamicanimation:dynamicanimation:1.0.0) with AarToClassTransform
Transforming transition-1.2.0.aar (androidx.transition:transition:1.2.0) with AarToClassTransform
Transforming vectordrawable-animated-1.1.0.aar (androidx.vectordrawable:vectordrawable-animated:1.1.0) with AarToClassTransform
Transforming vectordrawable-1.1.0.aar (androidx.vectordrawable:vectordrawable:1.1.0) with AarToClassTransform
Transforming vectordrawable-1.1.0.aar (androidx.vectordrawable:vectordrawable:1.1.0) with AarToClassTransform
Transforming viewpager-1.0.0.aar (androidx.viewpager:viewpager:1.0.0) with AarToClassTransform
Transforming customview-1.1.0.aar (androidx.customview:customview:1.1.0) with AarToClassTransform
Transforming customview-1.1.0.aar (androidx.customview:customview:1.1.0) with AarToClassTransform
Transforming customview-1.1.0.aar (androidx.customview:customview:1.1.0) with AarToClassTransform
Transforming customview-1.1.0.aar (androidx.customview:customview:1.1.0) with AarToClassTransform
Transforming legacy-support-core-utils-1.0.0.aar (androidx.legacy:legacy-support-core-utils:1.0.0) with AarToClassTransform
Transforming loader-1.0.0.aar (androidx.loader:loader:1.0.0) with AarToClassTransform
Transforming loader-1.0.0.aar (androidx.loader:loader:1.0.0) with AarToClassTransform
Transforming core-1.12.0.aar (androidx.core:core:1.12.0) with AarToClassTransform
Transforming core-1.12.0.aar (androidx.core:core:1.12.0) with AarToClassTransform
Transforming core-1.12.0.aar (androidx.core:core:1.12.0) with AarToClassTransform
Transforming core-1.12.0.aar (androidx.core:core:1.12.0) with AarToClassTransform
Transforming core-1.12.0.aar (androidx.core:core:1.12.0) with AarToClassTransform
Transforming core-1.12.0.aar (androidx.core:core:1.12.0) with AarToClassTransform
Transforming core-1.12.0.aar (androidx.core:core:1.12.0) with AarToClassTransform
Transforming core-1.12.0.aar (androidx.core:core:1.12.0) with AarToClassTransform
Transforming core-1.12.0.aar (androidx.core:core:1.12.0) with AarToClassTransform
Transforming core-1.12.0.aar (androidx.core:core:1.12.0) with AarToClassTransform
Transforming core-1.12.0.aar (androidx.core:core:1.12.0) with AarToClassTransform
Transforming lifecycle-livedata-2.6.1.aar (androidx.lifecycle:lifecycle-livedata:2.6.1) with AarToClassTransform
Caching disabled for AarToClassTransform: /home/runner/.gradle/caches/modules-2/files-2.1/androidx.databinding/viewbinding/8.2.0/82f5fd3bd4ee912e5fee216e201769288a2a9dae/viewbinding-8.2.0.aar because:
  Build cache is disabled
Skipping AarToClassTransform: /home/runner/.gradle/caches/modules-2/files-2.1/androidx.databinding/viewbinding/8.2.0/82f5fd3bd4ee912e5fee216e201769288a2a9dae/viewbinding-8.2.0.aar as it is up-to-date.
Caching disabled for AarToClassTransform: /home/runner/.gradle/caches/modules-2/files-2.1/com.google.android.material/material/1.11.0/e46abb2e27abed3ad274ba96b169a4c61fbb11fd/material-1.11.0.aar because:
  Build cache is disabled
Skipping AarToClassTransform: /home/runner/.gradle/caches/modules-2/files-2.1/com.google.android.material/material/1.11.0/e46abb2e27abed3ad274ba96b169a4c61fbb11fd/material-1.11.0.aar as it is up-to-date.
Caching disabled for AarToClassTransform: /home/runner/.gradle/caches/modules-2/files-2.1/androidx.appcompat/appcompat/1.6.1/6c7577004b7ebbee5ed87d512b578dd20e3c8c31/appcompat-1.6.1.aar because:
  Build cache is disabled
Skipping AarToClassTransform: /home/runner/.gradle/caches/modules-2/files-2.1/androidx.appcompat/appcompat/1.6.1/6c7577004b7ebbee5ed87d512b578dd20e3c8c31/appcompat-1.6.1.aar as it is up-to-date.
Transforming lifecycle-livedata-core-2.6.1.aar (androidx.lifecycle:lifecycle-livedata-core:2.6.1) with AarToClassTransform
Caching disabled for AarToClassTransform: /home/runner/.gradle/caches/modules-2/files-2.1/androidx.fragment/fragment/1.3.6/6391fc504e7c0f24051ac8b9da3f0ba4d1241dff/fragment-1.3.6.aar because:
  Build cache is disabled
Caching disabled for AarToClassTransform: /home/runner/.gradle/caches/modules-2/files-2.1/androidx.viewpager2/viewpager2/1.1.0-beta02/8382bf0f6d375711dfb5ae019e77960c22f8f893/viewpager2-1.1.0-beta02.aar because:
  Build cache is disabled
Skipping AarToClassTransform: /home/runner/.gradle/caches/modules-2/files-2.1/androidx.viewpager2/viewpager2/1.1.0-beta02/8382bf0f6d375711dfb5ae019e77960c22f8f893/viewpager2-1.1.0-beta02.aar as it is up-to-date.
Transforming lifecycle-viewmodel-2.6.1.aar (androidx.lifecycle:lifecycle-viewmodel:2.6.1) with AarToClassTransform
Transforming lifecycle-viewmodel-2.6.1.aar (androidx.lifecycle:lifecycle-viewmodel:2.6.1) with AarToClassTransform
Transforming lifecycle-runtime-2.6.1.aar (androidx.lifecycle:lifecycle-runtime:2.6.1) with AarToClassTransform
Transforming lifecycle-viewmodel-savedstate-2.6.1.aar (androidx.lifecycle:lifecycle-viewmodel-savedstate:2.6.1) with AarToClassTransform
Transforming core-ktx-1.12.0.aar (androidx.core:core-ktx:1.12.0) with AarToClassTransform
Transforming savedstate-1.2.1.aar (androidx.savedstate:savedstate:1.2.1) with AarToClassTransform
Transforming annotation-experimental-1.3.0.aar (androidx.annotation:annotation-experimental:1.3.0) with AarToClassTransform
Transforming cursoradapter-1.0.0.aar (androidx.cursoradapter:cursoradapter:1.0.0) with AarToClassTransform
Transforming cardview-1.0.0.aar (androidx.cardview:cardview:1.0.0) with AarToClassTransform
Transforming interpolator-1.0.0.aar (androidx.interpolator:interpolator:1.0.0) with AarToClassTransform
Transforming interpolator-1.0.0.aar (androidx.interpolator:interpolator:1.0.0) with AarToClassTransform
Transforming versionedparcelable-1.1.1.aar (androidx.versionedparcelable:versionedparcelable:1.1.1) with AarToClassTransform
Transforming core-runtime-2.2.0.aar (androidx.arch.core:core-runtime:2.2.0) with AarToClassTransform
Transforming documentfile-1.0.0.aar (androidx.documentfile:documentfile:1.0.0) with AarToClassTransform
Transforming localbroadcastmanager-1.0.0.aar (androidx.localbroadcastmanager:localbroadcastmanager:1.0.0) with AarToClassTransform
Transforming print-1.0.0.aar (androidx.print:print:1.0.0) with AarToClassTransform
Transforming constraintlayout-2.1.4.aar (androidx.constraintlayout:constraintlayout:2.1.4) with AarToClassTransform
Skipping AarToClassTransform: /home/runner/.gradle/caches/modules-2/files-2.1/androidx.fragment/fragment/1.3.6/6391fc504e7c0f24051ac8b9da3f0ba4d1241dff/fragment-1.3.6.aar as it is up-to-date.
Caching disabled for AarToClassTransform: /home/runner/.gradle/caches/modules-2/files-2.1/androidx.recyclerview/recyclerview/1.3.2/e1d76099dbbd88ee0ee7c39cfa96ed0ea01bc8ad/recyclerview-1.3.2.aar because:
  Build cache is disabled
Skipping AarToClassTransform: /home/runner/.gradle/caches/modules-2/files-2.1/androidx.recyclerview/recyclerview/1.3.2/e1d76099dbbd88ee0ee7c39cfa96ed0ea01bc8ad/recyclerview-1.3.2.aar as it is up-to-date.
Caching disabled for AarToClassTransform: /home/runner/.gradle/caches/modules-2/files-2.1/androidx.activity/activity/1.8.0/4266e2118d565daa20212d1726e11f41e1a4d0ca/activity-1.8.0.aar because:
  Build cache is disabled
Skipping AarToClassTransform: /home/runner/.gradle/caches/modules-2/files-2.1/androidx.activity/activity/1.8.0/4266e2118d565daa20212d1726e11f41e1a4d0ca/activity-1.8.0.aar as it is up-to-date.
Caching disabled for AarToClassTransform: /home/runner/.gradle/caches/modules-2/files-2.1/androidx.appcompat/appcompat-resources/1.6.1/3fe43025e50b556f319b1ff82a730d5a376a31e/appcompat-resources-1.6.1.aar because:
  Build cache is disabled
Skipping AarToClassTransform: /home/runner/.gradle/caches/modules-2/files-2.1/androidx.appcompat/appcompat-resources/1.6.1/3fe43025e50b556f319b1ff82a730d5a376a31e/appcompat-resources-1.6.1.aar as it is up-to-date.
Caching disabled for AarToClassTransform: /home/runner/.gradle/caches/modules-2/files-2.1/androidx.drawerlayout/drawerlayout/1.1.1/1b2b049e1e88589510ddd4d93f2699b46ecd73dd/drawerlayout-1.1.1.aar because:
  Build cache is disabled
Skipping AarToClassTransform: /home/runner/.gradle/caches/modules-2/files-2.1/androidx.drawerlayout/drawerlayout/1.1.1/1b2b049e1e88589510ddd4d93f2699b46ecd73dd/drawerlayout-1.1.1.aar as it is up-to-date.
Caching disabled for AarToClassTransform: /home/runner/.gradle/caches/modules-2/files-2.1/androidx.swiperefreshlayout/swiperefreshlayout/1.1.0/2aeac64056fe6cc0420afad0b699a7f9257b8ebe/swiperefreshlayout-1.1.0.aar because:
  Build cache is disabled
Skipping AarToClassTransform: /home/runner/.gradle/caches/modules-2/files-2.1/androidx.swiperefreshlayout/swiperefreshlayout/1.1.0/2aeac64056fe6cc0420afad0b699a7f9257b8ebe/swiperefreshlayout-1.1.0.aar as it is up-to-date.
Caching disabled for AarToClassTransform: /home/runner/.gradle/caches/modules-2/files-2.1/androidx.coordinatorlayout/coordinatorlayout/1.1.0/8eeb7baf75b9595d017642a460df5af3bb9fa4e1/coordinatorlayout-1.1.0.aar because:
  Build cache is disabled
Skipping AarToClassTransform: /home/runner/.gradle/caches/modules-2/files-2.1/androidx.coordinatorlayout/coordinatorlayout/1.1.0/8eeb7baf75b9595d017642a460df5af3bb9fa4e1/coordinatorlayout-1.1.0.aar as it is up-to-date.
Caching disabled for AarToClassTransform: /home/runner/.gradle/caches/modules-2/files-2.1/androidx.transition/transition/1.2.0/28003577e8b32f5417bfe899bbdc7a333dc81c9f/transition-1.2.0.aar because:
  Build cache is disabled
Caching disabled for AarToClassTransform: /home/runner/.gradle/caches/modules-2/files-2.1/androidx.vectordrawable/vectordrawable-animated/1.1.0/fcda1161354501471c30a4e077af6b5c4d4eddc6/vectordrawable-animated-1.1.0.aar because:
  Build cache is disabled
Skipping AarToClassTransform: /home/runner/.gradle/caches/modules-2/files-2.1/androidx.vectordrawable/vectordrawable-animated/1.1.0/fcda1161354501471c30a4e077af6b5c4d4eddc6/vectordrawable-animated-1.1.0.aar as it is up-to-date.
Caching disabled for AarToClassTransform: /home/runner/.gradle/caches/modules-2/files-2.1/androidx.dynamicanimation/dynamicanimation/1.0.0/e980497a58fb319d471f3bb78d066b926a08ba8e/dynamicanimation-1.0.0.aar because:
  Build cache is disabled
Skipping AarToClassTransform: /home/runner/.gradle/caches/modules-2/files-2.1/androidx.dynamicanimation/dynamicanimation/1.0.0/e980497a58fb319d471f3bb78d066b926a08ba8e/dynamicanimation-1.0.0.aar as it is up-to-date.
Caching disabled for AarToClassTransform: /home/runner/.gradle/caches/modules-2/files-2.1/androidx.vectordrawable/vectordrawable/1.1.0/eac7a364fff534035a2a6cb17770a1288315f69f/vectordrawable-1.1.0.aar because:
  Build cache is disabled
Skipping AarToClassTransform: /home/runner/.gradle/caches/modules-2/files-2.1/androidx.vectordrawable/vectordrawable/1.1.0/eac7a364fff534035a2a6cb17770a1288315f69f/vectordrawable-1.1.0.aar as it is up-to-date.
Skipping AarToClassTransform: /home/runner/.gradle/caches/modules-2/files-2.1/androidx.transition/transition/1.2.0/28003577e8b32f5417bfe899bbdc7a333dc81c9f/transition-1.2.0.aar as it is up-to-date.
Caching disabled for AarToClassTransform: /home/runner/.gradle/caches/modules-2/files-2.1/androidx.customview/customview/1.1.0/a030aaf64c5419a89f7d91a33755c4629a43471/customview-1.1.0.aar because:
  Build cache is disabled
Skipping AarToClassTransform: /home/runner/.gradle/caches/modules-2/files-2.1/androidx.customview/customview/1.1.0/a030aaf64c5419a89f7d91a33755c4629a43471/customview-1.1.0.aar as it is up-to-date.
Caching disabled for AarToClassTransform: /home/runner/.gradle/caches/modules-2/files-2.1/androidx.viewpager/viewpager/1.0.0/1f90e13820f96c2fb868f9674079a551678d68b2/viewpager-1.0.0.aar because:
  Build cache is disabled
Skipping AarToClassTransform: /home/runner/.gradle/caches/modules-2/files-2.1/androidx.viewpager/viewpager/1.0.0/1f90e13820f96c2fb868f9674079a551678d68b2/viewpager-1.0.0.aar as it is up-to-date.
Caching disabled for AarToClassTransform: /home/runner/.gradle/caches/modules-2/files-2.1/androidx.legacy/legacy-support-core-utils/1.0.0/9b9570042115da8629519090dfeb71df75da59fc/legacy-support-core-utils-1.0.0.aar because:
  Build cache is disabled
Skipping AarToClassTransform: /home/runner/.gradle/caches/modules-2/files-2.1/androidx.legacy/legacy-support-core-utils/1.0.0/9b9570042115da8629519090dfeb71df75da59fc/legacy-support-core-utils-1.0.0.aar as it is up-to-date.
Caching disabled for AarToClassTransform: /home/runner/.gradle/caches/modules-2/files-2.1/androidx.loader/loader/1.0.0/8af8b6cec0da85c207d03e15840e0722cbc71e70/loader-1.0.0.aar because:
  Build cache is disabled
Skipping AarToClassTransform: /home/runner/.gradle/caches/modules-2/files-2.1/androidx.loader/loader/1.0.0/8af8b6cec0da85c207d03e15840e0722cbc71e70/loader-1.0.0.aar as it is up-to-date.
Caching disabled for AarToClassTransform: /home/runner/.gradle/caches/modules-2/files-2.1/androidx.core/core/1.12.0/5aa3088ed93ba8ebaea2b8a83befdfa829339e7a/core-1.12.0.aar because:
  Build cache is disabled
Skipping AarToClassTransform: /home/runner/.gradle/caches/modules-2/files-2.1/androidx.core/core/1.12.0/5aa3088ed93ba8ebaea2b8a83befdfa829339e7a/core-1.12.0.aar as it is up-to-date.
Transforming lifecycle-common-2.6.1.jar (androidx.lifecycle:lifecycle-common:2.6.1) with IdentityTransform
Caching disabled for AarToClassTransform: /home/runner/.gradle/caches/modules-2/files-2.1/androidx.lifecycle/lifecycle-livedata-core/2.6.1/23f66885a260f0a2cd6540927ea8795484afd2da/lifecycle-livedata-core-2.6.1.aar because:
  Build cache is disabled
Skipping AarToClassTransform: /home/runner/.gradle/caches/modules-2/files-2.1/androidx.lifecycle/lifecycle-livedata-core/2.6.1/23f66885a260f0a2cd6540927ea8795484afd2da/lifecycle-livedata-core-2.6.1.aar as it is up-to-date.
Caching disabled for AarToClassTransform: /home/runner/.gradle/caches/modules-2/files-2.1/androidx.lifecycle/lifecycle-livedata/2.6.1/e7f6d9e232bf035af69c030917c1ccda8e840b57/lifecycle-livedata-2.6.1.aar because:
  Build cache is disabled
Skipping AarToClassTransform: /home/runner/.gradle/caches/modules-2/files-2.1/androidx.lifecycle/lifecycle-livedata/2.6.1/e7f6d9e232bf035af69c030917c1ccda8e840b57/lifecycle-livedata-2.6.1.aar as it is up-to-date.
Caching disabled for AarToClassTransform: /home/runner/.gradle/caches/modules-2/files-2.1/androidx.lifecycle/lifecycle-viewmodel/2.6.1/fa35bfdbbe0e7df1573e377cbdd15de35176141d/lifecycle-viewmodel-2.6.1.aar because:
  Build cache is disabled
Skipping AarToClassTransform: /home/runner/.gradle/caches/modules-2/files-2.1/androidx.lifecycle/lifecycle-viewmodel/2.6.1/fa35bfdbbe0e7df1573e377cbdd15de35176141d/lifecycle-viewmodel-2.6.1.aar as it is up-to-date.
Caching disabled for IdentityTransform: /home/runner/.gradle/caches/modules-2/files-2.1/androidx.lifecycle/lifecycle-common/2.6.1/10f354fdb64868baecd67128560c5a0d6312c495/lifecycle-common-2.6.1.jar because:
  Build cache is disabled
Skipping IdentityTransform: /home/runner/.gradle/caches/modules-2/files-2.1/androidx.lifecycle/lifecycle-common/2.6.1/10f354fdb64868baecd67128560c5a0d6312c495/lifecycle-common-2.6.1.jar as it is up-to-date.
Caching disabled for AarToClassTransform: /home/runner/.gradle/caches/modules-2/files-2.1/androidx.lifecycle/lifecycle-viewmodel-savedstate/2.6.1/7cac77a315e1c8235a1f0c7d041c3c5e565f0f4b/lifecycle-viewmodel-savedstate-2.6.1.aar because:
  Build cache is disabled
Skipping AarToClassTransform: /home/runner/.gradle/caches/modules-2/files-2.1/androidx.lifecycle/lifecycle-viewmodel-savedstate/2.6.1/7cac77a315e1c8235a1f0c7d041c3c5e565f0f4b/lifecycle-viewmodel-savedstate-2.6.1.aar as it is up-to-date.
Caching disabled for AarToClassTransform: /home/runner/.gradle/caches/modules-2/files-2.1/androidx.core/core-ktx/1.12.0/1b80a40d6f34eb52c8de87c186feb57aa2a43ada/core-ktx-1.12.0.aar because:
  Build cache is disabled
Skipping AarToClassTransform: /home/runner/.gradle/caches/modules-2/files-2.1/androidx.core/core-ktx/1.12.0/1b80a40d6f34eb52c8de87c186feb57aa2a43ada/core-ktx-1.12.0.aar as it is up-to-date.
Caching disabled for AarToClassTransform: /home/runner/.gradle/caches/modules-2/files-2.1/androidx.lifecycle/lifecycle-runtime/2.6.1/f0ef27053faa89b3ec06c4f118cea0a15edde35b/lifecycle-runtime-2.6.1.aar because:
  Build cache is disabled
Skipping AarToClassTransform: /home/runner/.gradle/caches/modules-2/files-2.1/androidx.lifecycle/lifecycle-runtime/2.6.1/f0ef27053faa89b3ec06c4f118cea0a15edde35b/lifecycle-runtime-2.6.1.aar as it is up-to-date.
Transforming kotlinx-coroutines-core-jvm-1.7.3.jar (org.jetbrains.kotlinx:kotlinx-coroutines-core-jvm:1.7.3) with IdentityTransform
Transforming kotlinx-coroutines-android-1.7.3.jar (org.jetbrains.kotlinx:kotlinx-coroutines-android:1.7.3) with IdentityTransform
Caching disabled for AarToClassTransform: /home/runner/.gradle/caches/modules-2/files-2.1/androidx.annotation/annotation-experimental/1.3.0/5087c6f545117dcd474e69e1a93cacec9d7334af/annotation-experimental-1.3.0.aar because:
  Build cache is disabled
Skipping AarToClassTransform: /home/runner/.gradle/caches/modules-2/files-2.1/androidx.annotation/annotation-experimental/1.3.0/5087c6f545117dcd474e69e1a93cacec9d7334af/annotation-experimental-1.3.0.aar as it is up-to-date.
Transforming kotlin-stdlib-jdk8-1.8.22.jar (org.jetbrains.kotlin:kotlin-stdlib-jdk8:1.8.22) with IdentityTransform
Caching disabled for IdentityTransform: /home/runner/.gradle/caches/modules-2/files-2.1/org.jetbrains.kotlinx/kotlinx-coroutines-android/1.7.3/38d9cad3a0b03a10453b56577984bdeb48edeed5/kotlinx-coroutines-android-1.7.3.jar because:
  Build cache is disabled
Skipping IdentityTransform: /home/runner/.gradle/caches/modules-2/files-2.1/org.jetbrains.kotlinx/kotlinx-coroutines-android/1.7.3/38d9cad3a0b03a10453b56577984bdeb48edeed5/kotlinx-coroutines-android-1.7.3.jar as it is up-to-date.
Caching disabled for IdentityTransform: /home/runner/.gradle/caches/modules-2/files-2.1/org.jetbrains.kotlinx/kotlinx-coroutines-core-jvm/1.7.3/2b09627576f0989a436a00a4a54b55fa5026fb86/kotlinx-coroutines-core-jvm-1.7.3.jar because:
  Build cache is disabled
Caching disabled for AarToClassTransform: /home/runner/.gradle/caches/modules-2/files-2.1/androidx.savedstate/savedstate/1.2.1/e364fc9dec32aa569d855f85864e50250318a093/savedstate-1.2.1.aar because:
  Build cache is disabled
Skipping IdentityTransform: /home/runner/.gradle/caches/modules-2/files-2.1/org.jetbrains.kotlinx/kotlinx-coroutines-core-jvm/1.7.3/2b09627576f0989a436a00a4a54b55fa5026fb86/kotlinx-coroutines-core-jvm-1.7.3.jar as it is up-to-date.
Skipping AarToClassTransform: /home/runner/.gradle/caches/modules-2/files-2.1/androidx.savedstate/savedstate/1.2.1/e364fc9dec32aa569d855f85864e50250318a093/savedstate-1.2.1.aar as it is up-to-date.
Caching disabled for AarToClassTransform: /home/runner/.gradle/caches/modules-2/files-2.1/androidx.cursoradapter/cursoradapter/1.0.0/74014983a86b83cbce534dec4e7aa9312f5f5d82/cursoradapter-1.0.0.aar because:
  Build cache is disabled
Skipping AarToClassTransform: /home/runner/.gradle/caches/modules-2/files-2.1/androidx.cursoradapter/cursoradapter/1.0.0/74014983a86b83cbce534dec4e7aa9312f5f5d82/cursoradapter-1.0.0.aar as it is up-to-date.
Caching disabled for IdentityTransform: /home/runner/.gradle/caches/modules-2/files-2.1/org.jetbrains.kotlin/kotlin-stdlib-jdk8/1.8.22/b25c86d47d6b962b9cf0f8c3f320c8a10eea3dd1/kotlin-stdlib-jdk8-1.8.22.jar because:
  Build cache is disabled
Skipping IdentityTransform: /home/runner/.gradle/caches/modules-2/files-2.1/org.jetbrains.kotlin/kotlin-stdlib-jdk8/1.8.22/b25c86d47d6b962b9cf0f8c3f320c8a10eea3dd1/kotlin-stdlib-jdk8-1.8.22.jar as it is up-to-date.
Caching disabled for AarToClassTransform: /home/runner/.gradle/caches/modules-2/files-2.1/androidx.interpolator/interpolator/1.0.0/8a01fa254a23b9388571eb6334b03707c7d122d7/interpolator-1.0.0.aar because:
  Build cache is disabled
Skipping AarToClassTransform: /home/runner/.gradle/caches/modules-2/files-2.1/androidx.interpolator/interpolator/1.0.0/8a01fa254a23b9388571eb6334b03707c7d122d7/interpolator-1.0.0.aar as it is up-to-date.
Transforming collection-1.1.0.jar (androidx.collection:collection:1.1.0) with IdentityTransform
Caching disabled for AarToClassTransform: /home/runner/.gradle/caches/modules-2/files-2.1/androidx.cardview/cardview/1.0.0/158dbc2e2bc502815821191b04446b8f663c1874/cardview-1.0.0.aar because:
  Build cache is disabled
Skipping AarToClassTransform: /home/runner/.gradle/caches/modules-2/files-2.1/androidx.cardview/cardview/1.0.0/158dbc2e2bc502815821191b04446b8f663c1874/cardview-1.0.0.aar as it is up-to-date.
Transforming core-common-2.2.0.jar (androidx.arch.core:core-common:2.2.0) with IdentityTransform
Caching disabled for AarToClassTransform: /home/runner/.gradle/caches/modules-2/files-2.1/androidx.arch.core/core-runtime/2.2.0/39705982680d78556b679ef9d5400d4f17509b0b/core-runtime-2.2.0.aar because:
  Build cache is disabled
Skipping AarToClassTransform: /home/runner/.gradle/caches/modules-2/files-2.1/androidx.arch.core/core-runtime/2.2.0/39705982680d78556b679ef9d5400d4f17509b0b/core-runtime-2.2.0.aar as it is up-to-date.
Caching disabled for IdentityTransform: /home/runner/.gradle/caches/modules-2/files-2.1/androidx.collection/collection/1.1.0/1f27220b47669781457de0d600849a5de0e89909/collection-1.1.0.jar because:
  Build cache is disabled
Skipping IdentityTransform: /home/runner/.gradle/caches/modules-2/files-2.1/androidx.collection/collection/1.1.0/1f27220b47669781457de0d600849a5de0e89909/collection-1.1.0.jar as it is up-to-date.
Caching disabled for AarToClassTransform: /home/runner/.gradle/caches/modules-2/files-2.1/androidx.versionedparcelable/versionedparcelable/1.1.1/18e18071e7715679e0593c570217edeb5ca48b9e/versionedparcelable-1.1.1.aar because:
  Build cache is disabled
Skipping AarToClassTransform: /home/runner/.gradle/caches/modules-2/files-2.1/androidx.versionedparcelable/versionedparcelable/1.1.1/18e18071e7715679e0593c570217edeb5ca48b9e/versionedparcelable-1.1.1.aar as it is up-to-date.
Caching disabled for IdentityTransform: /home/runner/.gradle/caches/modules-2/files-2.1/androidx.arch.core/core-common/2.2.0/5e1b8b81dfd5f52c56a8d53b18ca759c19a301f3/core-common-2.2.0.jar because:
  Build cache is disabled
Skipping IdentityTransform: /home/runner/.gradle/caches/modules-2/files-2.1/androidx.arch.core/core-common/2.2.0/5e1b8b81dfd5f52c56a8d53b18ca759c19a301f3/core-common-2.2.0.jar as it is up-to-date.
Caching disabled for AarToClassTransform: /home/runner/.gradle/caches/modules-2/files-2.1/androidx.documentfile/documentfile/1.0.0/66104345c90cd8c2fd5ad2d3aad692b280e10c32/documentfile-1.0.0.aar because:
  Build cache is disabled
Skipping AarToClassTransform: /home/runner/.gradle/caches/modules-2/files-2.1/androidx.documentfile/documentfile/1.0.0/66104345c90cd8c2fd5ad2d3aad692b280e10c32/documentfile-1.0.0.aar as it is up-to-date.
Caching disabled for AarToClassTransform: /home/runner/.gradle/caches/modules-2/files-2.1/androidx.localbroadcastmanager/localbroadcastmanager/1.0.0/2734f31c8321e83ce6b60570d14777fc33cc2ece/localbroadcastmanager-1.0.0.aar because:
  Build cache is disabled
Skipping AarToClassTransform: /home/runner/.gradle/caches/modules-2/files-2.1/androidx.localbroadcastmanager/localbroadcastmanager/1.0.0/2734f31c8321e83ce6b60570d14777fc33cc2ece/localbroadcastmanager-1.0.0.aar as it is up-to-date.
Caching disabled for AarToClassTransform: /home/runner/.gradle/caches/modules-2/files-2.1/androidx.print/print/1.0.0/7722094652c48ebe27acc94d74a55e759e4635ff/print-1.0.0.aar because:
  Build cache is disabled
Skipping AarToClassTransform: /home/runner/.gradle/caches/modules-2/files-2.1/androidx.print/print/1.0.0/7722094652c48ebe27acc94d74a55e759e4635ff/print-1.0.0.aar as it is up-to-date.
Transforming annotation-jvm-1.6.0.jar (androidx.annotation:annotation-jvm:1.6.0) with IdentityTransform
Transforming kotlin-stdlib-jdk7-1.8.22.jar (org.jetbrains.kotlin:kotlin-stdlib-jdk7:1.8.22) with IdentityTransform
Transforming kotlin-stdlib-1.9.22.jar (org.jetbrains.kotlin:kotlin-stdlib:1.9.22) with IdentityTransform
Transforming annotations-23.0.0.jar (org.jetbrains:annotations:23.0.0) with IdentityTransform
Caching disabled for IdentityTransform: /home/runner/.gradle/caches/modules-2/files-2.1/org.jetbrains.kotlin/kotlin-stdlib/1.9.22/d6c44cd08d8f3f9bece8101216dbe6553365c6e3/kotlin-stdlib-1.9.22.jar because:
  Build cache is disabled
Skipping IdentityTransform: /home/runner/.gradle/caches/modules-2/files-2.1/org.jetbrains.kotlin/kotlin-stdlib/1.9.22/d6c44cd08d8f3f9bece8101216dbe6553365c6e3/kotlin-stdlib-1.9.22.jar as it is up-to-date.
Caching disabled for IdentityTransform: /home/runner/.gradle/caches/modules-2/files-2.1/androidx.annotation/annotation-jvm/1.6.0/a7257339a052df0f91433cf9651231bbb802b502/annotation-jvm-1.6.0.jar because:
  Build cache is disabled
Transforming resourceinspection-annotation-1.0.1.jar (androidx.resourceinspection:resourceinspection-annotation:1.0.1) with IdentityTransform
Skipping IdentityTransform: /home/runner/.gradle/caches/modules-2/files-2.1/androidx.annotation/annotation-jvm/1.6.0/a7257339a052df0f91433cf9651231bbb802b502/annotation-jvm-1.6.0.jar as it is up-to-date.
Caching disabled for IdentityTransform: /home/runner/.gradle/caches/modules-2/files-2.1/org.jetbrains.kotlin/kotlin-stdlib-jdk7/1.8.22/4dabb8248310d833bb6a8b516024a91fd3d275c/kotlin-stdlib-jdk7-1.8.22.jar because:
  Build cache is disabled
Skipping IdentityTransform: /home/runner/.gradle/caches/modules-2/files-2.1/org.jetbrains.kotlin/kotlin-stdlib-jdk7/1.8.22/4dabb8248310d833bb6a8b516024a91fd3d275c/kotlin-stdlib-jdk7-1.8.22.jar as it is up-to-date.
Caching disabled for IdentityTransform: /home/runner/.gradle/caches/modules-2/files-2.1/org.jetbrains/annotations/23.0.0/8cc20c07506ec18e0834947b84a864bfc094484e/annotations-23.0.0.jar because:
  Build cache is disabled
Skipping IdentityTransform: /home/runner/.gradle/caches/modules-2/files-2.1/org.jetbrains/annotations/23.0.0/8cc20c07506ec18e0834947b84a864bfc094484e/annotations-23.0.0.jar as it is up-to-date.
Caching disabled for AarToClassTransform: /home/runner/.gradle/caches/modules-2/files-2.1/androidx.constraintlayout/constraintlayout/2.1.4/b7ad5eca28aa9e7c4ea1a7e256c7ee4401a031f/constraintlayout-2.1.4.aar because:
  Build cache is disabled
Skipping AarToClassTransform: /home/runner/.gradle/caches/modules-2/files-2.1/androidx.constraintlayout/constraintlayout/2.1.4/b7ad5eca28aa9e7c4ea1a7e256c7ee4401a031f/constraintlayout-2.1.4.aar as it is up-to-date.
Caching disabled for IdentityTransform: /home/runner/.gradle/caches/modules-2/files-2.1/androidx.resourceinspection/resourceinspection-annotation/1.0.1/8c21f8ff5d96d5d52c948707f7e4d6ca6773feef/resourceinspection-annotation-1.0.1.jar because:
  Build cache is disabled
Skipping IdentityTransform: /home/runner/.gradle/caches/modules-2/files-2.1/androidx.resourceinspection/resourceinspection-annotation/1.0.1/8c21f8ff5d96d5d52c948707f7e4d6ca6773feef/resourceinspection-annotation-1.0.1.jar as it is up-to-date.
Transforming R.jar with ClasspathEntrySnapshotTransform
Transforming viewbinding-8.2.0-api.jar with ClasspathEntrySnapshotTransform
Transforming material-1.11.0-api.jar with ClasspathEntrySnapshotTransform
Transforming appcompat-1.6.1-api.jar with ClasspathEntrySnapshotTransform
Transforming viewpager2-1.1.0-beta02-api.jar with ClasspathEntrySnapshotTransform
Transforming fragment-1.3.6-api.jar with ClasspathEntrySnapshotTransform
Transforming activity-1.8.0-api.jar with ClasspathEntrySnapshotTransform
Transforming recyclerview-1.3.2-api.jar with ClasspathEntrySnapshotTransform
Transforming swiperefreshlayout-1.1.0-api.jar with ClasspathEntrySnapshotTransform
Transforming appcompat-resources-1.6.1-api.jar with ClasspathEntrySnapshotTransform
Transforming drawerlayout-1.1.1-api.jar with ClasspathEntrySnapshotTransform
Transforming coordinatorlayout-1.1.0-api.jar with ClasspathEntrySnapshotTransform
Transforming dynamicanimation-1.0.0-api.jar with ClasspathEntrySnapshotTransform
Transforming transition-1.2.0-api.jar with ClasspathEntrySnapshotTransform
Transforming vectordrawable-animated-1.1.0-api.jar with ClasspathEntrySnapshotTransform
Transforming vectordrawable-1.1.0-api.jar with ClasspathEntrySnapshotTransform
Transforming viewpager-1.0.0-api.jar with ClasspathEntrySnapshotTransform
Transforming customview-1.1.0-api.jar with ClasspathEntrySnapshotTransform
Transforming legacy-support-core-utils-1.0.0-api.jar with ClasspathEntrySnapshotTransform
Caching disabled for ClasspathEntrySnapshotTransform: /home/runner/work/HardwareInfoPro/HardwareInfoPro/app/build/intermediates/compile_and_runtime_not_namespaced_r_class_jar/debug/R.jar because:
  Build cache is disabled
Transforming loader-1.0.0-api.jar with ClasspathEntrySnapshotTransform
Transforming core-1.12.0-api.jar with ClasspathEntrySnapshotTransform
Skipping ClasspathEntrySnapshotTransform: /home/runner/work/HardwareInfoPro/HardwareInfoPro/app/build/intermediates/compile_and_runtime_not_namespaced_r_class_jar/debug/R.jar as it is up-to-date.
Transforming lifecycle-livedata-2.6.1-api.jar with ClasspathEntrySnapshotTransform
Transforming lifecycle-common-2.6.1.jar with ClasspathEntrySnapshotTransform
Transforming lifecycle-livedata-core-2.6.1-api.jar with ClasspathEntrySnapshotTransform
Transforming lifecycle-viewmodel-2.6.1-api.jar with ClasspathEntrySnapshotTransform
Transforming lifecycle-runtime-2.6.1-api.jar with ClasspathEntrySnapshotTransform
Transforming lifecycle-viewmodel-savedstate-2.6.1-api.jar with ClasspathEntrySnapshotTransform
Transforming core-ktx-1.12.0-api.jar with ClasspathEntrySnapshotTransform
Transforming savedstate-1.2.1-api.jar with ClasspathEntrySnapshotTransform
Transforming annotation-experimental-1.3.0-api.jar with ClasspathEntrySnapshotTransform
Transforming kotlinx-coroutines-core-jvm-1.7.3.jar with ClasspathEntrySnapshotTransform
Transforming kotlinx-coroutines-android-1.7.3.jar with ClasspathEntrySnapshotTransform
Transforming kotlin-stdlib-jdk8-1.8.22.jar with ClasspathEntrySnapshotTransform
Transforming cursoradapter-1.0.0-api.jar with ClasspathEntrySnapshotTransform
Caching disabled for ClasspathEntrySnapshotTransform: /home/runner/.gradle/caches/transforms-3/395f34ad9d0dade6bbae7d79c6633c53/transformed/viewbinding-8.2.0-api.jar because:
  Build cache is disabled
Transforming cardview-1.0.0-api.jar with ClasspathEntrySnapshotTransform
Transforming interpolator-1.0.0-api.jar with ClasspathEntrySnapshotTransform
Skipping ClasspathEntrySnapshotTransform: /home/runner/.gradle/caches/transforms-3/395f34ad9d0dade6bbae7d79c6633c53/transformed/viewbinding-8.2.0-api.jar as it is up-to-date.
Transforming versionedparcelable-1.1.1-api.jar with ClasspathEntrySnapshotTransform
Transforming collection-1.1.0.jar with ClasspathEntrySnapshotTransform
Transforming core-runtime-2.2.0-api.jar with ClasspathEntrySnapshotTransform
Transforming core-common-2.2.0.jar with ClasspathEntrySnapshotTransform
Transforming documentfile-1.0.0-api.jar with ClasspathEntrySnapshotTransform
Transforming localbroadcastmanager-1.0.0-api.jar with ClasspathEntrySnapshotTransform
Transforming print-1.0.0-api.jar with ClasspathEntrySnapshotTransform
Transforming annotation-jvm-1.6.0.jar with ClasspathEntrySnapshotTransform
Transforming kotlin-stdlib-jdk7-1.8.22.jar with ClasspathEntrySnapshotTransform
Transforming kotlin-stdlib-1.9.22.jar with ClasspathEntrySnapshotTransform
Transforming annotations-23.0.0.jar with ClasspathEntrySnapshotTransform
Transforming resourceinspection-annotation-1.0.1.jar with ClasspathEntrySnapshotTransform
Transforming constraintlayout-2.1.4-api.jar with ClasspathEntrySnapshotTransform
Transforming android.jar with ClasspathEntrySnapshotTransform
Transforming core-lambda-stubs.jar with ClasspathEntrySnapshotTransform
Caching disabled for ClasspathEntrySnapshotTransform: /home/runner/.gradle/caches/transforms-3/544a0068d45236ad9b29f4c9b1ecb2c9/transformed/appcompat-1.6.1-api.jar because:
  Build cache is disabled
Skipping ClasspathEntrySnapshotTransform: /home/runner/.gradle/caches/transforms-3/544a0068d45236ad9b29f4c9b1ecb2c9/transformed/appcompat-1.6.1-api.jar as it is up-to-date.
Caching disabled for ClasspathEntrySnapshotTransform: /home/runner/.gradle/caches/transforms-3/50713294a2f2dc07d0e811158e181c72/transformed/fragment-1.3.6-api.jar because:
  Build cache is disabled
Caching disabled for ClasspathEntrySnapshotTransform: /home/runner/.gradle/caches/transforms-3/92c1259a06605f3d06a4abb3c8d5a101/transformed/viewpager2-1.1.0-beta02-api.jar because:
  Build cache is disabled
Skipping ClasspathEntrySnapshotTransform: /home/runner/.gradle/caches/transforms-3/50713294a2f2dc07d0e811158e181c72/transformed/fragment-1.3.6-api.jar as it is up-to-date.
Skipping ClasspathEntrySnapshotTransform: /home/runner/.gradle/caches/transforms-3/92c1259a06605f3d06a4abb3c8d5a101/transformed/viewpager2-1.1.0-beta02-api.jar as it is up-to-date.
Caching disabled for ClasspathEntrySnapshotTransform: /home/runner/.gradle/caches/transforms-3/d75034f80c1f810b3bdcee04ac1d9ae9/transformed/activity-1.8.0-api.jar because:
  Build cache is disabled
Skipping ClasspathEntrySnapshotTransform: /home/runner/.gradle/caches/transforms-3/d75034f80c1f810b3bdcee04ac1d9ae9/transformed/activity-1.8.0-api.jar as it is up-to-date.
Caching disabled for ClasspathEntrySnapshotTransform: /home/runner/.gradle/caches/transforms-3/59fbce5d06d9c0f6d18bb2f50751710e/transformed/swiperefreshlayout-1.1.0-api.jar because:
  Build cache is disabled
Skipping ClasspathEntrySnapshotTransform: /home/runner/.gradle/caches/transforms-3/59fbce5d06d9c0f6d18bb2f50751710e/transformed/swiperefreshlayout-1.1.0-api.jar as it is up-to-date.
Caching disabled for ClasspathEntrySnapshotTransform: /home/runner/.gradle/caches/transforms-3/74642dea5800e14d54bca119b9960cb2/transformed/material-1.11.0-api.jar because:
  Build cache is disabled
Skipping ClasspathEntrySnapshotTransform: /home/runner/.gradle/caches/transforms-3/74642dea5800e14d54bca119b9960cb2/transformed/material-1.11.0-api.jar as it is up-to-date.
Caching disabled for ClasspathEntrySnapshotTransform: /home/runner/.gradle/caches/transforms-3/ea13a378b37ce35538c0d2ab58275ce0/transformed/recyclerview-1.3.2-api.jar because:
  Build cache is disabled
Skipping ClasspathEntrySnapshotTransform: /home/runner/.gradle/caches/transforms-3/ea13a378b37ce35538c0d2ab58275ce0/transformed/recyclerview-1.3.2-api.jar as it is up-to-date.
Caching disabled for ClasspathEntrySnapshotTransform: /home/runner/.gradle/caches/transforms-3/e2f4e84aeaca0f1acf19afd7b60af04f/transformed/appcompat-resources-1.6.1-api.jar because:
  Build cache is disabled
Skipping ClasspathEntrySnapshotTransform: /home/runner/.gradle/caches/transforms-3/e2f4e84aeaca0f1acf19afd7b60af04f/transformed/appcompat-resources-1.6.1-api.jar as it is up-to-date.
Caching disabled for ClasspathEntrySnapshotTransform: /home/runner/.gradle/caches/transforms-3/c741145f551b5515b1eaea5298e87aa9/transformed/drawerlayout-1.1.1-api.jar because:
  Build cache is disabled
Skipping ClasspathEntrySnapshotTransform: /home/runner/.gradle/caches/transforms-3/c741145f551b5515b1eaea5298e87aa9/transformed/drawerlayout-1.1.1-api.jar as it is up-to-date.
Caching disabled for ClasspathEntrySnapshotTransform: /home/runner/.gradle/caches/transforms-3/ce3974331af6c765a0c12d885f6a97b8/transformed/dynamicanimation-1.0.0-api.jar because:
  Build cache is disabled
Skipping ClasspathEntrySnapshotTransform: /home/runner/.gradle/caches/transforms-3/ce3974331af6c765a0c12d885f6a97b8/transformed/dynamicanimation-1.0.0-api.jar as it is up-to-date.
Caching disabled for ClasspathEntrySnapshotTransform: /home/runner/.gradle/caches/transforms-3/da27998bfd6eac7bd2ed20920abe8915/transformed/coordinatorlayout-1.1.0-api.jar because:
  Build cache is disabled
Skipping ClasspathEntrySnapshotTransform: /home/runner/.gradle/caches/transforms-3/da27998bfd6eac7bd2ed20920abe8915/transformed/coordinatorlayout-1.1.0-api.jar as it is up-to-date.
Caching disabled for ClasspathEntrySnapshotTransform: /home/runner/.gradle/caches/transforms-3/e5128962dd68cfca133553a847eb852d/transformed/transition-1.2.0-api.jar because:
  Build cache is disabled
Skipping ClasspathEntrySnapshotTransform: /home/runner/.gradle/caches/transforms-3/e5128962dd68cfca133553a847eb852d/transformed/transition-1.2.0-api.jar as it is up-to-date.
Caching disabled for ClasspathEntrySnapshotTransform: /home/runner/.gradle/caches/transforms-3/3b541ed73a3dbfa5c144f54cb285ea80/transformed/vectordrawable-animated-1.1.0-api.jar because:
  Build cache is disabled
Skipping ClasspathEntrySnapshotTransform: /home/runner/.gradle/caches/transforms-3/3b541ed73a3dbfa5c144f54cb285ea80/transformed/vectordrawable-animated-1.1.0-api.jar as it is up-to-date.
Caching disabled for ClasspathEntrySnapshotTransform: /home/runner/.gradle/caches/transforms-3/a6ec44e7826cc38eb09281ed15d2b538/transformed/customview-1.1.0-api.jar because:
  Build cache is disabled
Skipping ClasspathEntrySnapshotTransform: /home/runner/.gradle/caches/transforms-3/a6ec44e7826cc38eb09281ed15d2b538/transformed/customview-1.1.0-api.jar as it is up-to-date.
Caching disabled for ClasspathEntrySnapshotTransform: /home/runner/.gradle/caches/transforms-3/b34dead64360dc052af575a30bb48330/transformed/vectordrawable-1.1.0-api.jar because:
  Build cache is disabled
Caching disabled for ClasspathEntrySnapshotTransform: /home/runner/.gradle/caches/transforms-3/22142694f01444def3260342733c87ce/transformed/legacy-support-core-utils-1.0.0-api.jar because:
  Build cache is disabled
Caching disabled for ClasspathEntrySnapshotTransform: /home/runner/.gradle/caches/transforms-3/818645e03bc2142eab2e1a951b8f0689/transformed/viewpager-1.0.0-api.jar because:
  Build cache is disabled
Skipping ClasspathEntrySnapshotTransform: /home/runner/.gradle/caches/transforms-3/b34dead64360dc052af575a30bb48330/transformed/vectordrawable-1.1.0-api.jar as it is up-to-date.
Skipping ClasspathEntrySnapshotTransform: /home/runner/.gradle/caches/transforms-3/818645e03bc2142eab2e1a951b8f0689/transformed/viewpager-1.0.0-api.jar as it is up-to-date.
Skipping ClasspathEntrySnapshotTransform: /home/runner/.gradle/caches/transforms-3/22142694f01444def3260342733c87ce/transformed/legacy-support-core-utils-1.0.0-api.jar as it is up-to-date.
Caching disabled for ClasspathEntrySnapshotTransform: /home/runner/.gradle/caches/transforms-3/3ace4157de147021bf9b4f9e4269b465/transformed/loader-1.0.0-api.jar because:
  Build cache is disabled
Skipping ClasspathEntrySnapshotTransform: /home/runner/.gradle/caches/transforms-3/3ace4157de147021bf9b4f9e4269b465/transformed/loader-1.0.0-api.jar as it is up-to-date.
Caching disabled for ClasspathEntrySnapshotTransform: /home/runner/.gradle/caches/transforms-3/34c2f6b9b4f197c04ddbd2c6e3364c90/transformed/lifecycle-livedata-2.6.1-api.jar because:
  Build cache is disabled
Skipping ClasspathEntrySnapshotTransform: /home/runner/.gradle/caches/transforms-3/34c2f6b9b4f197c04ddbd2c6e3364c90/transformed/lifecycle-livedata-2.6.1-api.jar as it is up-to-date.
Caching disabled for ClasspathEntrySnapshotTransform: /home/runner/.gradle/caches/modules-2/files-2.1/androidx.lifecycle/lifecycle-common/2.6.1/10f354fdb64868baecd67128560c5a0d6312c495/lifecycle-common-2.6.1.jar because:
  Build cache is disabled
Skipping ClasspathEntrySnapshotTransform: /home/runner/.gradle/caches/modules-2/files-2.1/androidx.lifecycle/lifecycle-common/2.6.1/10f354fdb64868baecd67128560c5a0d6312c495/lifecycle-common-2.6.1.jar as it is up-to-date.
Caching disabled for ClasspathEntrySnapshotTransform: /home/runner/.gradle/caches/transforms-3/a0e9626bd6e90054d41d89259d151fa0/transformed/core-1.12.0-api.jar because:
  Build cache is disabled
Skipping ClasspathEntrySnapshotTransform: /home/runner/.gradle/caches/transforms-3/a0e9626bd6e90054d41d89259d151fa0/transformed/core-1.12.0-api.jar as it is up-to-date.
Caching disabled for ClasspathEntrySnapshotTransform: /home/runner/.gradle/caches/transforms-3/c3f35406902eae9c4198671644a424cd/transformed/lifecycle-livedata-core-2.6.1-api.jar because:
  Build cache is disabled
Skipping ClasspathEntrySnapshotTransform: /home/runner/.gradle/caches/transforms-3/c3f35406902eae9c4198671644a424cd/transformed/lifecycle-livedata-core-2.6.1-api.jar as it is up-to-date.
Caching disabled for ClasspathEntrySnapshotTransform: /home/runner/.gradle/caches/transforms-3/0d1ae82aa7d2fe6e7074d856f6337ed1/transformed/lifecycle-viewmodel-2.6.1-api.jar because:
  Build cache is disabled
Skipping ClasspathEntrySnapshotTransform: /home/runner/.gradle/caches/transforms-3/0d1ae82aa7d2fe6e7074d856f6337ed1/transformed/lifecycle-viewmodel-2.6.1-api.jar as it is up-to-date.
Caching disabled for ClasspathEntrySnapshotTransform: /home/runner/.gradle/caches/transforms-3/2bd24ee0ea0acaa5ca7d1ab99450f391/transformed/lifecycle-viewmodel-savedstate-2.6.1-api.jar because:
  Build cache is disabled
Skipping ClasspathEntrySnapshotTransform: /home/runner/.gradle/caches/transforms-3/2bd24ee0ea0acaa5ca7d1ab99450f391/transformed/lifecycle-viewmodel-savedstate-2.6.1-api.jar as it is up-to-date.
Caching disabled for ClasspathEntrySnapshotTransform: /home/runner/.gradle/caches/transforms-3/a07480f127f792b517b23c01e0bf8b43/transformed/lifecycle-runtime-2.6.1-api.jar because:
  Build cache is disabled
Skipping ClasspathEntrySnapshotTransform: /home/runner/.gradle/caches/transforms-3/a07480f127f792b517b23c01e0bf8b43/transformed/lifecycle-runtime-2.6.1-api.jar as it is up-to-date.
Caching disabled for ClasspathEntrySnapshotTransform: /home/runner/.gradle/caches/transforms-3/fef18aa9bf555536995533dfabc6800a/transformed/core-ktx-1.12.0-api.jar because:
  Build cache is disabled
Skipping ClasspathEntrySnapshotTransform: /home/runner/.gradle/caches/transforms-3/fef18aa9bf555536995533dfabc6800a/transformed/core-ktx-1.12.0-api.jar as it is up-to-date.
Caching disabled for ClasspathEntrySnapshotTransform: /home/runner/.gradle/caches/transforms-3/cabaa9083219514bb5824b19e23fce51/transformed/savedstate-1.2.1-api.jar because:
  Build cache is disabled
Skipping ClasspathEntrySnapshotTransform: /home/runner/.gradle/caches/transforms-3/cabaa9083219514bb5824b19e23fce51/transformed/savedstate-1.2.1-api.jar as it is up-to-date.
Caching disabled for ClasspathEntrySnapshotTransform: /home/runner/.gradle/caches/transforms-3/11325832336efa260ada8f12751f9042/transformed/annotation-experimental-1.3.0-api.jar because:
  Build cache is disabled
Skipping ClasspathEntrySnapshotTransform: /home/runner/.gradle/caches/transforms-3/11325832336efa260ada8f12751f9042/transformed/annotation-experimental-1.3.0-api.jar as it is up-to-date.
Caching disabled for ClasspathEntrySnapshotTransform: /home/runner/.gradle/caches/modules-2/files-2.1/org.jetbrains.kotlinx/kotlinx-coroutines-core-jvm/1.7.3/2b09627576f0989a436a00a4a54b55fa5026fb86/kotlinx-coroutines-core-jvm-1.7.3.jar because:
  Build cache is disabled
Skipping ClasspathEntrySnapshotTransform: /home/runner/.gradle/caches/modules-2/files-2.1/org.jetbrains.kotlinx/kotlinx-coroutines-core-jvm/1.7.3/2b09627576f0989a436a00a4a54b55fa5026fb86/kotlinx-coroutines-core-jvm-1.7.3.jar as it is up-to-date.
Caching disabled for ClasspathEntrySnapshotTransform: /home/runner/.gradle/caches/modules-2/files-2.1/org.jetbrains.kotlinx/kotlinx-coroutines-android/1.7.3/38d9cad3a0b03a10453b56577984bdeb48edeed5/kotlinx-coroutines-android-1.7.3.jar because:
  Build cache is disabled
Caching disabled for ClasspathEntrySnapshotTransform: /home/runner/.gradle/caches/transforms-3/b25af1b0c5b2db5c39aba9fd14688f5f/transformed/cursoradapter-1.0.0-api.jar because:
  Build cache is disabled
Skipping ClasspathEntrySnapshotTransform: /home/runner/.gradle/caches/modules-2/files-2.1/org.jetbrains.kotlinx/kotlinx-coroutines-android/1.7.3/38d9cad3a0b03a10453b56577984bdeb48edeed5/kotlinx-coroutines-android-1.7.3.jar as it is up-to-date.
Skipping ClasspathEntrySnapshotTransform: /home/runner/.gradle/caches/transforms-3/b25af1b0c5b2db5c39aba9fd14688f5f/transformed/cursoradapter-1.0.0-api.jar as it is up-to-date.
Caching disabled for ClasspathEntrySnapshotTransform: /home/runner/.gradle/caches/modules-2/files-2.1/org.jetbrains.kotlin/kotlin-stdlib-jdk8/1.8.22/b25c86d47d6b962b9cf0f8c3f320c8a10eea3dd1/kotlin-stdlib-jdk8-1.8.22.jar because:
  Build cache is disabled
Skipping ClasspathEntrySnapshotTransform: /home/runner/.gradle/caches/modules-2/files-2.1/org.jetbrains.kotlin/kotlin-stdlib-jdk8/1.8.22/b25c86d47d6b962b9cf0f8c3f320c8a10eea3dd1/kotlin-stdlib-jdk8-1.8.22.jar as it is up-to-date.
Caching disabled for ClasspathEntrySnapshotTransform: /home/runner/.gradle/caches/transforms-3/f5ca95ef07b997f2177a9beeb1f0738a/transformed/cardview-1.0.0-api.jar because:
  Build cache is disabled
Skipping ClasspathEntrySnapshotTransform: /home/runner/.gradle/caches/transforms-3/f5ca95ef07b997f2177a9beeb1f0738a/transformed/cardview-1.0.0-api.jar as it is up-to-date.
Caching disabled for ClasspathEntrySnapshotTransform: /home/runner/.gradle/caches/transforms-3/98eabbe22522e0cd4767a42c6ff0d891/transformed/versionedparcelable-1.1.1-api.jar because:
  Build cache is disabled
Caching disabled for ClasspathEntrySnapshotTransform: /home/runner/.gradle/caches/modules-2/files-2.1/androidx.collection/collection/1.1.0/1f27220b47669781457de0d600849a5de0e89909/collection-1.1.0.jar because:
  Build cache is disabled
Skipping ClasspathEntrySnapshotTransform: /home/runner/.gradle/caches/transforms-3/98eabbe22522e0cd4767a42c6ff0d891/transformed/versionedparcelable-1.1.1-api.jar as it is up-to-date.
Skipping ClasspathEntrySnapshotTransform: /home/runner/.gradle/caches/modules-2/files-2.1/androidx.collection/collection/1.1.0/1f27220b47669781457de0d600849a5de0e89909/collection-1.1.0.jar as it is up-to-date.
Caching disabled for ClasspathEntrySnapshotTransform: /home/runner/.gradle/caches/transforms-3/5f3a8fc9b5d63675e22acb6a64623073/transformed/interpolator-1.0.0-api.jar because:
  Build cache is disabled
Skipping ClasspathEntrySnapshotTransform: /home/runner/.gradle/caches/transforms-3/5f3a8fc9b5d63675e22acb6a64623073/transformed/interpolator-1.0.0-api.jar as it is up-to-date.
Caching disabled for ClasspathEntrySnapshotTransform: /home/runner/.gradle/caches/modules-2/files-2.1/androidx.arch.core/core-common/2.2.0/5e1b8b81dfd5f52c56a8d53b18ca759c19a301f3/core-common-2.2.0.jar because:
  Build cache is disabled
Skipping ClasspathEntrySnapshotTransform: /home/runner/.gradle/caches/modules-2/files-2.1/androidx.arch.core/core-common/2.2.0/5e1b8b81dfd5f52c56a8d53b18ca759c19a301f3/core-common-2.2.0.jar as it is up-to-date.
Caching disabled for ClasspathEntrySnapshotTransform: /home/runner/.gradle/caches/transforms-3/0e05274a030a72befcff15ed6614ad84/transformed/core-runtime-2.2.0-api.jar because:
  Build cache is disabled
Skipping ClasspathEntrySnapshotTransform: /home/runner/.gradle/caches/transforms-3/0e05274a030a72befcff15ed6614ad84/transformed/core-runtime-2.2.0-api.jar as it is up-to-date.
Caching disabled for ClasspathEntrySnapshotTransform: /home/runner/.gradle/caches/transforms-3/7047e2fe9ed6908ddb068c2727bf5340/transformed/documentfile-1.0.0-api.jar because:
  Build cache is disabled
Skipping ClasspathEntrySnapshotTransform: /home/runner/.gradle/caches/transforms-3/7047e2fe9ed6908ddb068c2727bf5340/transformed/documentfile-1.0.0-api.jar as it is up-to-date.
Caching disabled for ClasspathEntrySnapshotTransform: /home/runner/.gradle/caches/transforms-3/6e45c01172ce153bcd052d73eb331753/transformed/print-1.0.0-api.jar because:
  Build cache is disabled
Skipping ClasspathEntrySnapshotTransform: /home/runner/.gradle/caches/transforms-3/6e45c01172ce153bcd052d73eb331753/transformed/print-1.0.0-api.jar as it is up-to-date.
Caching disabled for ClasspathEntrySnapshotTransform: /home/runner/.gradle/caches/transforms-3/7e99c7535adcbc2a56f4093c9b6fdf3b/transformed/localbroadcastmanager-1.0.0-api.jar because:
  Build cache is disabled
Skipping ClasspathEntrySnapshotTransform: /home/runner/.gradle/caches/transforms-3/7e99c7535adcbc2a56f4093c9b6fdf3b/transformed/localbroadcastmanager-1.0.0-api.jar as it is up-to-date.
Caching disabled for ClasspathEntrySnapshotTransform: /home/runner/.gradle/caches/modules-2/files-2.1/androidx.annotation/annotation-jvm/1.6.0/a7257339a052df0f91433cf9651231bbb802b502/annotation-jvm-1.6.0.jar because:
  Build cache is disabled
Skipping ClasspathEntrySnapshotTransform: /home/runner/.gradle/caches/modules-2/files-2.1/androidx.annotation/annotation-jvm/1.6.0/a7257339a052df0f91433cf9651231bbb802b502/annotation-jvm-1.6.0.jar as it is up-to-date.
Caching disabled for ClasspathEntrySnapshotTransform: /home/runner/.gradle/caches/modules-2/files-2.1/org.jetbrains.kotlin/kotlin-stdlib-jdk7/1.8.22/4dabb8248310d833bb6a8b516024a91fd3d275c/kotlin-stdlib-jdk7-1.8.22.jar because:
  Build cache is disabled
Caching disabled for ClasspathEntrySnapshotTransform: /home/runner/.gradle/caches/modules-2/files-2.1/org.jetbrains.kotlin/kotlin-stdlib/1.9.22/d6c44cd08d8f3f9bece8101216dbe6553365c6e3/kotlin-stdlib-1.9.22.jar because:
  Build cache is disabled
Skipping ClasspathEntrySnapshotTransform: /home/runner/.gradle/caches/modules-2/files-2.1/org.jetbrains.kotlin/kotlin-stdlib-jdk7/1.8.22/4dabb8248310d833bb6a8b516024a91fd3d275c/kotlin-stdlib-jdk7-1.8.22.jar as it is up-to-date.
Skipping ClasspathEntrySnapshotTransform: /home/runner/.gradle/caches/modules-2/files-2.1/org.jetbrains.kotlin/kotlin-stdlib/1.9.22/d6c44cd08d8f3f9bece8101216dbe6553365c6e3/kotlin-stdlib-1.9.22.jar as it is up-to-date.
Caching disabled for ClasspathEntrySnapshotTransform: /home/runner/.gradle/caches/modules-2/files-2.1/org.jetbrains/annotations/23.0.0/8cc20c07506ec18e0834947b84a864bfc094484e/annotations-23.0.0.jar because:
  Build cache is disabled
Skipping ClasspathEntrySnapshotTransform: /home/runner/.gradle/caches/modules-2/files-2.1/org.jetbrains/annotations/23.0.0/8cc20c07506ec18e0834947b84a864bfc094484e/annotations-23.0.0.jar as it is up-to-date.
Caching disabled for ClasspathEntrySnapshotTransform: /home/runner/.gradle/caches/modules-2/files-2.1/androidx.resourceinspection/resourceinspection-annotation/1.0.1/8c21f8ff5d96d5d52c948707f7e4d6ca6773feef/resourceinspection-annotation-1.0.1.jar because:
  Build cache is disabled
Skipping ClasspathEntrySnapshotTransform: /home/runner/.gradle/caches/modules-2/files-2.1/androidx.resourceinspection/resourceinspection-annotation/1.0.1/8c21f8ff5d96d5d52c948707f7e4d6ca6773feef/resourceinspection-annotation-1.0.1.jar as it is up-to-date.
Caching disabled for ClasspathEntrySnapshotTransform: /usr/local/lib/android/sdk/platforms/android-34/android.jar because:
  Build cache is disabled
Skipping ClasspathEntrySnapshotTransform: /usr/local/lib/android/sdk/platforms/android-34/android.jar as it is up-to-date.
Caching disabled for ClasspathEntrySnapshotTransform: /home/runner/.gradle/caches/transforms-3/870e9cefb45cb127cc08be4a2c04adf8/transformed/constraintlayout-2.1.4-api.jar because:
  Build cache is disabled
Skipping ClasspathEntrySnapshotTransform: /home/runner/.gradle/caches/transforms-3/870e9cefb45cb127cc08be4a2c04adf8/transformed/constraintlayout-2.1.4-api.jar as it is up-to-date.
Caching disabled for ClasspathEntrySnapshotTransform: /usr/local/lib/android/sdk/build-tools/34.0.0/core-lambda-stubs.jar because:
  Build cache is disabled
Skipping ClasspathEntrySnapshotTransform: /usr/local/lib/android/sdk/build-tools/34.0.0/core-lambda-stubs.jar as it is up-to-date.
Caching disabled for task ':app:compileDebugKotlin' because:
  Build cache is disabled
Task ':app:compileDebugKotlin' is not up-to-date because:
  Task has failed previously.
The input changes require a full rebuild for incremental task ':app:compileDebugKotlin'.
Watching 186 directories to track changes
Watching 185 directories to track changes
Watching 180 directories to track changes
file or directory '/home/runner/work/HardwareInfoPro/HardwareInfoPro/app/src/debug/kotlin', not found
file or directory '/home/runner/work/HardwareInfoPro/HardwareInfoPro/app/src/debug/kotlin', not found
file or directory '/home/runner/work/HardwareInfoPro/HardwareInfoPro/app/src/debug/java', not found
file or directory '/home/runner/work/HardwareInfoPro/HardwareInfoPro/app/src/debug/kotlin', not found
file or directory '/home/runner/work/HardwareInfoPro/HardwareInfoPro/app/src/debug/java', not found
file or directory '/home/runner/work/HardwareInfoPro/HardwareInfoPro/app/src/main/kotlin', not found
file or directory '/home/runner/work/HardwareInfoPro/HardwareInfoPro/app/src/main/kotlin', not found
file or directory '/home/runner/work/HardwareInfoPro/HardwareInfoPro/app/src/main/kotlin', not found
file or directory '/home/runner/work/HardwareInfoPro/HardwareInfoPro/app/src/debug/java', not found
file or directory '/home/runner/work/HardwareInfoPro/HardwareInfoPro/app/src/debug/kotlin', not found
file or directory '/home/runner/work/HardwareInfoPro/HardwareInfoPro/app/src/debug/kotlin', not found
file or directory '/home/runner/work/HardwareInfoPro/HardwareInfoPro/app/src/debug/java', not found
file or directory '/home/runner/work/HardwareInfoPro/HardwareInfoPro/app/src/debug/kotlin', not found
file or directory '/home/runner/work/HardwareInfoPro/HardwareInfoPro/app/src/debug/java', not found
file or directory '/home/runner/work/HardwareInfoPro/HardwareInfoPro/app/src/main/kotlin', not found
file or directory '/home/runner/work/HardwareInfoPro/HardwareInfoPro/app/src/main/kotlin', not found
file or directory '/home/runner/work/HardwareInfoPro/HardwareInfoPro/app/src/debug/kotlin', not found
file or directory '/home/runner/work/HardwareInfoPro/HardwareInfoPro/app/src/debug/kotlin', not found
file or directory '/home/runner/work/HardwareInfoPro/HardwareInfoPro/app/src/debug/java', not found
file or directory '/home/runner/work/HardwareInfoPro/HardwareInfoPro/app/src/debug/kotlin', not found
file or directory '/home/runner/work/HardwareInfoPro/HardwareInfoPro/app/src/debug/java', not found
file or directory '/home/runner/work/HardwareInfoPro/HardwareInfoPro/app/src/main/kotlin', not found
file or directory '/home/runner/work/HardwareInfoPro/HardwareInfoPro/app/src/main/kotlin', not found
file or directory '/home/runner/work/HardwareInfoPro/HardwareInfoPro/app/src/main/kotlin', not found
file or directory '/home/runner/work/HardwareInfoPro/HardwareInfoPro/app/src/debug/java', not found
file or directory '/home/runner/work/HardwareInfoPro/HardwareInfoPro/app/src/debug/kotlin', not found
file or directory '/home/runner/work/HardwareInfoPro/HardwareInfoPro/app/src/debug/kotlin', not found
file or directory '/home/runner/work/HardwareInfoPro/HardwareInfoPro/app/src/debug/java', not found
file or directory '/home/runner/work/HardwareInfoPro/HardwareInfoPro/app/src/debug/kotlin', not found
file or directory '/home/runner/work/HardwareInfoPro/HardwareInfoPro/app/src/debug/java', not found
file or directory '/home/runner/work/HardwareInfoPro/HardwareInfoPro/app/src/main/kotlin', not found
file or directory '/home/runner/work/HardwareInfoPro/HardwareInfoPro/app/src/main/kotlin', not found
file or directory '/home/runner/work/HardwareInfoPro/HardwareInfoPro/app/src/main/kotlin', not found
file or directory '/home/runner/work/HardwareInfoPro/HardwareInfoPro/app/src/debug/java', not found
file or directory '/home/runner/work/HardwareInfoPro/HardwareInfoPro/app/src/debug/kotlin', not found
file or directory '/home/runner/work/HardwareInfoPro/HardwareInfoPro/app/src/debug/kotlin', not found
file or directory '/home/runner/work/HardwareInfoPro/HardwareInfoPro/app/src/debug/java', not found
file or directory '/home/runner/work/HardwareInfoPro/HardwareInfoPro/app/src/debug/kotlin', not found
file or directory '/home/runner/work/HardwareInfoPro/HardwareInfoPro/app/src/debug/java', not found
file or directory '/home/runner/work/HardwareInfoPro/HardwareInfoPro/app/src/main/kotlin', not found
file or directory '/home/runner/work/HardwareInfoPro/HardwareInfoPro/app/src/main/kotlin', not found
file or directory '/home/runner/work/HardwareInfoPro/HardwareInfoPro/app/src/main/kotlin', not found
file or directory '/home/runner/work/HardwareInfoPro/HardwareInfoPro/app/src/debug/java', not found
Kotlin source files: /home/runner/work/HardwareInfoPro/HardwareInfoPro/app/src/main/java/com/hardwareinfopro/app/HardwareInfoAdapter.kt, /home/runner/work/HardwareInfoPro/HardwareInfoPro/app/src/main/java/com/hardwareinfopro/app/Models.kt, /home/runner/work/HardwareInfoPro/HardwareInfoPro/app/src/main/java/com/hardwareinfopro/app/MainActivity.kt, /home/runner/work/HardwareInfoPro/HardwareInfoPro/app/src/main/java/com/hardwareinfopro/app/HardwareInfoManager.kt
Java source files: /home/runner/work/HardwareInfoPro/HardwareInfoPro/app/build/generated/data_binding_base_class_source_out/debug/out/com/hardwareinfopro/app/databinding/ItemInfoRowBinding.java, /home/runner/work/HardwareInfoPro/HardwareInfoPro/app/build/generated/data_binding_base_class_source_out/debug/out/com/hardwareinfopro/app/databinding/ItemCategoryHeaderBinding.java, /home/runner/work/HardwareInfoPro/HardwareInfoPro/app/build/generated/data_binding_base_class_source_out/debug/out/com/hardwareinfopro/app/databinding/ActivityMainBinding.java
Script source files: 
Script file extensions: 
Using Kotlin/JVM incremental compilation
[KOTLIN] Kotlin compilation 'jdkHome' argument: null
i: starting the daemon as: /usr/lib/jvm/temurin-17-jdk-amd64/bin/java -cp /home/runner/.gradle/caches/modules-2/files-2.1/org.jetbrains.kotlin/kotlin-compiler-embeddable/1.9.22/9cd4dc7773cf2a99ecd961a88fbbc9a2da3fb5e1/kotlin-compiler-embeddable-1.9.22.jar:/home/runner/.gradle/caches/modules-2/files-2.1/org.jetbrains.kotlin/kotlin-stdlib/1.9.22/d6c44cd08d8f3f9bece8101216dbe6553365c6e3/kotlin-stdlib-1.9.22.jar:/home/runner/.gradle/caches/modules-2/files-2.1/org.jetbrains.kotlin/kotlin-script-runtime/1.9.22/f8139a46fc677ec9badc49ae954392f4f5e7e7c7/kotlin-script-runtime-1.9.22.jar:/home/runner/.gradle/caches/modules-2/files-2.1/org.jetbrains.kotlin/kotlin-reflect/1.6.10/1cbe9c92c12a94eea200d23c2bbaedaf3daf5132/kotlin-reflect-1.6.10.jar:/home/runner/.gradle/caches/modules-2/files-2.1/org.jetbrains.kotlin/kotlin-daemon-embeddable/1.9.22/20e2c5df715f3240c765cfc222530e2796542021/kotlin-daemon-embeddable-1.9.22.jar:/home/runner/.gradle/caches/modules-2/files-2.1/org.jetbrains.intellij.deps/trove4j/1.0.20200330/3afb14d5f9ceb459d724e907a21145e8ff394f02/trove4j-1.0.20200330.jar:/home/runner/.gradle/caches/modules-2/files-2.1/org.jetbrains/annotations/13.0/919f0dfe192fb4e063e7dacadee7f8bb9a2672a9/annotations-13.0.jar -Djava.awt.headless=true -D$java.rmi.server.hostname=127.0.0.1 -Xmx2048m -Dkotlin.environment.keepalive -ea --add-exports java.base/sun.nio.ch=ALL-UNNAMED org.jetbrains.kotlin.daemon.KotlinCompileDaemon --daemon-runFilesPath /home/runner/.kotlin/daemon --daemon-autoshutdownIdleSeconds=7200 --daemon-compilerClasspath /home/runner/.gradle/caches/modules-2/files-2.1/org.jetbrains.kotlin/kotlin-compiler-embeddable/1.9.22/9cd4dc7773cf2a99ecd961a88fbbc9a2da3fb5e1/kotlin-compiler-embeddable-1.9.22.jar:/home/runner/.gradle/caches/modules-2/files-2.1/org.jetbrains.kotlin/kotlin-stdlib/1.9.22/d6c44cd08d8f3f9bece8101216dbe6553365c6e3/kotlin-stdlib-1.9.22.jar:/home/runner/.gradle/caches/modules-2/files-2.1/org.jetbrains.kotlin/kotlin-script-runtime/1.9.22/f8139a46fc677ec9badc49ae954392f4f5e7e7c7/kotlin-script-runtime-1.9.22.jar:/home/runner/.gradle/caches/modules-2/files-2.1/org.jetbrains.kotlin/kotlin-reflect/1.6.10/1cbe9c92c12a94eea200d23c2bbaedaf3daf5132/kotlin-reflect-1.6.10.jar:/home/runner/.gradle/caches/modules-2/files-2.1/org.jetbrains.kotlin/kotlin-daemon-embeddable/1.9.22/20e2c5df715f3240c765cfc222530e2796542021/kotlin-daemon-embeddable-1.9.22.jar:/home/runner/.gradle/caches/modules-2/files-2.1/org.jetbrains.intellij.deps/trove4j/1.0.20200330/3afb14d5f9ceb459d724e907a21145e8ff394f02/trove4j-1.0.20200330.jar:/home/runner/.gradle/caches/modules-2/files-2.1/org.jetbrains/annotations/13.0/919f0dfe192fb4e063e7dacadee7f8bb9a2672a9/annotations-13.0.jar
i: Received the message signalling that the daemon is ready
i: new daemon started, trying to find it
i: found daemon on port 17690 (21 ms old), trying to connect
i: connected to the daemon
Options for KOTLIN DAEMON: IncrementalCompilationOptions(super=CompilationOptions(compilerMode=INCREMENTAL_COMPILER, targetPlatform=JVM, reportCategories=[0, 3], reportSeverity=2, requestedCompilationResults=[0], kotlinScriptExtensions=[]), areFileChangesKnown=false, modifiedFiles=null, deletedFiles=null, classpathChanges=NotAvailableForNonIncrementalRun, workingDir=/home/runner/work/HardwareInfoPro/HardwareInfoPro/app/build/kotlin/compileDebugKotlin/cacheable, multiModuleICSettings=MultiModuleICSettings(buildHistoryFile=/home/runner/work/HardwareInfoPro/HardwareInfoPro/app/build/kotlin/compileDebugKotlin/local-state/build-history.bin, useModuleDetection=true), usePreciseJavaTracking=true, outputFiles=[/home/runner/work/HardwareInfoPro/HardwareInfoPro/app/build/tmp/kotlin-classes/debug, /home/runner/work/HardwareInfoPro/HardwareInfoPro/app/build/kotlin/compileDebugKotlin/cacheable, /home/runner/work/HardwareInfoPro/HardwareInfoPro/app/build/kotlin/compileDebugKotlin/local-state])
e: file:///home/runner/work/HardwareInfoPro/HardwareInfoPro/app/src/main/java/com/hardwareinfopro/app/HardwareInfoManager.kt:112:52 Type mismatch: inferred type is Unit but Boolean was expected
e: file:///home/runner/work/HardwareInfoPro/HardwareInfoPro/app/src/main/java/com/hardwareinfopro/app/HardwareInfoManager.kt:112:57 Unresolved reference: isGLFeature
e: file:///home/runner/work/HardwareInfoPro/HardwareInfoPro/app/src/main/java/com/hardwareinfopro/app/HardwareInfoManager.kt:704:47 Unresolved reference: WIFI_STANDARD_LEGACY
e: file:///home/runner/work/HardwareInfoPro/HardwareInfoPro/app/src/main/java/com/hardwareinfopro/app/HardwareInfoManager.kt:705:47 Unresolved reference: WIFI_STANDARD_11N
e: file:///home/runner/work/HardwareInfoPro/HardwareInfoPro/app/src/main/java/com/hardwareinfopro/app/HardwareInfoManager.kt:706:47 Unresolved reference: WIFI_STANDARD_11AC
e: file:///home/runner/work/HardwareInfoPro/HardwareInfoPro/app/src/main/java/com/hardwareinfopro/app/HardwareInfoManager.kt:707:47 Unresolved reference: WIFI_STANDARD_11AX
e: file:///home/runner/work/HardwareInfoPro/HardwareInfoPro/app/src/main/java/com/hardwareinfopro/app/HardwareInfoManager.kt:708:47 Unresolved reference: WIFI_STANDARD_11BE
e: file:///home/runner/work/HardwareInfoPro/HardwareInfoPro/app/src/main/java/com/hardwareinfopro/app/HardwareInfoManager.kt:1061:99 Unresolved reference: isNdefPushEnabled
Watching 210 directories to track changes
Watching 211 directories to track changes
Watching 216 directories to track changes

> Task :app:compileDebugKotlin FAILED

FAILURE: Build failed with an exception.

* What went wrong:
Execution failed for task ':app:compileDebugKotlin'.
> A failure occurred while executing org.jetbrains.kotlin.compilerRunner.GradleCompilerRunnerWithWorkers$GradleKotlinCompilerWorkAction
   > Compilation error. See log for more details

* Try:
> Run with --debug option to get more log output.
> Run with --scan to get full insights.
> Get more help at https://help.gradle.org.

* Exception is:
org.gradle.api.tasks.TaskExecutionException: Execution failed for task ':app:compileDebugKotlin'.
	at org.gradle.api.internal.tasks.execution.ExecuteActionsTaskExecuter.lambda$executeIfValid$1(ExecuteActionsTaskExecuter.java:149)
	at org.gradle.internal.Try$Failure.ifSuccessfulOrElse(Try.java:282)
	at org.gradle.api.internal.tasks.execution.ExecuteActionsTaskExecuter.executeIfValid(ExecuteActionsTaskExecuter.java:147)
	at org.gradle.api.internal.tasks.execution.ExecuteActionsTaskExecuter.execute(ExecuteActionsTaskExecuter.java:135)
	at org.gradle.api.internal.tasks.execution.FinalizePropertiesTaskExecuter.execute(FinalizePropertiesTaskExecuter.java:46)
	at org.gradle.api.internal.tasks.execution.ResolveTaskExecutionModeExecuter.execute(ResolveTaskExecutionModeExecuter.java:51)
	at org.gradle.api.internal.tasks.execution.SkipTaskWithNoActionsExecuter.execute(SkipTaskWithNoActionsExecuter.java:57)
	at org.gradle.api.internal.tasks.execution.SkipOnlyIfTaskExecuter.execute(SkipOnlyIfTaskExecuter.java:74)
	at org.gradle.api.internal.tasks.execution.CatchExceptionTaskExecuter.execute(CatchExceptionTaskExecuter.java:36)
	at org.gradle.api.internal.tasks.execution.EventFiringTaskExecuter$1.executeTask(EventFiringTaskExecuter.java:77)
	at org.gradle.api.internal.tasks.execution.EventFiringTaskExecuter$1.call(EventFiringTaskExecuter.java:55)
	at org.gradle.api.internal.tasks.execution.EventFiringTaskExecuter$1.call(EventFiringTaskExecuter.java:52)
	at org.gradle.internal.operations.DefaultBuildOperationRunner$CallableBuildOperationWorker.execute(DefaultBuildOperationRunner.java:204)
	at org.gradle.internal.operations.DefaultBuildOperationRunner$CallableBuildOperationWorker.execute(DefaultBuildOperationRunner.java:199)
	at org.gradle.internal.operations.DefaultBuildOperationRunner$2.execute(DefaultBuildOperationRunner.java:66)
	at org.gradle.internal.operations.DefaultBuildOperationRunner$2.execute(DefaultBuildOperationRunner.java:59)
	at org.gradle.internal.operations.DefaultBuildOperationRunner.execute(DefaultBuildOperationRunner.java:157)
	at org.gradle.internal.operations.DefaultBuildOperationRunner.execute(DefaultBuildOperationRunner.java:59)
	at org.gradle.internal.operations.DefaultBuildOperationRunner.call(DefaultBuildOperationRunner.java:53)
	at org.gradle.internal.operations.DefaultBuildOperationExecutor.call(DefaultBuildOperationExecutor.java:73)
	at org.gradle.api.internal.tasks.execution.EventFiringTaskExecuter.execute(EventFiringTaskExecuter.java:52)
	at org.gradle.execution.plan.LocalTaskNodeExecutor.execute(LocalTaskNodeExecutor.java:42)
	at org.gradle.execution.taskgraph.DefaultTaskExecutionGraph$InvokeNodeExecutorsAction.execute(DefaultTaskExecutionGraph.java:337)
	at org.gradle.execution.taskgraph.DefaultTaskExecutionGraph$InvokeNodeExecutorsAction.execute(DefaultTaskExecutionGraph.java:324)
	at org.gradle.execution.taskgraph.DefaultTaskExecutionGraph$BuildOperationAwareExecutionAction.execute(DefaultTaskExecutionGraph.java:317)
	at org.gradle.execution.taskgraph.DefaultTaskExecutionGraph$BuildOperationAwareExecutionAction.execute(DefaultTaskExecutionGraph.java:303)
	at org.gradle.execution.plan.DefaultPlanExecutor$ExecutorWorker.execute(DefaultPlanExecutor.java:463)
	at org.gradle.execution.plan.DefaultPlanExecutor$ExecutorWorker.run(DefaultPlanExecutor.java:380)
	at org.gradle.internal.concurrent.ExecutorPolicy$CatchAndRecordFailures.onExecute(ExecutorPolicy.java:64)
	at org.gradle.internal.concurrent.AbstractManagedExecutor$1.run(AbstractManagedExecutor.java:47)
Caused by: org.gradle.workers.internal.DefaultWorkerExecutor$WorkExecutionException: A failure occurred while executing org.jetbrains.kotlin.compilerRunner.GradleCompilerRunnerWithWorkers$GradleKotlinCompilerWorkAction
	at org.gradle.workers.internal.DefaultWorkerExecutor$WorkItemExecution.waitForCompletion(DefaultWorkerExecutor.java:283)
	at org.gradle.internal.work.DefaultAsyncWorkTracker.lambda$waitForItemsAndGatherFailures$2(DefaultAsyncWorkTracker.java:130)
	at org.gradle.internal.Factories$1.create(Factories.java:31)
	at org.gradle.internal.work.DefaultWorkerLeaseService.withoutLocks(DefaultWorkerLeaseService.java:321)
	at org.gradle.internal.work.DefaultWorkerLeaseService.withoutLocks(DefaultWorkerLeaseService.java:304)
	at org.gradle.internal.work.DefaultWorkerLeaseService.withoutLock(DefaultWorkerLeaseService.java:309)
	at org.gradle.internal.work.DefaultAsyncWorkTracker.waitForItemsAndGatherFailures(DefaultAsyncWorkTracker.java:126)
	at org.gradle.internal.work.DefaultAsyncWorkTracker.waitForItemsAndGatherFailures(DefaultAsyncWorkTracker.java:92)
	at org.gradle.internal.work.DefaultAsyncWorkTracker.waitForAll(DefaultAsyncWorkTracker.java:78)
	at org.gradle.internal.work.DefaultAsyncWorkTracker.waitForCompletion(DefaultAsyncWorkTracker.java:66)
	at org.gradle.api.internal.tasks.execution.TaskExecution$3.run(TaskExecution.java:256)
	at org.gradle.internal.operations.DefaultBuildOperationRunner$1.execute(DefaultBuildOperationRunner.java:29)
	at org.gradle.internal.operations.DefaultBuildOperationRunner$1.execute(DefaultBuildOperationRunner.java:26)
	at org.gradle.internal.operations.DefaultBuildOperationRunner$2.execute(DefaultBuildOperationRunner.java:66)
	at org.gradle.internal.operations.DefaultBuildOperationRunner$2.execute(DefaultBuildOperationRunner.java:59)
	at org.gradle.internal.operations.DefaultBuildOperationRunner.execute(DefaultBuildOperationRunner.java:157)
	at org.gradle.internal.operations.DefaultBuildOperationRunner.execute(DefaultBuildOperationRunner.java:59)
	at org.gradle.internal.operations.DefaultBuildOperationRunner.run(DefaultBuildOperationRunner.java:47)
	at org.gradle.internal.operations.DefaultBuildOperationExecutor.run(DefaultBuildOperationExecutor.java:68)
	at org.gradle.api.internal.tasks.execution.TaskExecution.executeAction(TaskExecution.java:233)
	at org.gradle.api.internal.tasks.execution.TaskExecution.executeActions(TaskExecution.java:216)
	at org.gradle.api.internal.tasks.execution.TaskExecution.executeWithPreviousOutputFiles(TaskExecution.java:199)
	at org.gradle.api.internal.tasks.execution.TaskExecution.execute(TaskExecution.java:166)
	at org.gradle.internal.execution.steps.ExecuteStep.executeInternal(ExecuteStep.java:105)
	at org.gradle.internal.execution.steps.ExecuteStep.access$000(ExecuteStep.java:44)
	at org.gradle.internal.execution.steps.ExecuteStep$1.call(ExecuteStep.java:59)
	at org.gradle.internal.execution.steps.ExecuteStep$1.call(ExecuteStep.java:56)
	at org.gradle.internal.operations.DefaultBuildOperationRunner$CallableBuildOperationWorker.execute(DefaultBuildOperationRunner.java:204)
	at org.gradle.internal.operations.DefaultBuildOperationRunner$CallableBuildOperationWorker.execute(DefaultBuildOperationRunner.java:199)
	at org.gradle.internal.operations.DefaultBuildOperationRunner$2.execute(DefaultBuildOperationRunner.java:66)
	at org.gradle.internal.operations.DefaultBuildOperationRunner$2.execute(DefaultBuildOperationRunner.java:59)
	at org.gradle.internal.operations.DefaultBuildOperationRunner.execute(DefaultBuildOperationRunner.java:157)
	at org.gradle.internal.operations.DefaultBuildOperationRunner.execute(DefaultBuildOperationRunner.java:59)
	at org.gradle.internal.operations.DefaultBuildOperationRunner.call(DefaultBuildOperationRunner.java:53)
	at org.gradle.internal.operations.DefaultBuildOperationExecutor.call(DefaultBuildOperationExecutor.java:73)
	at org.gradle.internal.execution.steps.ExecuteStep.execute(ExecuteStep.java:56)
	at org.gradle.internal.execution.steps.ExecuteStep.execute(ExecuteStep.java:44)
	at org.gradle.internal.execution.steps.RemovePreviousOutputsStep.execute(RemovePreviousOutputsStep.java:67)
	at org.gradle.internal.execution.steps.RemovePreviousOutputsStep.execute(RemovePreviousOutputsStep.java:37)
	at org.gradle.internal.execution.steps.CancelExecutionStep.execute(CancelExecutionStep.java:41)
	at org.gradle.internal.execution.steps.TimeoutStep.executeWithoutTimeout(TimeoutStep.java:74)
	at org.gradle.internal.execution.steps.TimeoutStep.execute(TimeoutStep.java:55)
	at org.gradle.internal.execution.steps.CreateOutputsStep.execute(CreateOutputsStep.java:50)
	at org.gradle.internal.execution.steps.CreateOutputsStep.execute(CreateOutputsStep.java:28)
	at org.gradle.internal.execution.steps.CaptureStateAfterExecutionStep.executeDelegateBroadcastingChanges(CaptureStateAfterExecutionStep.java:100)
	at org.gradle.internal.execution.steps.CaptureStateAfterExecutionStep.execute(CaptureStateAfterExecutionStep.java:72)
	at org.gradle.internal.execution.steps.CaptureStateAfterExecutionStep.execute(CaptureStateAfterExecutionStep.java:50)
	at org.gradle.internal.execution.steps.ResolveInputChangesStep.execute(ResolveInputChangesStep.java:40)
	at org.gradle.internal.execution.steps.ResolveInputChangesStep.execute(ResolveInputChangesStep.java:29)
	at org.gradle.internal.execution.steps.BuildCacheStep.executeWithoutCache(BuildCacheStep.java:179)
	at org.gradle.internal.execution.steps.BuildCacheStep.lambda$execute$1(BuildCacheStep.java:70)
	at org.gradle.internal.Either$Right.fold(Either.java:175)
	at org.gradle.internal.execution.caching.CachingState.fold(CachingState.java:59)
	at org.gradle.internal.execution.steps.BuildCacheStep.execute(BuildCacheStep.java:68)
	at org.gradle.internal.execution.steps.BuildCacheStep.execute(BuildCacheStep.java:46)
	at org.gradle.internal.execution.steps.StoreExecutionStateStep.execute(StoreExecutionStateStep.java:36)
	at org.gradle.internal.execution.steps.StoreExecutionStateStep.execute(StoreExecutionStateStep.java:25)
	at org.gradle.internal.execution.steps.RecordOutputsStep.execute(RecordOutputsStep.java:36)
	at org.gradle.internal.execution.steps.RecordOutputsStep.execute(RecordOutputsStep.java:22)
	at org.gradle.internal.execution.steps.SkipUpToDateStep.executeBecause(SkipUpToDateStep.java:91)
	at org.gradle.internal.execution.steps.SkipUpToDateStep.lambda$execute$2(SkipUpToDateStep.java:55)
	at org.gradle.internal.execution.steps.SkipUpToDateStep.execute(SkipUpToDateStep.java:55)
	at org.gradle.internal.execution.steps.SkipUpToDateStep.execute(SkipUpToDateStep.java:37)
	at org.gradle.internal.execution.steps.ResolveChangesStep.execute(ResolveChangesStep.java:65)
	at org.gradle.internal.execution.steps.ResolveChangesStep.execute(ResolveChangesStep.java:36)
	at org.gradle.internal.execution.steps.legacy.MarkSnapshottingInputsFinishedStep.execute(MarkSnapshottingInputsFinishedStep.java:37)
	at org.gradle.internal.execution.steps.legacy.MarkSnapshottingInputsFinishedStep.execute(MarkSnapshottingInputsFinishedStep.java:27)
	at org.gradle.internal.execution.steps.ResolveCachingStateStep.execute(ResolveCachingStateStep.java:77)
	at org.gradle.internal.execution.steps.ResolveCachingStateStep.execute(ResolveCachingStateStep.java:38)
	at org.gradle.internal.execution.steps.ValidateStep.execute(ValidateStep.java:94)
	at org.gradle.internal.execution.steps.ValidateStep.execute(ValidateStep.java:49)
	at org.gradle.internal.execution.steps.CaptureStateBeforeExecutionStep.execute(CaptureStateBeforeExecutionStep.java:71)
	at org.gradle.internal.execution.steps.CaptureStateBeforeExecutionStep.execute(CaptureStateBeforeExecutionStep.java:45)
	at org.gradle.internal.execution.steps.SkipEmptyWorkStep.executeWithNonEmptySources(SkipEmptyWorkStep.java:177)
	at org.gradle.internal.execution.steps.SkipEmptyWorkStep.execute(SkipEmptyWorkStep.java:86)
	at org.gradle.internal.execution.steps.SkipEmptyWorkStep.execute(SkipEmptyWorkStep.java:53)
	at org.gradle.internal.execution.steps.RemoveUntrackedExecutionStateStep.execute(RemoveUntrackedExecutionStateStep.java:32)
	at org.gradle.internal.execution.steps.RemoveUntrackedExecutionStateStep.execute(RemoveUntrackedExecutionStateStep.java:21)
	at org.gradle.internal.execution.steps.legacy.MarkSnapshottingInputsStartedStep.execute(MarkSnapshottingInputsStartedStep.java:38)
	at org.gradle.internal.execution.steps.LoadPreviousExecutionStateStep.execute(LoadPreviousExecutionStateStep.java:36)
	at org.gradle.internal.execution.steps.LoadPreviousExecutionStateStep.execute(LoadPreviousExecutionStateStep.java:23)
	at org.gradle.internal.execution.steps.CleanupStaleOutputsStep.execute(CleanupStaleOutputsStep.java:75)
	at org.gradle.internal.execution.steps.CleanupStaleOutputsStep.execute(CleanupStaleOutputsStep.java:41)
	at org.gradle.internal.execution.steps.AssignWorkspaceStep.lambda$execute$0(AssignWorkspaceStep.java:32)
	at org.gradle.api.internal.tasks.execution.TaskExecution$4.withWorkspace(TaskExecution.java:293)
	at org.gradle.internal.execution.steps.AssignWorkspaceStep.execute(AssignWorkspaceStep.java:30)
	at org.gradle.internal.execution.steps.AssignWorkspaceStep.execute(AssignWorkspaceStep.java:21)
	at org.gradle.internal.execution.steps.IdentityCacheStep.execute(IdentityCacheStep.java:37)
	at org.gradle.internal.execution.steps.IdentityCacheStep.execute(IdentityCacheStep.java:27)
	at org.gradle.internal.execution.steps.IdentifyStep.execute(IdentifyStep.java:47)
	at org.gradle.internal.execution.steps.IdentifyStep.execute(IdentifyStep.java:34)
	at org.gradle.internal.execution.impl.DefaultExecutionEngine$1.execute(DefaultExecutionEngine.java:64)
	at org.gradle.api.internal.tasks.execution.ExecuteActionsTaskExecuter.executeIfValid(ExecuteActionsTaskExecuter.java:146)
	at org.gradle.api.internal.tasks.execution.ExecuteActionsTaskExecuter.execute(ExecuteActionsTaskExecuter.java:135)
	at org.gradle.api.internal.tasks.execution.FinalizePropertiesTaskExecuter.execute(FinalizePropertiesTaskExecuter.java:46)
	at org.gradle.api.internal.tasks.execution.ResolveTaskExecutionModeExecuter.execute(ResolveTaskExecutionModeExecuter.java:51)
	at org.gradle.api.internal.tasks.execution.SkipTaskWithNoActionsExecuter.execute(SkipTaskWithNoActionsExecuter.java:57)
	at org.gradle.api.internal.tasks.execution.SkipOnlyIfTaskExecuter.execute(SkipOnlyIfTaskExecuter.java:74)
	at org.gradle.api.internal.tasks.execution.CatchExceptionTaskExecuter.execute(CatchExceptionTaskExecuter.java:36)
	at org.gradle.api.internal.tasks.execution.EventFiringTaskExecuter$1.executeTask(EventFiringTaskExecuter.java:77)
	at org.gradle.api.internal.tasks.execution.EventFiringTaskExecuter$1.call(EventFiringTaskExecuter.java:55)
	at org.gradle.api.internal.tasks.execution.EventFiringTaskExecuter$1.call(EventFiringTaskExecuter.java:52)
	at org.gradle.internal.operations.DefaultBuildOperationRunner$CallableBuildOperationWorker.execute(DefaultBuildOperationRunner.java:204)
	at org.gradle.internal.operations.DefaultBuildOperationRunner$CallableBuildOperationWorker.execute(DefaultBuildOperationRunner.java:199)
	at org.gradle.internal.operations.DefaultBuildOperationRunner$2.execute(DefaultBuildOperationRunner.java:66)
	at org.gradle.internal.operations.DefaultBuildOperationRunner$2.execute(DefaultBuildOperationRunner.java:59)
	at org.gradle.internal.operations.DefaultBuildOperationRunner.execute(DefaultBuildOperationRunner.java:157)
	at org.gradle.internal.operations.DefaultBuildOperationRunner.execute(DefaultBuildOperationRunner.java:59)
	at org.gradle.internal.operations.DefaultBuildOperationRunner.call(DefaultBuildOperationRunner.java:53)
	at org.gradle.internal.operations.DefaultBuildOperationExecutor.call(DefaultBuildOperationExecutor.java:73)
	at org.gradle.api.internal.tasks.execution.EventFiringTaskExecuter.execute(EventFiringTaskExecuter.java:52)
	at org.gradle.execution.plan.LocalTaskNodeExecutor.execute(LocalTaskNodeExecutor.java:42)
	at org.gradle.execution.taskgraph.DefaultTaskExecutionGraph$InvokeNodeExecutorsAction.execute(DefaultTaskExecutionGraph.java:337)
	at org.gradle.execution.taskgraph.DefaultTaskExecutionGraph$InvokeNodeExecutorsAction.execute(DefaultTaskExecutionGraph.java:324)
	at org.gradle.execution.taskgraph.DefaultTaskExecutionGraph$BuildOperationAwareExecutionAction.execute(DefaultTaskExecutionGraph.java:317)
	at org.gradle.execution.taskgraph.DefaultTaskExecutionGraph$BuildOperationAwareExecutionAction.execute(DefaultTaskExecutionGraph.java:303)
	at org.gradle.execution.plan.DefaultPlanExecutor$ExecutorWorker.execute(DefaultPlanExecutor.java:463)
	at org.gradle.execution.plan.DefaultPlanExecutor$ExecutorWorker.run(DefaultPlanExecutor.java:380)
	at org.gradle.internal.concurrent.ExecutorPolicy$CatchAndRecordFailures.onExecute(ExecutorPolicy.java:64)
	at org.gradle.internal.concurrent.AbstractManagedExecutor$1.run(AbstractManagedExecutor.java:47)
Caused by: org.jetbrains.kotlin.gradle.tasks.CompilationErrorException: Compilation error. See log for more details
	at org.jetbrains.kotlin.gradle.tasks.TasksUtilsKt.throwExceptionIfCompilationFailed(tasksUtils.kt:20)
	at org.jetbrains.kotlin.compilerRunner.GradleKotlinCompilerWork.run(GradleKotlinCompilerWork.kt:141)
	at org.jetbrains.kotlin.compilerRunner.GradleCompilerRunnerWithWorkers$GradleKotlinCompilerWorkAction.execute(GradleCompilerRunnerWithWorkers.kt:73)
	at org.gradle.workers.internal.DefaultWorkerServer.execute(DefaultWorkerServer.java:63)
	at org.gradle.workers.internal.NoIsolationWorkerFactory$1$1.create(NoIsolationWorkerFactory.java:66)
	at org.gradle.workers.internal.NoIsolationWorkerFactory$1$1.create(NoIsolationWorkerFactory.java:62)
	at org.gradle.internal.classloader.ClassLoaderUtils.executeInClassloader(ClassLoaderUtils.java:100)
	at org.gradle.workers.internal.NoIsolationWorkerFactory$1.lambda$execute$0(NoIsolationWorkerFactory.java:62)
	at org.gradle.workers.internal.AbstractWorker$1.call(AbstractWorker.java:44)
	at org.gradle.workers.internal.AbstractWorker$1.call(AbstractWorker.java:41)
	at org.gradle.internal.operations.DefaultBuildOperationRunner$CallableBuildOperationWorker.execute(DefaultBuildOperationRunner.java:204)
	at org.gradle.internal.operations.DefaultBuildOperationRunner$CallableBuildOperationWorker.execute(DefaultBuildOperationRunner.java:199)
	at org.gradle.internal.operations.DefaultBuildOperationRunner$2.execute(DefaultBuildOperationRunner.java:66)
	at org.gradle.internal.operations.DefaultBuildOperationRunner$2.execute(DefaultBuildOperationRunner.java:59)
	at org.gradle.internal.operations.DefaultBuildOperationRunner.execute(DefaultBuildOperationRunner.java:157)
	at org.gradle.internal.operations.DefaultBuildOperationRunner.execute(DefaultBuildOperationRunner.java:59)
	at org.gradle.internal.operations.DefaultBuildOperationRunner.call(DefaultBuildOperationRunner.java:53)
	at org.gradle.internal.operations.DefaultBuildOperationExecutor.call(DefaultBuildOperationExecutor.java:73)
	at org.gradle.workers.internal.AbstractWorker.executeWrappedInBuildOperation(AbstractWorker.java:41)
	at org.gradle.workers.internal.NoIsolationWorkerFactory$1.execute(NoIsolationWorkerFactory.java:59)
	at org.gradle.workers.internal.DefaultWorkerExecutor.lambda$submitWork$0(DefaultWorkerExecutor.java:170)
	at org.gradle.internal.work.DefaultConditionalExecutionQueue$ExecutionRunner.runExecution(DefaultConditionalExecutionQueue.java:187)
	at org.gradle.internal.work.DefaultConditionalExecutionQueue$ExecutionRunner.access$700(DefaultConditionalExecutionQueue.java:120)
	at org.gradle.internal.work.DefaultConditionalExecutionQueue$ExecutionRunner$1.run(DefaultConditionalExecutionQueue.java:162)
	at org.gradle.internal.Factories$1.create(Factories.java:31)
	at org.gradle.internal.work.DefaultWorkerLeaseService.withLocks(DefaultWorkerLeaseService.java:249)
	at org.gradle.internal.work.DefaultWorkerLeaseService.runAsWorkerThread(DefaultWorkerLeaseService.java:109)
	at org.gradle.internal.work.DefaultWorkerLeaseService.runAsWorkerThread(DefaultWorkerLeaseService.java:114)
	at org.gradle.internal.work.DefaultConditionalExecutionQueue$ExecutionRunner.runBatch(DefaultConditionalExecutionQueue.java:157)
	at org.gradle.internal.work.DefaultConditionalExecutionQueue$ExecutionRunner.run(DefaultConditionalExecutionQueue.java:126)
	... 2 more


BUILD FAILED in 18s
28 actionable tasks: 2 executed, 26 up-to-date
BUILD FAILED

## APK search

## app/build directory
app/build/:
total 28
drwxr-xr-x  7 runner runner 4096 Jul 30 11:14 .
drwxr-xr-x  4 runner runner 4096 Jul 30 11:13 ..
drwxr-xr-x  4 runner runner 4096 Jul 30 11:13 generated
drwxr-xr-x 35 runner runner 4096 Jul 30 11:14 intermediates
drwxr-xr-x  3 runner runner 4096 Jul 30 11:14 kotlin
drwxr-xr-x  3 runner runner 4096 Jul 30 11:13 outputs
drwxr-xr-x  3 runner runner 4096 Jul 30 11:14 tmp

app/build/generated:
total 16
drwxr-xr-x 4 runner runner 4096 Jul 30 11:13 .
drwxr-xr-x 7 runner runner 4096 Jul 30 11:14 ..
drwxr-xr-x 3 runner runner 4096 Jul 30 11:13 data_binding_base_class_source_out
drwxr-xr-x 4 runner runner 4096 Jul 30 11:13 res

app/build/generated/data_binding_base_class_source_out:
total 12
drwxr-xr-x 3 runner runner 4096 Jul 30 11:13 .
drwxr-xr-x 4 runner runner 4096 Jul 30 11:13 ..
drwxr-xr-x 3 runner runner 4096 Jul 30 11:13 debug

app/build/generated/data_binding_base_class_source_out/debug:
total 12
drwxr-xr-x 3 runner runner 4096 Jul 30 11:13 .
drwxr-xr-x 3 runner runner 4096 Jul 30 11:13 ..
drwxr-xr-x 3 runner runner 4096 Jul 30 11:13 out

app/build/generated/data_binding_base_class_source_out/debug/out:
total 12
drwxr-xr-x 3 runner runner 4096 Jul 30 11:13 .
drwxr-xr-x 3 runner runner 4096 Jul 30 11:13 ..
drwxr-xr-x 3 runner runner 4096 Jul 30 11:13 com

app/build/generated/data_binding_base_class_source_out/debug/out/com:
total 12
drwxr-xr-x 3 runner runner 4096 Jul 30 11:13 .
drwxr-xr-x 3 runner runner 4096 Jul 30 11:13 ..
drwxr-xr-x 3 runner runner 4096 Jul 30 11:13 hardwareinfopro

app/build/generated/data_binding_base_class_source_out/debug/out/com/hardwareinfopro:
total 12
drwxr-xr-x 3 runner runner 4096 Jul 30 11:13 .
drwxr-xr-x 3 runner runner 4096 Jul 30 11:13 ..
drwxr-xr-x 3 runner runner 4096 Jul 30 11:13 app

app/build/generated/data_binding_base_class_source_out/debug/out/com/hardwareinfopro/app:
total 12
drwxr-xr-x 3 runner runner 4096 Jul 30 11:13 .
drwxr-xr-x 3 runner runner 4096 Jul 30 11:13 ..
drwxr-xr-x 2 runner runner 4096 Jul 30 11:13 databinding

app/build/generated/data_binding_base_class_source_out/debug/out/com/hardwareinfopro/app/databinding:
total 24
drwxr-xr-x 2 runner runner 4096 Jul 30 11:13 .
drwxr-xr-x 3 runner runner 4096 Jul 30 11:13 ..
-rw-r--r-- 1 runner runner 4208 Jul 30 11:13 ActivityMainBinding.java
-rw-r--r-- 1 runner runner 3236 Jul 30 11:13 ItemCategoryHeaderBinding.java
-rw-r--r-- 1 runner runner 2309 Jul 30 11:13 ItemInfoRowBinding.java

app/build/generated/res:
total 16
drwxr-xr-x 4 runner runner 4096 Jul 30 11:13 .
drwxr-xr-x 4 runner runner 4096 Jul 30 11:13 ..
drwxr-xr-x 3 runner runner 4096 Jul 30 11:13 pngs
drwxr-xr-x 3 runner runner 4096 Jul 30 11:13 resValues

app/build/generated/res/pngs:
total 12
drwxr-xr-x 3 runner runner 4096 Jul 30 11:13 .
drwxr-xr-x 4 runner runner 4096 Jul 30 11:13 ..
drwxr-xr-x 2 runner runner 4096 Jul 30 11:13 debug

app/build/generated/res/pngs/debug:
total 8
drwxr-xr-x 2 runner runner 4096 Jul 30 11:13 .
drwxr-xr-x 3 runner runner 4096 Jul 30 11:13 ..

app/build/generated/res/resValues:
total 12
drwxr-xr-x 3 runner runner 4096 Jul 30 11:13 .
drwxr-xr-x 4 runner runner 4096 Jul 30 11:13 ..
drwxr-xr-x 2 runner runner 4096 Jul 30 11:13 debug

app/build/generated/res/resValues/debug:
total 8
drwxr-xr-x 2 runner runner 4096 Jul 30 11:13 .
drwxr-xr-x 3 runner runner 4096 Jul 30 11:13 ..

app/build/intermediates:
total 140
drwxr-xr-x 35 runner runner 4096 Jul 30 11:14 .
drwxr-xr-x  7 runner runner 4096 Jul 30 11:14 ..
drwxr-xr-x  3 runner runner 4096 Jul 30 11:13 aar_metadata_check
drwxr-xr-x  3 runner runner 4096 Jul 30 11:13 annotation_processor_list
drwxr-xr-x  3 runner runner 4096 Jul 30 11:14 app_metadata
drwxr-xr-x  3 runner runner 4096 Jul 30 11:13 assets
drwxr-xr-x  3 runner runner 4096 Jul 30 11:13 compatible_screen_manifest
drwxr-xr-x  3 runner runner 4096 Jul 30 11:13 compile_and_runtime_not_namespaced_r_class_jar
drwxr-xr-x  3 runner runner 4096 Jul 30 11:13 compressed_assets
drwxr-xr-x  3 runner runner 4096 Jul 30 11:13 data_binding_base_class_log_artifact
drwxr-xr-x  3 runner runner 4096 Jul 30 11:13 data_binding_dependency_artifacts
drwxr-xr-x  3 runner runner 4096 Jul 30 11:13 data_binding_layout_info_type_merge
drwxr-xr-x  3 runner runner 4096 Jul 30 11:13 data_binding_layout_info_type_package
drwxr-xr-x  3 runner runner 4096 Jul 30 11:13 dex
drwxr-xr-x  3 runner runner 4096 Jul 30 11:13 duplicate_classes_check
drwxr-xr-x  3 runner runner 4096 Jul 30 11:13 external_file_lib_dex_archives
drwxr-xr-x  7 runner runner 4096 Jul 30 11:13 incremental
drwxr-xr-x  3 runner runner 4096 Jul 30 11:13 local_only_symbol_list
drwxr-xr-x  3 runner runner 4096 Jul 30 11:13 manifest_merge_blame_file
drwxr-xr-x  3 runner runner 4096 Jul 30 11:13 merged_jni_libs
drwxr-xr-x  3 runner runner 4096 Jul 30 11:13 merged_manifest
drwxr-xr-x  3 runner runner 4096 Jul 30 11:13 merged_manifests
drwxr-xr-x  3 runner runner 4096 Jul 30 11:13 merged_res
drwxr-xr-x  3 runner runner 4096 Jul 30 11:13 merged_res_blame_folder
drwxr-xr-x  3 runner runner 4096 Jul 30 11:13 merged_shaders
drwxr-xr-x  3 runner runner 4096 Jul 30 11:13 navigation_json
drwxr-xr-x  3 runner runner 4096 Jul 30 11:13 packaged_manifests
drwxr-xr-x  3 runner runner 4096 Jul 30 11:13 packaged_res
drwxr-xr-x  3 runner runner 4096 Jul 30 11:13 processed_res
drwxr-xr-x  3 runner runner 4096 Jul 30 11:13 runtime_symbol_list
drwxr-xr-x  3 runner runner 4096 Jul 30 11:14 signing_config_versions
drwxr-xr-x  3 runner runner 4096 Jul 30 11:13 source_set_path_map
drwxr-xr-x  3 runner runner 4096 Jul 30 11:13 stable_resource_ids_file
drwxr-xr-x  3 runner runner 4096 Jul 30 11:13 symbol_list_with_package_name
drwxr-xr-x  3 runner runner 4096 Jul 30 11:13 validate_signing_config

app/build/intermediates/aar_metadata_check:
total 12
drwxr-xr-x  3 runner runner 4096 Jul 30 11:13 .
drwxr-xr-x 35 runner runner 4096 Jul 30 11:14 ..
drwxr-xr-x  2 runner runner 4096 Jul 30 11:13 debug

app/build/intermediates/aar_metadata_check/debug:
total 8
drwxr-xr-x 2 runner runner 4096 Jul 30 11:13 .
drwxr-xr-x 3 runner runner 4096 Jul 30 11:13 ..

app/build/intermediates/annotation_processor_list:
total 12
drwxr-xr-x  3 runner runner 4096 Jul 30 11:13 .
drwxr-xr-x 35 runner runner 4096 Jul 30 11:14 ..
drwxr-xr-x  2 runner runner 4096 Jul 30 11:13 debug

app/build/intermediates/annotation_processor_list/debug:
total 12
drwxr-xr-x 2 runner runner 4096 Jul 30 11:13 .
drwxr-xr-x 3 runner runner 4096 Jul 30 11:13 ..
-rw-r--r-- 1 runner runner    2 Jul 30 11:13 annotationProcessors.json

app/build/intermediates/app_metadata:
total 12
drwxr-xr-x  3 runner runner 4096 Jul 30 11:14 .
drwxr-xr-x 35 runner runner 4096 Jul 30 11:14 ..
drwxr-xr-x  2 runner runner 4096 Jul 30 11:14 debug

app/build/intermediates/app_metadata/debug:
total 12
drwxr-xr-x 2 runner runner 4096 Jul 30 11:14 .
drwxr-xr-x 3 runner runner 4096 Jul 30 11:14 ..
-rw-r--r-- 1 runner runner   56 Jul 30 11:14 app-metadata.properties

app/build/intermediates/assets:
total 12
drwxr-xr-x  3 runner runner 4096 Jul 30 11:13 .
drwxr-xr-x 35 runner runner 4096 Jul 30 11:14 ..
drwxr-xr-x  2 runner runner 4096 Jul 30 11:13 debug

app/build/intermediates/assets/debug:
total 8
drwxr-xr-x 2 runner runner 4096 Jul 30 11:13 .
drwxr-xr-x 3 runner runner 4096 Jul 30 11:13 ..

app/build/intermediates/compatible_screen_manifest:
total 12
drwxr-xr-x  3 runner runner 4096 Jul 30 11:13 .
drwxr-xr-x 35 runner runner 4096 Jul 30 11:14 ..
drwxr-xr-x  2 runner runner 4096 Jul 30 11:13 debug

app/build/intermediates/compatible_screen_manifest/debug:
total 12
drwxr-xr-x 2 runner runner 4096 Jul 30 11:13 .
drwxr-xr-x 3 runner runner 4096 Jul 30 11:13 ..
-rw-r--r-- 1 runner runner  199 Jul 30 11:13 output-metadata.json

app/build/intermediates/compile_and_runtime_not_namespaced_r_class_jar:
total 12
drwxr-xr-x  3 runner runner 4096 Jul 30 11:13 .
drwxr-xr-x 35 runner runner 4096 Jul 30 11:14 ..
drwxr-xr-x  2 runner runner 4096 Jul 30 11:13 debug

app/build/intermediates/compile_and_runtime_not_namespaced_r_class_jar/debug:
total 828
drwxr-xr-x 2 runner runner   4096 Jul 30 11:13 .
drwxr-xr-x 3 runner runner   4096 Jul 30 11:13 ..
-rw-r--r-- 1 runner runner 838982 Jul 30 11:13 R.jar

app/build/intermediates/compressed_assets:
total 12
drwxr-xr-x  3 runner runner 4096 Jul 30 11:13 .
drwxr-xr-x 35 runner runner 4096 Jul 30 11:14 ..
drwxr-xr-x  3 runner runner 4096 Jul 30 11:13 debug

app/build/intermediates/compressed_assets/debug:
total 12
drwxr-xr-x 3 runner runner 4096 Jul 30 11:13 .
drwxr-xr-x 3 runner runner 4096 Jul 30 11:13 ..
drwxr-xr-x 2 runner runner 4096 Jul 30 11:13 out

app/build/intermediates/compressed_assets/debug/out:
total 8
drwxr-xr-x 2 runner runner 4096 Jul 30 11:13 .
drwxr-xr-x 3 runner runner 4096 Jul 30 11:13 ..

app/build/intermediates/data_binding_base_class_log_artifact:
total 12
drwxr-xr-x  3 runner runner 4096 Jul 30 11:13 .
drwxr-xr-x 35 runner runner 4096 Jul 30 11:14 ..
drwxr-xr-x  3 runner runner 4096 Jul 30 11:13 debug

app/build/intermediates/data_binding_base_class_log_artifact/debug:
total 12
drwxr-xr-x 3 runner runner 4096 Jul 30 11:13 .
drwxr-xr-x 3 runner runner 4096 Jul 30 11:13 ..
drwxr-xr-x 2 runner runner 4096 Jul 30 11:13 out

app/build/intermediates/data_binding_base_class_log_artifact/debug/out:
total 12
drwxr-xr-x 2 runner runner 4096 Jul 30 11:13 .
drwxr-xr-x 3 runner runner 4096 Jul 30 11:13 ..
-rw-r--r-- 1 runner runner 1432 Jul 30 11:13 com.hardwareinfopro.app-binding_classes.json

app/build/intermediates/data_binding_dependency_artifacts:
total 12
drwxr-xr-x  3 runner runner 4096 Jul 30 11:13 .
drwxr-xr-x 35 runner runner 4096 Jul 30 11:14 ..
drwxr-xr-x  2 runner runner 4096 Jul 30 11:13 debug

app/build/intermediates/data_binding_dependency_artifacts/debug:
total 8
drwxr-xr-x 2 runner runner 4096 Jul 30 11:13 .
drwxr-xr-x 3 runner runner 4096 Jul 30 11:13 ..

app/build/intermediates/data_binding_layout_info_type_merge:
total 12
drwxr-xr-x  3 runner runner 4096 Jul 30 11:13 .
drwxr-xr-x 35 runner runner 4096 Jul 30 11:14 ..
drwxr-xr-x  3 runner runner 4096 Jul 30 11:13 debug

app/build/intermediates/data_binding_layout_info_type_merge/debug:
total 12
drwxr-xr-x 3 runner runner 4096 Jul 30 11:13 .
drwxr-xr-x 3 runner runner 4096 Jul 30 11:13 ..
drwxr-xr-x 2 runner runner 4096 Jul 30 11:13 out

app/build/intermediates/data_binding_layout_info_type_merge/debug/out:
total 20
drwxr-xr-x 2 runner runner 4096 Jul 30 11:13 .
drwxr-xr-x 3 runner runner 4096 Jul 30 11:13 ..
-rw-r--r-- 1 runner runner 1640 Jul 30 11:13 activity_main-layout.xml
-rw-r--r-- 1 runner runner 1105 Jul 30 11:13 item_category_header-layout.xml
-rw-r--r-- 1 runner runner  723 Jul 30 11:13 item_info_row-layout.xml

app/build/intermediates/data_binding_layout_info_type_package:
total 12
drwxr-xr-x  3 runner runner 4096 Jul 30 11:13 .
drwxr-xr-x 35 runner runner 4096 Jul 30 11:14 ..
drwxr-xr-x  3 runner runner 4096 Jul 30 11:13 debug

app/build/intermediates/data_binding_layout_info_type_package/debug:
total 12
drwxr-xr-x 3 runner runner 4096 Jul 30 11:13 .
drwxr-xr-x 3 runner runner 4096 Jul 30 11:13 ..
drwxr-xr-x 2 runner runner 4096 Jul 30 11:13 out

app/build/intermediates/data_binding_layout_info_type_package/debug/out:
total 20
drwxr-xr-x 2 runner runner 4096 Jul 30 11:13 .
drwxr-xr-x 3 runner runner 4096 Jul 30 11:13 ..
-rw-r--r-- 1 runner runner 1640 Jul 30 11:13 activity_main-layout.xml
-rw-r--r-- 1 runner runner 1105 Jul 30 11:13 item_category_header-layout.xml
-rw-r--r-- 1 runner runner  723 Jul 30 11:13 item_info_row-layout.xml

app/build/intermediates/dex:
total 12
drwxr-xr-x  3 runner runner 4096 Jul 30 11:13 .
drwxr-xr-x 35 runner runner 4096 Jul 30 11:14 ..
drwxr-xr-x  4 runner runner 4096 Jul 30 11:13 debug

app/build/intermediates/dex/debug:
total 16
drwxr-xr-x  4 runner runner 4096 Jul 30 11:13 .
drwxr-xr-x  3 runner runner 4096 Jul 30 11:13 ..
drwxr-xr-x  2 runner runner 4096 Jul 30 11:13 mergeExtDexDebug
drwxr-xr-x 18 runner runner 4096 Jul 30 11:13 mergeLibDexDebug

app/build/intermediates/dex/debug/mergeExtDexDebug:
total 9844
drwxr-xr-x 2 runner runner     4096 Jul 30 11:13 .
drwxr-xr-x 4 runner runner     4096 Jul 30 11:13 ..
-rw-r--r-- 1 runner runner 10069092 Jul 30 11:13 classes.dex

app/build/intermediates/dex/debug/mergeLibDexDebug:
total 72
drwxr-xr-x 18 runner runner 4096 Jul 30 11:13 .
drwxr-xr-x  4 runner runner 4096 Jul 30 11:13 ..
drwxr-xr-x  2 runner runner 4096 Jul 30 11:13 0
drwxr-xr-x  2 runner runner 4096 Jul 30 11:13 1
drwxr-xr-x  2 runner runner 4096 Jul 30 11:13 10
drwxr-xr-x  2 runner runner 4096 Jul 30 11:13 11
drwxr-xr-x  2 runner runner 4096 Jul 30 11:13 12
drwxr-xr-x  2 runner runner 4096 Jul 30 11:13 13
drwxr-xr-x  2 runner runner 4096 Jul 30 11:13 14
drwxr-xr-x  2 runner runner 4096 Jul 30 11:13 15
drwxr-xr-x  2 runner runner 4096 Jul 30 11:13 2
drwxr-xr-x  2 runner runner 4096 Jul 30 11:13 3
drwxr-xr-x  2 runner runner 4096 Jul 30 11:13 4
drwxr-xr-x  2 runner runner 4096 Jul 30 11:13 5
drwxr-xr-x  2 runner runner 4096 Jul 30 11:13 6
drwxr-xr-x  2 runner runner 4096 Jul 30 11:13 7
drwxr-xr-x  2 runner runner 4096 Jul 30 11:13 8
drwxr-xr-x  2 runner runner 4096 Jul 30 11:13 9

app/build/intermediates/dex/debug/mergeLibDexDebug/0:
total 8
drwxr-xr-x  2 runner runner 4096 Jul 30 11:13 .
drwxr-xr-x 18 runner runner 4096 Jul 30 11:13 ..

app/build/intermediates/dex/debug/mergeLibDexDebug/1:
total 8
drwxr-xr-x  2 runner runner 4096 Jul 30 11:13 .
drwxr-xr-x 18 runner runner 4096 Jul 30 11:13 ..

app/build/intermediates/dex/debug/mergeLibDexDebug/10:
total 8
drwxr-xr-x  2 runner runner 4096 Jul 30 11:13 .
drwxr-xr-x 18 runner runner 4096 Jul 30 11:13 ..

app/build/intermediates/dex/debug/mergeLibDexDebug/11:
total 8
drwxr-xr-x  2 runner runner 4096 Jul 30 11:13 .
drwxr-xr-x 18 runner runner 4096 Jul 30 11:13 ..

app/build/intermediates/dex/debug/mergeLibDexDebug/12:
total 8
drwxr-xr-x  2 runner runner 4096 Jul 30 11:13 .
drwxr-xr-x 18 runner runner 4096 Jul 30 11:13 ..

app/build/intermediates/dex/debug/mergeLibDexDebug/13:
total 8
drwxr-xr-x  2 runner runner 4096 Jul 30 11:13 .
drwxr-xr-x 18 runner runner 4096 Jul 30 11:13 ..

app/build/intermediates/dex/debug/mergeLibDexDebug/14:
total 8
drwxr-xr-x  2 runner runner 4096 Jul 30 11:13 .
drwxr-xr-x 18 runner runner 4096 Jul 30 11:13 ..

app/build/intermediates/dex/debug/mergeLibDexDebug/15:
total 8
drwxr-xr-x  2 runner runner 4096 Jul 30 11:13 .
drwxr-xr-x 18 runner runner 4096 Jul 30 11:13 ..

app/build/intermediates/dex/debug/mergeLibDexDebug/2:
total 8
drwxr-xr-x  2 runner runner 4096 Jul 30 11:13 .
drwxr-xr-x 18 runner runner 4096 Jul 30 11:13 ..

app/build/intermediates/dex/debug/mergeLibDexDebug/3:
total 8
drwxr-xr-x  2 runner runner 4096 Jul 30 11:13 .
drwxr-xr-x 18 runner runner 4096 Jul 30 11:13 ..

app/build/intermediates/dex/debug/mergeLibDexDebug/4:
total 8
drwxr-xr-x  2 runner runner 4096 Jul 30 11:13 .
drwxr-xr-x 18 runner runner 4096 Jul 30 11:13 ..

app/build/intermediates/dex/debug/mergeLibDexDebug/5:
total 8
drwxr-xr-x  2 runner runner 4096 Jul 30 11:13 .
drwxr-xr-x 18 runner runner 4096 Jul 30 11:13 ..

app/build/intermediates/dex/debug/mergeLibDexDebug/6:
total 8
drwxr-xr-x  2 runner runner 4096 Jul 30 11:13 .
drwxr-xr-x 18 runner runner 4096 Jul 30 11:13 ..

app/build/intermediates/dex/debug/mergeLibDexDebug/7:
total 8
drwxr-xr-x  2 runner runner 4096 Jul 30 11:13 .
drwxr-xr-x 18 runner runner 4096 Jul 30 11:13 ..

app/build/intermediates/dex/debug/mergeLibDexDebug/8:
total 8
drwxr-xr-x  2 runner runner 4096 Jul 30 11:13 .
drwxr-xr-x 18 runner runner 4096 Jul 30 11:13 ..

app/build/intermediates/dex/debug/mergeLibDexDebug/9:
total 8
drwxr-xr-x  2 runner runner 4096 Jul 30 11:13 .
drwxr-xr-x 18 runner runner 4096 Jul 30 11:13 ..

app/build/intermediates/duplicate_classes_check:
total 12
drwxr-xr-x  3 runner runner 4096 Jul 30 11:13 .
drwxr-xr-x 35 runner runner 4096 Jul 30 11:14 ..
drwxr-xr-x  2 runner runner 4096 Jul 30 11:13 debug

app/build/intermediates/duplicate_classes_check/debug:
total 8
drwxr-xr-x 2 runner runner 4096 Jul 30 11:13 .
drwxr-xr-x 3 runner runner 4096 Jul 30 11:13 ..

app/build/intermediates/external_file_lib_dex_archives:
total 12
drwxr-xr-x  3 runner runner 4096 Jul 30 11:13 .
drwxr-xr-x 35 runner runner 4096 Jul 30 11:14 ..
drwxr-xr-x  2 runner runner 4096 Jul 30 11:13 debug

app/build/intermediates/external_file_lib_dex_archives/debug:
total 8
drwxr-xr-x 2 runner runner 4096 Jul 30 11:13 .
drwxr-xr-x 3 runner runner 4096 Jul 30 11:13 ..

app/build/intermediates/incremental:
total 28
drwxr-xr-x  7 runner runner 4096 Jul 30 11:13 .
drwxr-xr-x 35 runner runner 4096 Jul 30 11:14 ..
drwxr-xr-x  2 runner runner 4096 Jul 30 11:13 dataBindingGenBaseClassesDebug
drwxr-xr-x  4 runner runner 4096 Jul 30 11:13 debug
drwxr-xr-x  2 runner runner 4096 Jul 30 11:13 mergeDebugAssets
drwxr-xr-x  2 runner runner 4096 Jul 30 11:13 mergeDebugJniLibFolders
drwxr-xr-x  2 runner runner 4096 Jul 30 11:13 mergeDebugShaders

app/build/intermediates/incremental/dataBindingGenBaseClassesDebug:
total 12
drwxr-xr-x 2 runner runner 4096 Jul 30 11:13 .
drwxr-xr-x 7 runner runner 4096 Jul 30 11:13 ..
-rw-r--r-- 1 runner runner 1610 Jul 30 11:13 base_builder_log.json

app/build/intermediates/incremental/debug:
total 16
drwxr-xr-x 4 runner runner 4096 Jul 30 11:13 .
drwxr-xr-x 7 runner runner 4096 Jul 30 11:13 ..
drwxr-xr-x 4 runner runner 4096 Jul 30 11:13 mergeDebugResources
drwxr-xr-x 4 runner runner 4096 Jul 30 11:13 packageDebugResources

app/build/intermediates/incremental/debug/mergeDebugResources:
total 1908
drwxr-xr-x   4 runner runner    4096 Jul 30 11:13 .
drwxr-xr-x   4 runner runner    4096 Jul 30 11:13 ..
-rw-r--r--   1 runner runner    2353 Jul 30 11:13 compile-file-map.properties
drwxr-xr-x 122 runner runner    4096 Jul 30 11:13 merged.dir
-rw-r--r--   1 runner runner 1930973 Jul 30 11:13 merger.xml
drwxr-xr-x   3 runner runner    4096 Jul 30 11:13 stripped.dir

app/build/intermediates/incremental/debug/mergeDebugResources/merged.dir:
total 488
drwxr-xr-x 122 runner runner 4096 Jul 30 11:13 .
drwxr-xr-x   4 runner runner 4096 Jul 30 11:13 ..
drwxr-xr-x   2 runner runner 4096 Jul 30 11:13 values
drwxr-xr-x   2 runner runner 4096 Jul 30 11:13 values-af
drwxr-xr-x   2 runner runner 4096 Jul 30 11:13 values-am
drwxr-xr-x   2 runner runner 4096 Jul 30 11:13 values-ar
drwxr-xr-x   2 runner runner 4096 Jul 30 11:13 values-as
drwxr-xr-x   2 runner runner 4096 Jul 30 11:13 values-az
drwxr-xr-x   2 runner runner 4096 Jul 30 11:13 values-b+es+419
drwxr-xr-x   2 runner runner 4096 Jul 30 11:13 values-b+sr+Latn
drwxr-xr-x   2 runner runner 4096 Jul 30 11:13 values-be
drwxr-xr-x   2 runner runner 4096 Jul 30 11:13 values-bg
drwxr-xr-x   2 runner runner 4096 Jul 30 11:13 values-bn
drwxr-xr-x   2 runner runner 4096 Jul 30 11:13 values-bs
drwxr-xr-x   2 runner runner 4096 Jul 30 11:13 values-ca
drwxr-xr-x   2 runner runner 4096 Jul 30 11:13 values-cs
drwxr-xr-x   2 runner runner 4096 Jul 30 11:13 values-da
drwxr-xr-x   2 runner runner 4096 Jul 30 11:13 values-de
drwxr-xr-x   2 runner runner 4096 Jul 30 11:13 values-el
drwxr-xr-x   2 runner runner 4096 Jul 30 11:13 values-en-rAU
drwxr-xr-x   2 runner runner 4096 Jul 30 11:13 values-en-rCA
drwxr-xr-x   2 runner runner 4096 Jul 30 11:13 values-en-rGB
drwxr-xr-x   2 runner runner 4096 Jul 30 11:13 values-en-rIN
drwxr-xr-x   2 runner runner 4096 Jul 30 11:13 values-en-rXC
drwxr-xr-x   2 runner runner 4096 Jul 30 11:13 values-es
drwxr-xr-x   2 runner runner 4096 Jul 30 11:13 values-es-rUS
drwxr-xr-x   2 runner runner 4096 Jul 30 11:13 values-et
drwxr-xr-x   2 runner runner 4096 Jul 30 11:13 values-eu
drwxr-xr-x   2 runner runner 4096 Jul 30 11:13 values-fa
drwxr-xr-x   2 runner runner 4096 Jul 30 11:13 values-fi
drwxr-xr-x   2 runner runner 4096 Jul 30 11:13 values-fr
drwxr-xr-x   2 runner runner 4096 Jul 30 11:13 values-fr-rCA
drwxr-xr-x   2 runner runner 4096 Jul 30 11:13 values-gl
drwxr-xr-x   2 runner runner 4096 Jul 30 11:13 values-gu
drwxr-xr-x   2 runner runner 4096 Jul 30 11:13 values-h320dp-port-v13
drwxr-xr-x   2 runner runner 4096 Jul 30 11:13 values-h360dp-land-v13
drwxr-xr-x   2 runner runner 4096 Jul 30 11:13 values-h480dp-land-v13
drwxr-xr-x   2 runner runner 4096 Jul 30 11:13 values-h550dp-port-v13
drwxr-xr-x   2 runner runner 4096 Jul 30 11:13 values-h720dp-v13
drwxr-xr-x   2 runner runner 4096 Jul 30 11:13 values-hdpi-v4
drwxr-xr-x   2 runner runner 4096 Jul 30 11:13 values-hi
drwxr-xr-x   2 runner runner 4096 Jul 30 11:13 values-hr
drwxr-xr-x   2 runner runner 4096 Jul 30 11:13 values-hu
drwxr-xr-x   2 runner runner 4096 Jul 30 11:13 values-hy
drwxr-xr-x   2 runner runner 4096 Jul 30 11:13 values-in
drwxr-xr-x   2 runner runner 4096 Jul 30 11:13 values-is
drwxr-xr-x   2 runner runner 4096 Jul 30 11:13 values-it
drwxr-xr-x   2 runner runner 4096 Jul 30 11:13 values-iw
drwxr-xr-x   2 runner runner 4096 Jul 30 11:13 values-ja
drwxr-xr-x   2 runner runner 4096 Jul 30 11:13 values-ka
drwxr-xr-x   2 runner runner 4096 Jul 30 11:13 values-kk
drwxr-xr-x   2 runner runner 4096 Jul 30 11:13 values-km
drwxr-xr-x   2 runner runner 4096 Jul 30 11:13 values-kn
drwxr-xr-x   2 runner runner 4096 Jul 30 11:13 values-ko
drwxr-xr-x   2 runner runner 4096 Jul 30 11:13 values-ky
drwxr-xr-x   2 runner runner 4096 Jul 30 11:13 values-land
drwxr-xr-x   2 runner runner 4096 Jul 30 11:13 values-large-v4
drwxr-xr-x   2 runner runner 4096 Jul 30 11:13 values-ldltr-v21
drwxr-xr-x   2 runner runner 4096 Jul 30 11:13 values-ldrtl-v17
drwxr-xr-x   2 runner runner 4096 Jul 30 11:13 values-lo
drwxr-xr-x   2 runner runner 4096 Jul 30 11:13 values-lt
drwxr-xr-x   2 runner runner 4096 Jul 30 11:13 values-lv
drwxr-xr-x   2 runner runner 4096 Jul 30 11:13 values-mk
drwxr-xr-x   2 runner runner 4096 Jul 30 11:13 values-ml
drwxr-xr-x   2 runner runner 4096 Jul 30 11:13 values-mn
drwxr-xr-x   2 runner runner 4096 Jul 30 11:13 values-mr
drwxr-xr-x   2 runner runner 4096 Jul 30 11:13 values-ms
drwxr-xr-x   2 runner runner 4096 Jul 30 11:13 values-my
drwxr-xr-x   2 runner runner 4096 Jul 30 11:13 values-nb
drwxr-xr-x   2 runner runner 4096 Jul 30 11:13 values-ne
drwxr-xr-x   2 runner runner 4096 Jul 30 11:13 values-night-v8
drwxr-xr-x   2 runner runner 4096 Jul 30 11:13 values-nl
drwxr-xr-x   2 runner runner 4096 Jul 30 11:13 values-or
drwxr-xr-x   2 runner runner 4096 Jul 30 11:13 values-pa
drwxr-xr-x   2 runner runner 4096 Jul 30 11:13 values-pl
drwxr-xr-x   2 runner runner 4096 Jul 30 11:13 values-port
drwxr-xr-x   2 runner runner 4096 Jul 30 11:13 values-pt
drwxr-xr-x   2 runner runner 4096 Jul 30 11:13 values-pt-rBR
drwxr-xr-x   2 runner runner 4096 Jul 30 11:13 values-pt-rPT
drwxr-xr-x   2 runner runner 4096 Jul 30 11:13 values-ro
drwxr-xr-x   2 runner runner 4096 Jul 30 11:13 values-ru
drwxr-xr-x   2 runner runner 4096 Jul 30 11:13 values-si
drwxr-xr-x   2 runner runner 4096 Jul 30 11:13 values-sk
drwxr-xr-x   2 runner runner 4096 Jul 30 11:13 values-sl
drwxr-xr-x   2 runner runner 4096 Jul 30 11:13 values-small-v4
drwxr-xr-x   2 runner runner 4096 Jul 30 11:13 values-sq
drwxr-xr-x   2 runner runner 4096 Jul 30 11:13 values-sr
drwxr-xr-x   2 runner runner 4096 Jul 30 11:13 values-sv
drwxr-xr-x   2 runner runner 4096 Jul 30 11:13 values-sw
drwxr-xr-x   2 runner runner 4096 Jul 30 11:13 values-sw600dp-v13
drwxr-xr-x   2 runner runner 4096 Jul 30 11:13 values-ta
drwxr-xr-x   2 runner runner 4096 Jul 30 11:13 values-te
drwxr-xr-x   2 runner runner 4096 Jul 30 11:13 values-th
drwxr-xr-x   2 runner runner 4096 Jul 30 11:13 values-tl
drwxr-xr-x   2 runner runner 4096 Jul 30 11:13 values-tr
drwxr-xr-x   2 runner runner 4096 Jul 30 11:13 values-uk
drwxr-xr-x   2 runner runner 4096 Jul 30 11:13 values-ur
drwxr-xr-x   2 runner runner 4096 Jul 30 11:13 values-uz
drwxr-xr-x   2 runner runner 4096 Jul 30 11:13 values-v16
drwxr-xr-x   2 runner runner 4096 Jul 30 11:13 values-v17
drwxr-xr-x   2 runner runner 4096 Jul 30 11:13 values-v18
drwxr-xr-x   2 runner runner 4096 Jul 30 11:13 values-v21
drwxr-xr-x   2 runner runner 4096 Jul 30 11:13 values-v22
drwxr-xr-x   2 runner runner 4096 Jul 30 11:13 values-v23
drwxr-xr-x   2 runner runner 4096 Jul 30 11:13 values-v24
drwxr-xr-x   2 runner runner 4096 Jul 30 11:13 values-v25
drwxr-xr-x   2 runner runner 4096 Jul 30 11:13 values-v26
drwxr-xr-x   2 runner runner 4096 Jul 30 11:13 values-v28
drwxr-xr-x   2 runner runner 4096 Jul 30 11:13 values-v31
drwxr-xr-x   2 runner runner 4096 Jul 30 11:13 values-v34
drwxr-xr-x   2 runner runner 4096 Jul 30 11:13 values-vi
drwxr-xr-x   2 runner runner 4096 Jul 30 11:13 values-w320dp-land-v13
drwxr-xr-x   2 runner runner 4096 Jul 30 11:13 values-w360dp-port-v13
drwxr-xr-x   2 runner runner 4096 Jul 30 11:13 values-w400dp-port-v13
drwxr-xr-x   2 runner runner 4096 Jul 30 11:13 values-w600dp-land-v13
drwxr-xr-x   2 runner runner 4096 Jul 30 11:13 values-watch-v20
drwxr-xr-x   2 runner runner 4096 Jul 30 11:13 values-watch-v21
drwxr-xr-x   2 runner runner 4096 Jul 30 11:13 values-xlarge-v4
drwxr-xr-x   2 runner runner 4096 Jul 30 11:13 values-zh-rCN
drwxr-xr-x   2 runner runner 4096 Jul 30 11:13 values-zh-rHK
drwxr-xr-x   2 runner runner 4096 Jul 30 11:13 values-zh-rTW
drwxr-xr-x   2 runner runner 4096 Jul 30 11:13 values-zu

app/build/intermediates/incremental/debug/mergeDebugResources/merged.dir/values:
total 828
drwxr-xr-x   2 runner runner   4096 Jul 30 11:13 .
drwxr-xr-x 122 runner runner   4096 Jul 30 11:13 ..
-rw-r--r--   1 runner runner 838929 Jul 30 11:13 values.xml

app/build/intermediates/incremental/debug/mergeDebugResources/merged.dir/values-af:
total 20
drwxr-xr-x   2 runner runner 4096 Jul 30 11:13 .
drwxr-xr-x 122 runner runner 4096 Jul 30 11:13 ..
-rw-r--r--   1 runner runner 9294 Jul 30 11:13 values-af.xml

app/build/intermediates/incremental/debug/mergeDebugResources/merged.dir/values-am:
total 20
drwxr-xr-x   2 runner runner  4096 Jul 30 11:13 .
drwxr-xr-x 122 runner runner  4096 Jul 30 11:13 ..
-rw-r--r--   1 runner runner 10320 Jul 30 11:13 values-am.xml

app/build/intermediates/incremental/debug/mergeDebugResources/merged.dir/values-ar:
total 20
drwxr-xr-x   2 runner runner  4096 Jul 30 11:13 .
drwxr-xr-x 122 runner runner  4096 Jul 30 11:13 ..
-rw-r--r--   1 runner runner 10715 Jul 30 11:13 values-ar.xml

app/build/intermediates/incremental/debug/mergeDebugResources/merged.dir/values-as:
total 20
drwxr-xr-x   2 runner runner  4096 Jul 30 11:13 .
drwxr-xr-x 122 runner runner  4096 Jul 30 11:13 ..
-rw-r--r--   1 runner runner 10266 Jul 30 11:13 values-as.xml

app/build/intermediates/incremental/debug/mergeDebugResources/merged.dir/values-az:
total 20
drwxr-xr-x   2 runner runner 4096 Jul 30 11:13 .
drwxr-xr-x 122 runner runner 4096 Jul 30 11:13 ..
-rw-r--r--   1 runner runner 9570 Jul 30 11:13 values-az.xml

app/build/intermediates/incremental/debug/mergeDebugResources/merged.dir/values-b+es+419:
total 16
drwxr-xr-x   2 runner runner 4096 Jul 30 11:13 .
drwxr-xr-x 122 runner runner 4096 Jul 30 11:13 ..
-rw-r--r--   1 runner runner 5961 Jul 30 11:13 values-b+es+419.xml

app/build/intermediates/incremental/debug/mergeDebugResources/merged.dir/values-b+sr+Latn:
total 20
drwxr-xr-x   2 runner runner 4096 Jul 30 11:13 .
drwxr-xr-x 122 runner runner 4096 Jul 30 11:13 ..
-rw-r--r--   1 runner runner 9611 Jul 30 11:13 values-b+sr+Latn.xml

app/build/intermediates/incremental/debug/mergeDebugResources/merged.dir/values-be:
total 20
drwxr-xr-x   2 runner runner  4096 Jul 30 11:13 .
drwxr-xr-x 122 runner runner  4096 Jul 30 11:13 ..
-rw-r--r--   1 runner runner 11126 Jul 30 11:13 values-be.xml

app/build/intermediates/incremental/debug/mergeDebugResources/merged.dir/values-bg:
total 20
drwxr-xr-x   2 runner runner  4096 Jul 30 11:13 .
drwxr-xr-x 122 runner runner  4096 Jul 30 11:13 ..
-rw-r--r--   1 runner runner 11066 Jul 30 11:13 values-bg.xml

app/build/intermediates/incremental/debug/mergeDebugResources/merged.dir/values-bn:
total 20
drwxr-xr-x   2 runner runner  4096 Jul 30 11:13 .
drwxr-xr-x 122 runner runner  4096 Jul 30 11:13 ..
-rw-r--r--   1 runner runner 11938 Jul 30 11:13 values-bn.xml

app/build/intermediates/incremental/debug/mergeDebugResources/merged.dir/values-bs:
total 20
drwxr-xr-x   2 runner runner 4096 Jul 30 11:13 .
drwxr-xr-x 122 runner runner 4096 Jul 30 11:13 ..
-rw-r--r--   1 runner runner 9623 Jul 30 11:13 values-bs.xml

app/build/intermediates/incremental/debug/mergeDebugResources/merged.dir/values-ca:
total 20
drwxr-xr-x   2 runner runner 4096 Jul 30 11:13 .
drwxr-xr-x 122 runner runner 4096 Jul 30 11:13 ..
-rw-r--r--   1 runner runner 9733 Jul 30 11:13 values-ca.xml

app/build/intermediates/incremental/debug/mergeDebugResources/merged.dir/values-cs:
total 20
drwxr-xr-x   2 runner runner 4096 Jul 30 11:13 .
drwxr-xr-x 122 runner runner 4096 Jul 30 11:13 ..
-rw-r--r--   1 runner runner 9691 Jul 30 11:13 values-cs.xml

app/build/intermediates/incremental/debug/mergeDebugResources/merged.dir/values-da:
total 20
drwxr-xr-x   2 runner runner 4096 Jul 30 11:13 .
drwxr-xr-x 122 runner runner 4096 Jul 30 11:13 ..
-rw-r--r--   1 runner runner 9335 Jul 30 11:13 values-da.xml

app/build/intermediates/incremental/debug/mergeDebugResources/merged.dir/values-de:
total 20
drwxr-xr-x   2 runner runner 4096 Jul 30 11:13 .
drwxr-xr-x 122 runner runner 4096 Jul 30 11:13 ..
-rw-r--r--   1 runner runner 9605 Jul 30 11:13 values-de.xml

app/build/intermediates/incremental/debug/mergeDebugResources/merged.dir/values-el:
total 20
drwxr-xr-x   2 runner runner  4096 Jul 30 11:13 .
drwxr-xr-x 122 runner runner  4096 Jul 30 11:13 ..
-rw-r--r--   1 runner runner 11221 Jul 30 11:13 values-el.xml

app/build/intermediates/incremental/debug/mergeDebugResources/merged.dir/values-en-rAU:
total 12
drwxr-xr-x   2 runner runner 4096 Jul 30 11:13 .
drwxr-xr-x 122 runner runner 4096 Jul 30 11:13 ..
-rw-r--r--   1 runner runner 3675 Jul 30 11:13 values-en-rAU.xml

app/build/intermediates/incremental/debug/mergeDebugResources/merged.dir/values-en-rCA:
total 12
drwxr-xr-x   2 runner runner 4096 Jul 30 11:13 .
drwxr-xr-x 122 runner runner 4096 Jul 30 11:13 ..
-rw-r--r--   1 runner runner 3674 Jul 30 11:13 values-en-rCA.xml

app/build/intermediates/incremental/debug/mergeDebugResources/merged.dir/values-en-rGB:
total 20
drwxr-xr-x   2 runner runner 4096 Jul 30 11:13 .
drwxr-xr-x 122 runner runner 4096 Jul 30 11:13 ..
-rw-r--r--   1 runner runner 9224 Jul 30 11:13 values-en-rGB.xml

app/build/intermediates/incremental/debug/mergeDebugResources/merged.dir/values-en-rIN:
total 12
drwxr-xr-x   2 runner runner 4096 Jul 30 11:13 .
drwxr-xr-x 122 runner runner 4096 Jul 30 11:13 ..
-rw-r--r--   1 runner runner 3675 Jul 30 11:13 values-en-rIN.xml

app/build/intermediates/incremental/debug/mergeDebugResources/merged.dir/values-en-rXC:
total 24
drwxr-xr-x   2 runner runner  4096 Jul 30 11:13 .
drwxr-xr-x 122 runner runner  4096 Jul 30 11:13 ..
-rw-r--r--   1 runner runner 14717 Jul 30 11:13 values-en-rXC.xml

app/build/intermediates/incremental/debug/mergeDebugResources/merged.dir/values-es:
total 20
drwxr-xr-x   2 runner runner 4096 Jul 30 11:13 .
drwxr-xr-x 122 runner runner 4096 Jul 30 11:13 ..
-rw-r--r--   1 runner runner 9686 Jul 30 11:13 values-es.xml

app/build/intermediates/incremental/debug/mergeDebugResources/merged.dir/values-es-rUS:
total 20
drwxr-xr-x   2 runner runner 4096 Jul 30 11:13 .
drwxr-xr-x 122 runner runner 4096 Jul 30 11:13 ..
-rw-r--r--   1 runner runner 9652 Jul 30 11:13 values-es-rUS.xml

app/build/intermediates/incremental/debug/mergeDebugResources/merged.dir/values-et:
total 20
drwxr-xr-x   2 runner runner 4096 Jul 30 11:13 .
drwxr-xr-x 122 runner runner 4096 Jul 30 11:13 ..
-rw-r--r--   1 runner runner 9478 Jul 30 11:13 values-et.xml

app/build/intermediates/incremental/debug/mergeDebugResources/merged.dir/values-eu:
total 20
drwxr-xr-x   2 runner runner 4096 Jul 30 11:13 .
drwxr-xr-x 122 runner runner 4096 Jul 30 11:13 ..
-rw-r--r--   1 runner runner 9572 Jul 30 11:13 values-eu.xml

app/build/intermediates/incremental/debug/mergeDebugResources/merged.dir/values-fa:
total 20
drwxr-xr-x   2 runner runner  4096 Jul 30 11:13 .
drwxr-xr-x 122 runner runner  4096 Jul 30 11:13 ..
-rw-r--r--   1 runner runner 10376 Jul 30 11:13 values-fa.xml

app/build/intermediates/incremental/debug/mergeDebugResources/merged.dir/values-fi:
total 20
drwxr-xr-x   2 runner runner 4096 Jul 30 11:13 .
drwxr-xr-x 122 runner runner 4096 Jul 30 11:13 ..
-rw-r--r--   1 runner runner 9431 Jul 30 11:13 values-fi.xml

app/build/intermediates/incremental/debug/mergeDebugResources/merged.dir/values-fr:
total 20
drwxr-xr-x   2 runner runner 4096 Jul 30 11:13 .
drwxr-xr-x 122 runner runner 4096 Jul 30 11:13 ..
-rw-r--r--   1 runner runner 9730 Jul 30 11:13 values-fr.xml

app/build/intermediates/incremental/debug/mergeDebugResources/merged.dir/values-fr-rCA:
total 20
drwxr-xr-x   2 runner runner 4096 Jul 30 11:13 .
drwxr-xr-x 122 runner runner 4096 Jul 30 11:13 ..
-rw-r--r--   1 runner runner 9779 Jul 30 11:13 values-fr-rCA.xml

app/build/intermediates/incremental/debug/mergeDebugResources/merged.dir/values-gl:
total 20
drwxr-xr-x   2 runner runner 4096 Jul 30 11:13 .
drwxr-xr-x 122 runner runner 4096 Jul 30 11:13 ..
-rw-r--r--   1 runner runner 9748 Jul 30 11:13 values-gl.xml

app/build/intermediates/incremental/debug/mergeDebugResources/merged.dir/values-gu:
total 20
drwxr-xr-x   2 runner runner  4096 Jul 30 11:13 .
drwxr-xr-x 122 runner runner  4096 Jul 30 11:13 ..
-rw-r--r--   1 runner runner 11645 Jul 30 11:13 values-gu.xml

app/build/intermediates/incremental/debug/mergeDebugResources/merged.dir/values-h320dp-port-v13:
total 12
drwxr-xr-x   2 runner runner 4096 Jul 30 11:13 .
drwxr-xr-x 122 runner runner 4096 Jul 30 11:13 ..
-rw-r--r--   1 runner runner  127 Jul 30 11:13 values-h320dp-port-v13.xml

app/build/intermediates/incremental/debug/mergeDebugResources/merged.dir/values-h360dp-land-v13:
total 12
drwxr-xr-x   2 runner runner 4096 Jul 30 11:13 .
drwxr-xr-x 122 runner runner 4096 Jul 30 11:13 ..
-rw-r--r--   1 runner runner  624 Jul 30 11:13 values-h360dp-land-v13.xml

app/build/intermediates/incremental/debug/mergeDebugResources/merged.dir/values-h480dp-land-v13:
total 12
drwxr-xr-x   2 runner runner 4096 Jul 30 11:13 .
drwxr-xr-x 122 runner runner 4096 Jul 30 11:13 ..
-rw-r--r--   1 runner runner  624 Jul 30 11:13 values-h480dp-land-v13.xml

app/build/intermediates/incremental/debug/mergeDebugResources/merged.dir/values-h550dp-port-v13:
total 12
drwxr-xr-x   2 runner runner 4096 Jul 30 11:13 .
drwxr-xr-x 122 runner runner 4096 Jul 30 11:13 ..
-rw-r--r--   1 runner runner  128 Jul 30 11:13 values-h550dp-port-v13.xml

app/build/intermediates/incremental/debug/mergeDebugResources/merged.dir/values-h720dp-v13:
total 12
drwxr-xr-x   2 runner runner 4096 Jul 30 11:13 .
drwxr-xr-x 122 runner runner 4096 Jul 30 11:13 ..
-rw-r--r--   1 runner runner  130 Jul 30 11:13 values-h720dp-v13.xml

app/build/intermediates/incremental/debug/mergeDebugResources/merged.dir/values-hdpi-v4:
total 12
drwxr-xr-x   2 runner runner 4096 Jul 30 11:13 .
drwxr-xr-x 122 runner runner 4096 Jul 30 11:13 ..
-rw-r--r--   1 runner runner  340 Jul 30 11:13 values-hdpi-v4.xml

app/build/intermediates/incremental/debug/mergeDebugResources/merged.dir/values-hi:
total 20
drwxr-xr-x   2 runner runner  4096 Jul 30 11:13 .
drwxr-xr-x 122 runner runner  4096 Jul 30 11:13 ..
-rw-r--r--   1 runner runner 11859 Jul 30 11:13 values-hi.xml

app/build/intermediates/incremental/debug/mergeDebugResources/merged.dir/values-hr:
total 20
drwxr-xr-x   2 runner runner 4096 Jul 30 11:13 .
drwxr-xr-x 122 runner runner 4096 Jul 30 11:13 ..
-rw-r--r--   1 runner runner 9631 Jul 30 11:13 values-hr.xml

app/build/intermediates/incremental/debug/mergeDebugResources/merged.dir/values-hu:
total 20
drwxr-xr-x   2 runner runner 4096 Jul 30 11:13 .
drwxr-xr-x 122 runner runner 4096 Jul 30 11:13 ..
-rw-r--r--   1 runner runner 9716 Jul 30 11:13 values-hu.xml

app/build/intermediates/incremental/debug/mergeDebugResources/merged.dir/values-hy:
total 20
drwxr-xr-x   2 runner runner  4096 Jul 30 11:13 .
drwxr-xr-x 122 runner runner  4096 Jul 30 11:13 ..
-rw-r--r--   1 runner runner 10790 Jul 30 11:13 values-hy.xml

app/build/intermediates/incremental/debug/mergeDebugResources/merged.dir/values-in:
total 20
drwxr-xr-x   2 runner runner 4096 Jul 30 11:13 .
drwxr-xr-x 122 runner runner 4096 Jul 30 11:13 ..
-rw-r--r--   1 runner runner 9376 Jul 30 11:13 values-in.xml

app/build/intermediates/incremental/debug/mergeDebugResources/merged.dir/values-is:
total 20
drwxr-xr-x   2 runner runner 4096 Jul 30 11:13 .
drwxr-xr-x 122 runner runner 4096 Jul 30 11:13 ..
-rw-r--r--   1 runner runner 9396 Jul 30 11:13 values-is.xml

app/build/intermediates/incremental/debug/mergeDebugResources/merged.dir/values-it:
total 20
drwxr-xr-x   2 runner runner 4096 Jul 30 11:13 .
drwxr-xr-x 122 runner runner 4096 Jul 30 11:13 ..
-rw-r--r--   1 runner runner 9574 Jul 30 11:13 values-it.xml

app/build/intermediates/incremental/debug/mergeDebugResources/merged.dir/values-iw:
total 20
drwxr-xr-x   2 runner runner  4096 Jul 30 11:13 .
drwxr-xr-x 122 runner runner  4096 Jul 30 11:13 ..
-rw-r--r--   1 runner runner 10139 Jul 30 11:13 values-iw.xml

app/build/intermediates/incremental/debug/mergeDebugResources/merged.dir/values-ja:
total 20
drwxr-xr-x   2 runner runner 4096 Jul 30 11:13 .
drwxr-xr-x 122 runner runner 4096 Jul 30 11:13 ..
-rw-r--r--   1 runner runner 9700 Jul 30 11:13 values-ja.xml

app/build/intermediates/incremental/debug/mergeDebugResources/merged.dir/values-ka:
total 20
drwxr-xr-x   2 runner runner  4096 Jul 30 11:13 .
drwxr-xr-x 122 runner runner  4096 Jul 30 11:13 ..
-rw-r--r--   1 runner runner 12069 Jul 30 11:13 values-ka.xml

app/build/intermediates/incremental/debug/mergeDebugResources/merged.dir/values-kk:
total 20
drwxr-xr-x   2 runner runner  4096 Jul 30 11:13 .
drwxr-xr-x 122 runner runner  4096 Jul 30 11:13 ..
-rw-r--r--   1 runner runner 10559 Jul 30 11:13 values-kk.xml

app/build/intermediates/incremental/debug/mergeDebugResources/merged.dir/values-km:
total 20
drwxr-xr-x   2 runner runner  4096 Jul 30 11:13 .
drwxr-xr-x 122 runner runner  4096 Jul 30 11:13 ..
-rw-r--r--   1 runner runner 12166 Jul 30 11:13 values-km.xml

app/build/intermediates/incremental/debug/mergeDebugResources/merged.dir/values-kn:
total 24
drwxr-xr-x   2 runner runner  4096 Jul 30 11:13 .
drwxr-xr-x 122 runner runner  4096 Jul 30 11:13 ..
-rw-r--r--   1 runner runner 12426 Jul 30 11:13 values-kn.xml

app/build/intermediates/incremental/debug/mergeDebugResources/merged.dir/values-ko:
total 20
drwxr-xr-x   2 runner runner 4096 Jul 30 11:13 .
drwxr-xr-x 122 runner runner 4096 Jul 30 11:13 ..
-rw-r--r--   1 runner runner 9460 Jul 30 11:13 values-ko.xml

app/build/intermediates/incremental/debug/mergeDebugResources/merged.dir/values-ky:
total 20
drwxr-xr-x   2 runner runner  4096 Jul 30 11:13 .
drwxr-xr-x 122 runner runner  4096 Jul 30 11:13 ..
-rw-r--r--   1 runner runner 10875 Jul 30 11:13 values-ky.xml

app/build/intermediates/incremental/debug/mergeDebugResources/merged.dir/values-land:
total 12
drwxr-xr-x   2 runner runner 4096 Jul 30 11:13 .
drwxr-xr-x 122 runner runner 4096 Jul 30 11:13 ..
-rw-r--r--   1 runner runner 2949 Jul 30 11:13 values-land.xml

app/build/intermediates/incremental/debug/mergeDebugResources/merged.dir/values-large-v4:
total 12
drwxr-xr-x   2 runner runner 4096 Jul 30 11:13 .
drwxr-xr-x 122 runner runner 4096 Jul 30 11:13 ..
-rw-r--r--   1 runner runner 1246 Jul 30 11:13 values-large-v4.xml

app/build/intermediates/incremental/debug/mergeDebugResources/merged.dir/values-ldltr-v21:
total 12
drwxr-xr-x   2 runner runner 4096 Jul 30 11:13 .
drwxr-xr-x 122 runner runner 4096 Jul 30 11:13 ..
-rw-r--r--   1 runner runner  176 Jul 30 11:13 values-ldltr-v21.xml

app/build/intermediates/incremental/debug/mergeDebugResources/merged.dir/values-ldrtl-v17:
total 12
drwxr-xr-x   2 runner runner 4096 Jul 30 11:13 .
drwxr-xr-x 122 runner runner 4096 Jul 30 11:13 ..
-rw-r--r--   1 runner runner  340 Jul 30 11:13 values-ldrtl-v17.xml

app/build/intermediates/incremental/debug/mergeDebugResources/merged.dir/values-lo:
total 20
drwxr-xr-x   2 runner runner  4096 Jul 30 11:13 .
drwxr-xr-x 122 runner runner  4096 Jul 30 11:13 ..
-rw-r--r--   1 runner runner 11630 Jul 30 11:13 values-lo.xml

app/build/intermediates/incremental/debug/mergeDebugResources/merged.dir/values-lt:
total 20
drwxr-xr-x   2 runner runner 4096 Jul 30 11:13 .
drwxr-xr-x 122 runner runner 4096 Jul 30 11:13 ..
-rw-r--r--   1 runner runner 9929 Jul 30 11:13 values-lt.xml

app/build/intermediates/incremental/debug/mergeDebugResources/merged.dir/values-lv:
total 20
drwxr-xr-x   2 runner runner 4096 Jul 30 11:13 .
drwxr-xr-x 122 runner runner 4096 Jul 30 11:13 ..
-rw-r--r--   1 runner runner 9971 Jul 30 11:13 values-lv.xml

app/build/intermediates/incremental/debug/mergeDebugResources/merged.dir/values-mk:
total 20
drwxr-xr-x   2 runner runner  4096 Jul 30 11:13 .
drwxr-xr-x 122 runner runner  4096 Jul 30 11:13 ..
-rw-r--r--   1 runner runner 10823 Jul 30 11:13 values-mk.xml

app/build/intermediates/incremental/debug/mergeDebugResources/merged.dir/values-ml:
total 24
drwxr-xr-x   2 runner runner  4096 Jul 30 11:13 .
drwxr-xr-x 122 runner runner  4096 Jul 30 11:13 ..
-rw-r--r--   1 runner runner 12842 Jul 30 11:13 values-ml.xml

app/build/intermediates/incremental/debug/mergeDebugResources/merged.dir/values-mn:
total 20
drwxr-xr-x   2 runner runner  4096 Jul 30 11:13 .
drwxr-xr-x 122 runner runner  4096 Jul 30 11:13 ..
-rw-r--r--   1 runner runner 10682 Jul 30 11:13 values-mn.xml

app/build/intermediates/incremental/debug/mergeDebugResources/merged.dir/values-mr:
total 20
drwxr-xr-x   2 runner runner  4096 Jul 30 11:13 .
drwxr-xr-x 122 runner runner  4096 Jul 30 11:13 ..
-rw-r--r--   1 runner runner 11758 Jul 30 11:13 values-mr.xml

app/build/intermediates/incremental/debug/mergeDebugResources/merged.dir/values-ms:
total 20
drwxr-xr-x   2 runner runner 4096 Jul 30 11:13 .
drwxr-xr-x 122 runner runner 4096 Jul 30 11:13 ..
-rw-r--r--   1 runner runner 9401 Jul 30 11:13 values-ms.xml

app/build/intermediates/incremental/debug/mergeDebugResources/merged.dir/values-my:
total 24
drwxr-xr-x   2 runner runner  4096 Jul 30 11:13 .
drwxr-xr-x 122 runner runner  4096 Jul 30 11:13 ..
-rw-r--r--   1 runner runner 12492 Jul 30 11:13 values-my.xml

app/build/intermediates/incremental/debug/mergeDebugResources/merged.dir/values-nb:
total 20
drwxr-xr-x   2 runner runner 4096 Jul 30 11:13 .
drwxr-xr-x 122 runner runner 4096 Jul 30 11:13 ..
-rw-r--r--   1 runner runner 9216 Jul 30 11:13 values-nb.xml

app/build/intermediates/incremental/debug/mergeDebugResources/merged.dir/values-ne:
total 20
drwxr-xr-x   2 runner runner  4096 Jul 30 11:13 .
drwxr-xr-x 122 runner runner  4096 Jul 30 11:13 ..
-rw-r--r--   1 runner runner 12223 Jul 30 11:13 values-ne.xml

app/build/intermediates/incremental/debug/mergeDebugResources/merged.dir/values-night-v8:
total 16
drwxr-xr-x   2 runner runner 4096 Jul 30 11:13 .
drwxr-xr-x 122 runner runner 4096 Jul 30 11:13 ..
-rw-r--r--   1 runner runner 4546 Jul 30 11:13 values-night-v8.xml

app/build/intermediates/incremental/debug/mergeDebugResources/merged.dir/values-nl:
total 20
drwxr-xr-x   2 runner runner 4096 Jul 30 11:13 .
drwxr-xr-x 122 runner runner 4096 Jul 30 11:13 ..
-rw-r--r--   1 runner runner 9499 Jul 30 11:13 values-nl.xml

app/build/intermediates/incremental/debug/mergeDebugResources/merged.dir/values-or:
total 20
drwxr-xr-x   2 runner runner  4096 Jul 30 11:13 .
drwxr-xr-x 122 runner runner  4096 Jul 30 11:13 ..
-rw-r--r--   1 runner runner 10350 Jul 30 11:13 values-or.xml

app/build/intermediates/incremental/debug/mergeDebugResources/merged.dir/values-pa:
total 20
drwxr-xr-x   2 runner runner  4096 Jul 30 11:13 .
drwxr-xr-x 122 runner runner  4096 Jul 30 11:13 ..
-rw-r--r--   1 runner runner 11309 Jul 30 11:13 values-pa.xml

app/build/intermediates/incremental/debug/mergeDebugResources/merged.dir/values-pl:
total 20
drwxr-xr-x   2 runner runner 4096 Jul 30 11:13 .
drwxr-xr-x 122 runner runner 4096 Jul 30 11:13 ..
-rw-r--r--   1 runner runner 9706 Jul 30 11:13 values-pl.xml

app/build/intermediates/incremental/debug/mergeDebugResources/merged.dir/values-port:
total 12
drwxr-xr-x   2 runner runner 4096 Jul 30 11:13 .
drwxr-xr-x 122 runner runner 4096 Jul 30 11:13 ..
-rw-r--r--   1 runner runner  119 Jul 30 11:13 values-port.xml

app/build/intermediates/incremental/debug/mergeDebugResources/merged.dir/values-pt:
total 12
drwxr-xr-x   2 runner runner 4096 Jul 30 11:13 .
drwxr-xr-x 122 runner runner 4096 Jul 30 11:13 ..
-rw-r--r--   1 runner runner 3783 Jul 30 11:13 values-pt.xml

app/build/intermediates/incremental/debug/mergeDebugResources/merged.dir/values-pt-rBR:
total 20
drwxr-xr-x   2 runner runner 4096 Jul 30 11:13 .
drwxr-xr-x 122 runner runner 4096 Jul 30 11:13 ..
-rw-r--r--   1 runner runner 9624 Jul 30 11:13 values-pt-rBR.xml

app/build/intermediates/incremental/debug/mergeDebugResources/merged.dir/values-pt-rPT:
total 20
drwxr-xr-x   2 runner runner 4096 Jul 30 11:13 .
drwxr-xr-x 122 runner runner 4096 Jul 30 11:13 ..
-rw-r--r--   1 runner runner 9643 Jul 30 11:13 values-pt-rPT.xml

app/build/intermediates/incremental/debug/mergeDebugResources/merged.dir/values-ro:
total 20
drwxr-xr-x   2 runner runner 4096 Jul 30 11:13 .
drwxr-xr-x 122 runner runner 4096 Jul 30 11:13 ..
-rw-r--r--   1 runner runner 9739 Jul 30 11:13 values-ro.xml

app/build/intermediates/incremental/debug/mergeDebugResources/merged.dir/values-ru:
total 20
drwxr-xr-x   2 runner runner  4096 Jul 30 11:13 .
drwxr-xr-x 122 runner runner  4096 Jul 30 11:13 ..
-rw-r--r--   1 runner runner 10963 Jul 30 11:13 values-ru.xml

app/build/intermediates/incremental/debug/mergeDebugResources/merged.dir/values-si:
total 20
drwxr-xr-x   2 runner runner  4096 Jul 30 11:13 .
drwxr-xr-x 122 runner runner  4096 Jul 30 11:13 ..
-rw-r--r--   1 runner runner 11687 Jul 30 11:13 values-si.xml

app/build/intermediates/incremental/debug/mergeDebugResources/merged.dir/values-sk:
total 20
drwxr-xr-x   2 runner runner 4096 Jul 30 11:13 .
drwxr-xr-x 122 runner runner 4096 Jul 30 11:13 ..
-rw-r--r--   1 runner runner 9692 Jul 30 11:13 values-sk.xml

app/build/intermediates/incremental/debug/mergeDebugResources/merged.dir/values-sl:
total 20
drwxr-xr-x   2 runner runner 4096 Jul 30 11:13 .
drwxr-xr-x 122 runner runner 4096 Jul 30 11:13 ..
-rw-r--r--   1 runner runner 9654 Jul 30 11:13 values-sl.xml

app/build/intermediates/incremental/debug/mergeDebugResources/merged.dir/values-small-v4:
total 12
drwxr-xr-x   2 runner runner 4096 Jul 30 11:13 .
drwxr-xr-x 122 runner runner 4096 Jul 30 11:13 ..
-rw-r--r--   1 runner runner  348 Jul 30 11:13 values-small-v4.xml

app/build/intermediates/incremental/debug/mergeDebugResources/merged.dir/values-sq:
total 20
drwxr-xr-x   2 runner runner 4096 Jul 30 11:13 .
drwxr-xr-x 122 runner runner 4096 Jul 30 11:13 ..
-rw-r--r--   1 runner runner 9597 Jul 30 11:13 values-sq.xml

app/build/intermediates/incremental/debug/mergeDebugResources/merged.dir/values-sr:
total 20
drwxr-xr-x   2 runner runner  4096 Jul 30 11:13 .
drwxr-xr-x 122 runner runner  4096 Jul 30 11:13 ..
-rw-r--r--   1 runner runner 10828 Jul 30 11:13 values-sr.xml

app/build/intermediates/incremental/debug/mergeDebugResources/merged.dir/values-sv:
total 20
drwxr-xr-x   2 runner runner 4096 Jul 30 11:13 .
drwxr-xr-x 122 runner runner 4096 Jul 30 11:13 ..
-rw-r--r--   1 runner runner 9374 Jul 30 11:13 values-sv.xml

app/build/intermediates/incremental/debug/mergeDebugResources/merged.dir/values-sw:
total 20
drwxr-xr-x   2 runner runner 4096 Jul 30 11:13 .
drwxr-xr-x 122 runner runner 4096 Jul 30 11:13 ..
-rw-r--r--   1 runner runner 9505 Jul 30 11:13 values-sw.xml

app/build/intermediates/incremental/debug/mergeDebugResources/merged.dir/values-sw600dp-v13:
total 12
drwxr-xr-x   2 runner runner 4096 Jul 30 11:13 .
drwxr-xr-x 122 runner runner 4096 Jul 30 11:13 ..
-rw-r--r--   1 runner runner 1531 Jul 30 11:13 values-sw600dp-v13.xml

app/build/intermediates/incremental/debug/mergeDebugResources/merged.dir/values-ta:
total 24
drwxr-xr-x   2 runner runner  4096 Jul 30 11:13 .
drwxr-xr-x 122 runner runner  4096 Jul 30 11:13 ..
-rw-r--r--   1 runner runner 12802 Jul 30 11:13 values-ta.xml

app/build/intermediates/incremental/debug/mergeDebugResources/merged.dir/values-te:
total 24
drwxr-xr-x   2 runner runner  4096 Jul 30 11:13 .
drwxr-xr-x 122 runner runner  4096 Jul 30 11:13 ..
-rw-r--r--   1 runner runner 12523 Jul 30 11:13 values-te.xml

app/build/intermediates/incremental/debug/mergeDebugResources/merged.dir/values-th:
total 20
drwxr-xr-x   2 runner runner  4096 Jul 30 11:13 .
drwxr-xr-x 122 runner runner  4096 Jul 30 11:13 ..
-rw-r--r--   1 runner runner 11499 Jul 30 11:13 values-th.xml

app/build/intermediates/incremental/debug/mergeDebugResources/merged.dir/values-tl:
total 20
drwxr-xr-x   2 runner runner 4096 Jul 30 11:13 .
drwxr-xr-x 122 runner runner 4096 Jul 30 11:13 ..
-rw-r--r--   1 runner runner 9702 Jul 30 11:13 values-tl.xml

app/build/intermediates/incremental/debug/mergeDebugResources/merged.dir/values-tr:
total 20
drwxr-xr-x   2 runner runner 4096 Jul 30 11:13 .
drwxr-xr-x 122 runner runner 4096 Jul 30 11:13 ..
-rw-r--r--   1 runner runner 9455 Jul 30 11:13 values-tr.xml

app/build/intermediates/incremental/debug/mergeDebugResources/merged.dir/values-uk:
total 20
drwxr-xr-x   2 runner runner  4096 Jul 30 11:13 .
drwxr-xr-x 122 runner runner  4096 Jul 30 11:13 ..
-rw-r--r--   1 runner runner 10917 Jul 30 11:13 values-uk.xml

app/build/intermediates/incremental/debug/mergeDebugResources/merged.dir/values-ur:
total 20
drwxr-xr-x   2 runner runner  4096 Jul 30 11:13 .
drwxr-xr-x 122 runner runner  4096 Jul 30 11:13 ..
-rw-r--r--   1 runner runner 10542 Jul 30 11:13 values-ur.xml

app/build/intermediates/incremental/debug/mergeDebugResources/merged.dir/values-uz:
total 20
drwxr-xr-x   2 runner runner 4096 Jul 30 11:13 .
drwxr-xr-x 122 runner runner 4096 Jul 30 11:13 ..
-rw-r--r--   1 runner runner 9507 Jul 30 11:13 values-uz.xml

app/build/intermediates/incremental/debug/mergeDebugResources/merged.dir/values-v16:
total 12
drwxr-xr-x   2 runner runner 4096 Jul 30 11:13 .
drwxr-xr-x 122 runner runner 4096 Jul 30 11:13 ..
-rw-r--r--   1 runner runner  302 Jul 30 11:13 values-v16.xml

app/build/intermediates/incremental/debug/mergeDebugResources/merged.dir/values-v17:
total 12
drwxr-xr-x   2 runner runner 4096 Jul 30 11:13 .
drwxr-xr-x 122 runner runner 4096 Jul 30 11:13 ..
-rw-r--r--   1 runner runner 3553 Jul 30 11:13 values-v17.xml

app/build/intermediates/incremental/debug/mergeDebugResources/merged.dir/values-v18:
total 12
drwxr-xr-x   2 runner runner 4096 Jul 30 11:13 .
drwxr-xr-x 122 runner runner 4096 Jul 30 11:13 ..
-rw-r--r--   1 runner runner  112 Jul 30 11:13 values-v18.xml

app/build/intermediates/incremental/debug/mergeDebugResources/merged.dir/values-v21:
total 48
drwxr-xr-x   2 runner runner  4096 Jul 30 11:13 .
drwxr-xr-x 122 runner runner  4096 Jul 30 11:13 ..
-rw-r--r--   1 runner runner 38896 Jul 30 11:13 values-v21.xml

app/build/intermediates/incremental/debug/mergeDebugResources/merged.dir/values-v22:
total 12
drwxr-xr-x   2 runner runner 4096 Jul 30 11:13 .
drwxr-xr-x 122 runner runner 4096 Jul 30 11:13 ..
-rw-r--r--   1 runner runner  777 Jul 30 11:13 values-v22.xml

app/build/intermediates/incremental/debug/mergeDebugResources/merged.dir/values-v23:
total 16
drwxr-xr-x   2 runner runner 4096 Jul 30 11:13 .
drwxr-xr-x 122 runner runner 4096 Jul 30 11:13 ..
-rw-r--r--   1 runner runner 5476 Jul 30 11:13 values-v23.xml

app/build/intermediates/incremental/debug/mergeDebugResources/merged.dir/values-v24:
total 12
drwxr-xr-x   2 runner runner 4096 Jul 30 11:13 .
drwxr-xr-x 122 runner runner 4096 Jul 30 11:13 ..
-rw-r--r--   1 runner runner 1555 Jul 30 11:13 values-v24.xml

app/build/intermediates/incremental/debug/mergeDebugResources/merged.dir/values-v25:
total 12
drwxr-xr-x   2 runner runner 4096 Jul 30 11:13 .
drwxr-xr-x 122 runner runner 4096 Jul 30 11:13 ..
-rw-r--r--   1 runner runner  427 Jul 30 11:13 values-v25.xml

app/build/intermediates/incremental/debug/mergeDebugResources/merged.dir/values-v26:
total 12
drwxr-xr-x   2 runner runner 4096 Jul 30 11:13 .
drwxr-xr-x 122 runner runner 4096 Jul 30 11:13 ..
-rw-r--r--   1 runner runner  897 Jul 30 11:13 values-v26.xml

app/build/intermediates/incremental/debug/mergeDebugResources/merged.dir/values-v28:
total 12
drwxr-xr-x   2 runner runner 4096 Jul 30 11:13 .
drwxr-xr-x 122 runner runner 4096 Jul 30 11:13 ..
-rw-r--r--   1 runner runner 1971 Jul 30 11:13 values-v28.xml

app/build/intermediates/incremental/debug/mergeDebugResources/merged.dir/values-v31:
total 52
drwxr-xr-x   2 runner runner  4096 Jul 30 11:13 .
drwxr-xr-x 122 runner runner  4096 Jul 30 11:13 ..
-rw-r--r--   1 runner runner 44215 Jul 30 11:13 values-v31.xml

app/build/intermediates/incremental/debug/mergeDebugResources/merged.dir/values-v34:
total 20
drwxr-xr-x   2 runner runner 4096 Jul 30 11:13 .
drwxr-xr-x 122 runner runner 4096 Jul 30 11:13 ..
-rw-r--r--   1 runner runner 9779 Jul 30 11:13 values-v34.xml

app/build/intermediates/incremental/debug/mergeDebugResources/merged.dir/values-vi:
total 20
drwxr-xr-x   2 runner runner 4096 Jul 30 11:13 .
drwxr-xr-x 122 runner runner 4096 Jul 30 11:13 ..
-rw-r--r--   1 runner runner 9788 Jul 30 11:13 values-vi.xml

app/build/intermediates/incremental/debug/mergeDebugResources/merged.dir/values-w320dp-land-v13:
total 12
drwxr-xr-x   2 runner runner 4096 Jul 30 11:13 .
drwxr-xr-x 122 runner runner 4096 Jul 30 11:13 ..
-rw-r--r--   1 runner runner  180 Jul 30 11:13 values-w320dp-land-v13.xml

app/build/intermediates/incremental/debug/mergeDebugResources/merged.dir/values-w360dp-port-v13:
total 12
drwxr-xr-x   2 runner runner 4096 Jul 30 11:13 .
drwxr-xr-x 122 runner runner 4096 Jul 30 11:13 ..
-rw-r--r--   1 runner runner  555 Jul 30 11:13 values-w360dp-port-v13.xml

app/build/intermediates/incremental/debug/mergeDebugResources/merged.dir/values-w400dp-port-v13:
total 12
drwxr-xr-x   2 runner runner 4096 Jul 30 11:13 .
drwxr-xr-x 122 runner runner 4096 Jul 30 11:13 ..
-rw-r--r--   1 runner runner  555 Jul 30 11:13 values-w400dp-port-v13.xml

app/build/intermediates/incremental/debug/mergeDebugResources/merged.dir/values-w600dp-land-v13:
total 12
drwxr-xr-x   2 runner runner 4096 Jul 30 11:13 .
drwxr-xr-x 122 runner runner 4096 Jul 30 11:13 ..
-rw-r--r--   1 runner runner  118 Jul 30 11:13 values-w600dp-land-v13.xml

app/build/intermediates/incremental/debug/mergeDebugResources/merged.dir/values-watch-v20:
total 12
drwxr-xr-x   2 runner runner 4096 Jul 30 11:13 .
drwxr-xr-x 122 runner runner 4096 Jul 30 11:13 ..
-rw-r--r--   1 runner runner  566 Jul 30 11:13 values-watch-v20.xml

app/build/intermediates/incremental/debug/mergeDebugResources/merged.dir/values-watch-v21:
total 12
drwxr-xr-x   2 runner runner 4096 Jul 30 11:13 .
drwxr-xr-x 122 runner runner 4096 Jul 30 11:13 ..
-rw-r--r--   1 runner runner  737 Jul 30 11:13 values-watch-v21.xml

app/build/intermediates/incremental/debug/mergeDebugResources/merged.dir/values-xlarge-v4:
total 12
drwxr-xr-x   2 runner runner 4096 Jul 30 11:13 .
drwxr-xr-x 122 runner runner 4096 Jul 30 11:13 ..
-rw-r--r--   1 runner runner  481 Jul 30 11:13 values-xlarge-v4.xml

app/build/intermediates/incremental/debug/mergeDebugResources/merged.dir/values-zh-rCN:
total 20
drwxr-xr-x   2 runner runner 4096 Jul 30 11:13 .
drwxr-xr-x 122 runner runner 4096 Jul 30 11:13 ..
-rw-r--r--   1 runner runner 9319 Jul 30 11:13 values-zh-rCN.xml

app/build/intermediates/incremental/debug/mergeDebugResources/merged.dir/values-zh-rHK:
total 20
drwxr-xr-x   2 runner runner 4096 Jul 30 11:13 .
drwxr-xr-x 122 runner runner 4096 Jul 30 11:13 ..
-rw-r--r--   1 runner runner 9311 Jul 30 11:13 values-zh-rHK.xml

app/build/intermediates/incremental/debug/mergeDebugResources/merged.dir/values-zh-rTW:
total 20
drwxr-xr-x   2 runner runner 4096 Jul 30 11:13 .
drwxr-xr-x 122 runner runner 4096 Jul 30 11:13 ..
-rw-r--r--   1 runner runner 9322 Jul 30 11:13 values-zh-rTW.xml

app/build/intermediates/incremental/debug/mergeDebugResources/merged.dir/values-zu:
total 20
drwxr-xr-x   2 runner runner 4096 Jul 30 11:13 .
drwxr-xr-x 122 runner runner 4096 Jul 30 11:13 ..
-rw-r--r--   1 runner runner 9577 Jul 30 11:13 values-zu.xml

app/build/intermediates/incremental/debug/mergeDebugResources/stripped.dir:
total 12
drwxr-xr-x 3 runner runner 4096 Jul 30 11:13 .
drwxr-xr-x 4 runner runner 4096 Jul 30 11:13 ..
drwxr-xr-x 2 runner runner 4096 Jul 30 11:13 layout

app/build/intermediates/incremental/debug/mergeDebugResources/stripped.dir/layout:
total 20
drwxr-xr-x 2 runner runner 4096 Jul 30 11:13 .
drwxr-xr-x 3 runner runner 4096 Jul 30 11:13 ..
-rw-r--r-- 1 runner runner 2766 Jul 30 11:12 activity_main.xml
-rw-r--r-- 1 runner runner 2238 Jul 30 11:12 item_category_header.xml
-rw-r--r-- 1 runner runner  938 Jul 30 11:12 item_info_row.xml

app/build/intermediates/incremental/debug/packageDebugResources:
total 28
drwxr-xr-x 4 runner runner 4096 Jul 30 11:13 .
drwxr-xr-x 4 runner runner 4096 Jul 30 11:13 ..
-rw-r--r-- 1 runner runner 2311 Jul 30 11:13 compile-file-map.properties
drwxr-xr-x 3 runner runner 4096 Jul 30 11:13 merged.dir
-rw-r--r-- 1 runner runner 6825 Jul 30 11:13 merger.xml
drwxr-xr-x 3 runner runner 4096 Jul 30 11:13 stripped.dir

app/build/intermediates/incremental/debug/packageDebugResources/merged.dir:
total 12
drwxr-xr-x 3 runner runner 4096 Jul 30 11:13 .
drwxr-xr-x 4 runner runner 4096 Jul 30 11:13 ..
drwxr-xr-x 2 runner runner 4096 Jul 30 11:13 values

app/build/intermediates/incremental/debug/packageDebugResources/merged.dir/values:
total 12
drwxr-xr-x 2 runner runner 4096 Jul 30 11:13 .
drwxr-xr-x 3 runner runner 4096 Jul 30 11:13 ..
-rw-r--r-- 1 runner runner 2868 Jul 30 11:13 values.xml

app/build/intermediates/incremental/debug/packageDebugResources/stripped.dir:
total 12
drwxr-xr-x 3 runner runner 4096 Jul 30 11:13 .
drwxr-xr-x 4 runner runner 4096 Jul 30 11:13 ..
drwxr-xr-x 2 runner runner 4096 Jul 30 11:13 layout

app/build/intermediates/incremental/debug/packageDebugResources/stripped.dir/layout:
total 20
drwxr-xr-x 2 runner runner 4096 Jul 30 11:13 .
drwxr-xr-x 3 runner runner 4096 Jul 30 11:13 ..
-rw-r--r-- 1 runner runner 2766 Jul 30 11:12 activity_main.xml
-rw-r--r-- 1 runner runner 2238 Jul 30 11:12 item_category_header.xml
-rw-r--r-- 1 runner runner  938 Jul 30 11:12 item_info_row.xml

app/build/intermediates/incremental/mergeDebugAssets:
total 12
drwxr-xr-x 2 runner runner 4096 Jul 30 11:13 .
drwxr-xr-x 7 runner runner 4096 Jul 30 11:13 ..
-rw-r--r-- 1 runner runner  739 Jul 30 11:13 merger.xml

app/build/intermediates/incremental/mergeDebugJniLibFolders:
total 12
drwxr-xr-x 2 runner runner 4096 Jul 30 11:13 .
drwxr-xr-x 7 runner runner 4096 Jul 30 11:13 ..
-rw-r--r-- 1 runner runner  496 Jul 30 11:13 merger.xml

app/build/intermediates/incremental/mergeDebugShaders:
total 12
drwxr-xr-x 2 runner runner 4096 Jul 30 11:13 .
drwxr-xr-x 7 runner runner 4096 Jul 30 11:13 ..
-rw-r--r-- 1 runner runner  496 Jul 30 11:13 merger.xml

app/build/intermediates/local_only_symbol_list:
total 12
drwxr-xr-x  3 runner runner 4096 Jul 30 11:13 .
drwxr-xr-x 35 runner runner 4096 Jul 30 11:14 ..
drwxr-xr-x  2 runner runner 4096 Jul 30 11:13 debug

app/build/intermediates/local_only_symbol_list/debug:
total 12
drwxr-xr-x 2 runner runner 4096 Jul 30 11:13 .
drwxr-xr-x 3 runner runner 4096 Jul 30 11:13 ..
-rw-r--r-- 1 runner runner 1309 Jul 30 11:13 R-def.txt

app/build/intermediates/manifest_merge_blame_file:
total 12
drwxr-xr-x  3 runner runner 4096 Jul 30 11:13 .
drwxr-xr-x 35 runner runner 4096 Jul 30 11:14 ..
drwxr-xr-x  2 runner runner 4096 Jul 30 11:13 debug

app/build/intermediates/manifest_merge_blame_file/debug:
total 24
drwxr-xr-x 2 runner runner  4096 Jul 30 11:13 .
drwxr-xr-x 3 runner runner  4096 Jul 30 11:13 ..
-rw-r--r-- 1 runner runner 12820 Jul 30 11:13 manifest-merger-blame-debug-report.txt

app/build/intermediates/merged_jni_libs:
total 12
drwxr-xr-x  3 runner runner 4096 Jul 30 11:13 .
drwxr-xr-x 35 runner runner 4096 Jul 30 11:14 ..
drwxr-xr-x  3 runner runner 4096 Jul 30 11:13 debug

app/build/intermediates/merged_jni_libs/debug:
total 12
drwxr-xr-x 3 runner runner 4096 Jul 30 11:13 .
drwxr-xr-x 3 runner runner 4096 Jul 30 11:13 ..
drwxr-xr-x 2 runner runner 4096 Jul 30 11:13 out

app/build/intermediates/merged_jni_libs/debug/out:
total 8
drwxr-xr-x 2 runner runner 4096 Jul 30 11:13 .
drwxr-xr-x 3 runner runner 4096 Jul 30 11:13 ..

app/build/intermediates/merged_manifest:
total 12
drwxr-xr-x  3 runner runner 4096 Jul 30 11:13 .
drwxr-xr-x 35 runner runner 4096 Jul 30 11:14 ..
drwxr-xr-x  2 runner runner 4096 Jul 30 11:13 debug

app/build/intermediates/merged_manifest/debug:
total 12
drwxr-xr-x 2 runner runner 4096 Jul 30 11:13 .
drwxr-xr-x 3 runner runner 4096 Jul 30 11:13 ..
-rw-r--r-- 1 runner runner 3387 Jul 30 11:13 AndroidManifest.xml

app/build/intermediates/merged_manifests:
total 12
drwxr-xr-x  3 runner runner 4096 Jul 30 11:13 .
drwxr-xr-x 35 runner runner 4096 Jul 30 11:14 ..
drwxr-xr-x  2 runner runner 4096 Jul 30 11:13 debug

app/build/intermediates/merged_manifests/debug:
total 16
drwxr-xr-x 2 runner runner 4096 Jul 30 11:13 .
drwxr-xr-x 3 runner runner 4096 Jul 30 11:13 ..
-rw-r--r-- 1 runner runner 3387 Jul 30 11:13 AndroidManifest.xml
-rw-r--r-- 1 runner runner  392 Jul 30 11:13 output-metadata.json

app/build/intermediates/merged_res:
total 20
drwxr-xr-x  3 runner runner  4096 Jul 30 11:13 .
drwxr-xr-x 35 runner runner  4096 Jul 30 11:14 ..
drwxr-xr-x  2 runner runner 12288 Jul 30 11:13 debug

app/build/intermediates/merged_res/debug:
total 2112
drwxr-xr-x 2 runner runner  12288 Jul 30 11:13 .
drwxr-xr-x 3 runner runner   4096 Jul 30 11:13 ..
-rw-r--r-- 1 runner runner    676 Jul 30 11:13 drawable_ic_expand.xml.flat
-rw-r--r-- 1 runner runner    380 Jul 30 11:13 drawable_ic_launcher_background.xml.flat
-rw-r--r-- 1 runner runner    956 Jul 30 11:13 drawable_ic_launcher_foreground.xml.flat
-rw-r--r-- 1 runner runner   1100 Jul 30 11:13 drawable_ic_launcher_legacy.xml.flat
-rw-r--r-- 1 runner runner    852 Jul 30 11:13 drawable_ic_refresh.xml.flat
-rw-r--r-- 1 runner runner   4220 Jul 30 11:13 layout_activity_main.xml.flat
-rw-r--r-- 1 runner runner   3532 Jul 30 11:13 layout_item_category_header.xml.flat
-rw-r--r-- 1 runner runner   1844 Jul 30 11:13 layout_item_info_row.xml.flat
-rw-r--r-- 1 runner runner    460 Jul 30 11:13 mipmap-anydpi-v26_ic_launcher.xml.flat
-rw-r--r-- 1 runner runner    472 Jul 30 11:13 mipmap-anydpi-v26_ic_launcher_round.xml.flat
-rw-r--r-- 1 runner runner    428 Jul 30 11:13 mipmap_ic_launcher.xml.flat
-rw-r--r-- 1 runner runner    440 Jul 30 11:13 mipmap_ic_launcher_round.xml.flat
-rw-r--r-- 1 runner runner   7940 Jul 30 11:13 values-af_values-af.arsc.flat
-rw-r--r-- 1 runner runner   8972 Jul 30 11:13 values-am_values-am.arsc.flat
-rw-r--r-- 1 runner runner   9272 Jul 30 11:13 values-ar_values-ar.arsc.flat
-rw-r--r-- 1 runner runner   8916 Jul 30 11:13 values-as_values-as.arsc.flat
-rw-r--r-- 1 runner runner   8220 Jul 30 11:13 values-az_values-az.arsc.flat
-rw-r--r-- 1 runner runner   6132 Jul 30 11:13 values-b+es+419_values-b+es+419.arsc.flat
-rw-r--r-- 1 runner runner   8776 Jul 30 11:13 values-b+sr+Latn_values-b+sr+Latn.arsc.flat
-rw-r--r-- 1 runner runner   9736 Jul 30 11:13 values-be_values-be.arsc.flat
-rw-r--r-- 1 runner runner   9728 Jul 30 11:13 values-bg_values-bg.arsc.flat
-rw-r--r-- 1 runner runner  10612 Jul 30 11:13 values-bn_values-bn.arsc.flat
-rw-r--r-- 1 runner runner   8248 Jul 30 11:13 values-bs_values-bs.arsc.flat
-rw-r--r-- 1 runner runner   8360 Jul 30 11:13 values-ca_values-ca.arsc.flat
-rw-r--r-- 1 runner runner   8296 Jul 30 11:13 values-cs_values-cs.arsc.flat
-rw-r--r-- 1 runner runner   7984 Jul 30 11:13 values-da_values-da.arsc.flat
-rw-r--r-- 1 runner runner   8252 Jul 30 11:13 values-de_values-de.arsc.flat
-rw-r--r-- 1 runner runner   9888 Jul 30 11:13 values-el_values-el.arsc.flat
-rw-r--r-- 1 runner runner   2696 Jul 30 11:13 values-en-rAU_values-en-rAU.arsc.flat
-rw-r--r-- 1 runner runner   2692 Jul 30 11:13 values-en-rCA_values-en-rCA.arsc.flat
-rw-r--r-- 1 runner runner   8192 Jul 30 11:13 values-en-rGB_values-en-rGB.arsc.flat
-rw-r--r-- 1 runner runner   2696 Jul 30 11:13 values-en-rIN_values-en-rIN.arsc.flat
-rw-r--r-- 1 runner runner  13952 Jul 30 11:13 values-en-rXC_values-en-rXC.arsc.flat
-rw-r--r-- 1 runner runner   8624 Jul 30 11:13 values-es-rUS_values-es-rUS.arsc.flat
-rw-r--r-- 1 runner runner   8336 Jul 30 11:13 values-es_values-es.arsc.flat
-rw-r--r-- 1 runner runner   8124 Jul 30 11:13 values-et_values-et.arsc.flat
-rw-r--r-- 1 runner runner   8220 Jul 30 11:13 values-eu_values-eu.arsc.flat
-rw-r--r-- 1 runner runner   9028 Jul 30 11:13 values-fa_values-fa.arsc.flat
-rw-r--r-- 1 runner runner   8080 Jul 30 11:13 values-fi_values-fi.arsc.flat
-rw-r--r-- 1 runner runner   8740 Jul 30 11:13 values-fr-rCA_values-fr-rCA.arsc.flat
-rw-r--r-- 1 runner runner   8368 Jul 30 11:13 values-fr_values-fr.arsc.flat
-rw-r--r-- 1 runner runner   8400 Jul 30 11:13 values-gl_values-gl.arsc.flat
-rw-r--r-- 1 runner runner  10324 Jul 30 11:13 values-gu_values-gu.arsc.flat
-rw-r--r-- 1 runner runner    288 Jul 30 11:13 values-h320dp-port-v13_values-h320dp-port-v13.arsc.flat
-rw-r--r-- 1 runner runner    796 Jul 30 11:13 values-h360dp-land-v13_values-h360dp-land-v13.arsc.flat
-rw-r--r-- 1 runner runner    796 Jul 30 11:13 values-h480dp-land-v13_values-h480dp-land-v13.arsc.flat
-rw-r--r-- 1 runner runner    288 Jul 30 11:13 values-h550dp-port-v13_values-h550dp-port-v13.arsc.flat
-rw-r--r-- 1 runner runner    276 Jul 30 11:13 values-h720dp-v13_values-h720dp-v13.arsc.flat
-rw-r--r-- 1 runner runner    480 Jul 30 11:13 values-hdpi-v4_values-hdpi-v4.arsc.flat
-rw-r--r-- 1 runner runner  10536 Jul 30 11:13 values-hi_values-hi.arsc.flat
-rw-r--r-- 1 runner runner   8260 Jul 30 11:13 values-hr_values-hr.arsc.flat
-rw-r--r-- 1 runner runner   8364 Jul 30 11:13 values-hu_values-hu.arsc.flat
-rw-r--r-- 1 runner runner   9448 Jul 30 11:13 values-hy_values-hy.arsc.flat
-rw-r--r-- 1 runner runner   8024 Jul 30 11:13 values-in_values-in.arsc.flat
-rw-r--r-- 1 runner runner   8044 Jul 30 11:13 values-is_values-is.arsc.flat
-rw-r--r-- 1 runner runner   8216 Jul 30 11:13 values-it_values-it.arsc.flat
-rw-r--r-- 1 runner runner   8768 Jul 30 11:13 values-iw_values-iw.arsc.flat
-rw-r--r-- 1 runner runner   8352 Jul 30 11:13 values-ja_values-ja.arsc.flat
-rw-r--r-- 1 runner runner  10748 Jul 30 11:13 values-ka_values-ka.arsc.flat
-rw-r--r-- 1 runner runner   9212 Jul 30 11:13 values-kk_values-kk.arsc.flat
-rw-r--r-- 1 runner runner  10852 Jul 30 11:13 values-km_values-km.arsc.flat
-rw-r--r-- 1 runner runner  11112 Jul 30 11:13 values-kn_values-kn.arsc.flat
-rw-r--r-- 1 runner runner   8108 Jul 30 11:13 values-ko_values-ko.arsc.flat
-rw-r--r-- 1 runner runner   9532 Jul 30 11:13 values-ky_values-ky.arsc.flat
-rw-r--r-- 1 runner runner   3128 Jul 30 11:13 values-land_values-land.arsc.flat
-rw-r--r-- 1 runner runner   1420 Jul 30 11:13 values-large-v4_values-large-v4.arsc.flat
-rw-r--r-- 1 runner runner    336 Jul 30 11:13 values-ldltr-v21_values-ldltr-v21.arsc.flat
-rw-r--r-- 1 runner runner    476 Jul 30 11:13 values-ldrtl-v17_values-ldrtl-v17.arsc.flat
-rw-r--r-- 1 runner runner  10304 Jul 30 11:13 values-lo_values-lo.arsc.flat
-rw-r--r-- 1 runner runner   8536 Jul 30 11:13 values-lt_values-lt.arsc.flat
-rw-r--r-- 1 runner runner   8596 Jul 30 11:13 values-lv_values-lv.arsc.flat
-rw-r--r-- 1 runner runner   9484 Jul 30 11:13 values-mk_values-mk.arsc.flat
-rw-r--r-- 1 runner runner  11540 Jul 30 11:13 values-ml_values-ml.arsc.flat
-rw-r--r-- 1 runner runner   9336 Jul 30 11:13 values-mn_values-mn.arsc.flat
-rw-r--r-- 1 runner runner  10436 Jul 30 11:13 values-mr_values-mr.arsc.flat
-rw-r--r-- 1 runner runner   8048 Jul 30 11:13 values-ms_values-ms.arsc.flat
-rw-r--r-- 1 runner runner  11200 Jul 30 11:13 values-my_values-my.arsc.flat
-rw-r--r-- 1 runner runner   7864 Jul 30 11:13 values-nb_values-nb.arsc.flat
-rw-r--r-- 1 runner runner  10900 Jul 30 11:13 values-ne_values-ne.arsc.flat
-rw-r--r-- 1 runner runner   5240 Jul 30 11:13 values-night-v8_values-night-v8.arsc.flat
-rw-r--r-- 1 runner runner   8148 Jul 30 11:13 values-nl_values-nl.arsc.flat
-rw-r--r-- 1 runner runner   9004 Jul 30 11:13 values-or_values-or.arsc.flat
-rw-r--r-- 1 runner runner   9964 Jul 30 11:13 values-pa_values-pa.arsc.flat
-rw-r--r-- 1 runner runner   8312 Jul 30 11:13 values-pl_values-pl.arsc.flat
-rw-r--r-- 1 runner runner    248 Jul 30 11:13 values-port_values-port.arsc.flat
-rw-r--r-- 1 runner runner   8596 Jul 30 11:13 values-pt-rBR_values-pt-rBR.arsc.flat
-rw-r--r-- 1 runner runner   8616 Jul 30 11:13 values-pt-rPT_values-pt-rPT.arsc.flat
-rw-r--r-- 1 runner runner   2688 Jul 30 11:13 values-pt_values-pt.arsc.flat
-rw-r--r-- 1 runner runner   8368 Jul 30 11:13 values-ro_values-ro.arsc.flat
-rw-r--r-- 1 runner runner   9572 Jul 30 11:13 values-ru_values-ru.arsc.flat
-rw-r--r-- 1 runner runner  10356 Jul 30 11:13 values-si_values-si.arsc.flat
-rw-r--r-- 1 runner runner   8300 Jul 30 11:13 values-sk_values-sk.arsc.flat
-rw-r--r-- 1 runner runner   8260 Jul 30 11:13 values-sl_values-sl.arsc.flat
-rw-r--r-- 1 runner runner    488 Jul 30 11:13 values-small-v4_values-small-v4.arsc.flat
-rw-r--r-- 1 runner runner   8236 Jul 30 11:13 values-sq_values-sq.arsc.flat
-rw-r--r-- 1 runner runner   9464 Jul 30 11:13 values-sr_values-sr.arsc.flat
-rw-r--r-- 1 runner runner   8020 Jul 30 11:13 values-sv_values-sv.arsc.flat
-rw-r--r-- 1 runner runner   1708 Jul 30 11:13 values-sw600dp-v13_values-sw600dp-v13.arsc.flat
-rw-r--r-- 1 runner runner   8156 Jul 30 11:13 values-sw_values-sw.arsc.flat
-rw-r--r-- 1 runner runner  11496 Jul 30 11:13 values-ta_values-ta.arsc.flat
-rw-r--r-- 1 runner runner  11212 Jul 30 11:13 values-te_values-te.arsc.flat
-rw-r--r-- 1 runner runner  10172 Jul 30 11:13 values-th_values-th.arsc.flat
-rw-r--r-- 1 runner runner   8352 Jul 30 11:13 values-tl_values-tl.arsc.flat
-rw-r--r-- 1 runner runner   8100 Jul 30 11:13 values-tr_values-tr.arsc.flat
-rw-r--r-- 1 runner runner   9532 Jul 30 11:13 values-uk_values-uk.arsc.flat
-rw-r--r-- 1 runner runner   9196 Jul 30 11:13 values-ur_values-ur.arsc.flat
-rw-r--r-- 1 runner runner   8156 Jul 30 11:13 values-uz_values-uz.arsc.flat
-rw-r--r-- 1 runner runner    476 Jul 30 11:13 values-v16_values-v16.arsc.flat
-rw-r--r-- 1 runner runner   3688 Jul 30 11:13 values-v17_values-v17.arsc.flat
-rw-r--r-- 1 runner runner    240 Jul 30 11:13 values-v18_values-v18.arsc.flat
-rw-r--r-- 1 runner runner  40656 Jul 30 11:13 values-v21_values-v21.arsc.flat
-rw-r--r-- 1 runner runner    928 Jul 30 11:13 values-v22_values-v22.arsc.flat
-rw-r--r-- 1 runner runner   5732 Jul 30 11:13 values-v23_values-v23.arsc.flat
-rw-r--r-- 1 runner runner   1788 Jul 30 11:13 values-v24_values-v24.arsc.flat
-rw-r--r-- 1 runner runner    576 Jul 30 11:13 values-v25_values-v25.arsc.flat
-rw-r--r-- 1 runner runner   1048 Jul 30 11:13 values-v26_values-v26.arsc.flat
-rw-r--r-- 1 runner runner   1804 Jul 30 11:13 values-v28_values-v28.arsc.flat
-rw-r--r-- 1 runner runner  45996 Jul 30 11:13 values-v31_values-v31.arsc.flat
-rw-r--r-- 1 runner runner  10092 Jul 30 11:13 values-v34_values-v34.arsc.flat
-rw-r--r-- 1 runner runner   8436 Jul 30 11:13 values-vi_values-vi.arsc.flat
-rw-r--r-- 1 runner runner    340 Jul 30 11:13 values-w320dp-land-v13_values-w320dp-land-v13.arsc.flat
-rw-r--r-- 1 runner runner    728 Jul 30 11:13 values-w360dp-port-v13_values-w360dp-port-v13.arsc.flat
-rw-r--r-- 1 runner runner    724 Jul 30 11:13 values-w400dp-port-v13_values-w400dp-port-v13.arsc.flat
-rw-r--r-- 1 runner runner    280 Jul 30 11:13 values-w600dp-land-v13_values-w600dp-land-v13.arsc.flat
-rw-r--r-- 1 runner runner    716 Jul 30 11:13 values-watch-v20_values-watch-v20.arsc.flat
-rw-r--r-- 1 runner runner    896 Jul 30 11:13 values-watch-v21_values-watch-v21.arsc.flat
-rw-r--r-- 1 runner runner    572 Jul 30 11:13 values-xlarge-v4_values-xlarge-v4.arsc.flat
-rw-r--r-- 1 runner runner   8292 Jul 30 11:13 values-zh-rCN_values-zh-rCN.arsc.flat
-rw-r--r-- 1 runner runner   8284 Jul 30 11:13 values-zh-rHK_values-zh-rHK.arsc.flat
-rw-r--r-- 1 runner runner   8292 Jul 30 11:13 values-zh-rTW_values-zh-rTW.arsc.flat
-rw-r--r-- 1 runner runner   8224 Jul 30 11:13 values-zu_values-zu.arsc.flat
-rw-r--r-- 1 runner runner 894900 Jul 30 11:13 values_values.arsc.flat

app/build/intermediates/merged_res_blame_folder:
total 12
drwxr-xr-x  3 runner runner 4096 Jul 30 11:13 .
drwxr-xr-x 35 runner runner 4096 Jul 30 11:14 ..
drwxr-xr-x  3 runner runner 4096 Jul 30 11:13 debug

app/build/intermediates/merged_res_blame_folder/debug:
total 12
drwxr-xr-x 3 runner runner 4096 Jul 30 11:13 .
drwxr-xr-x 3 runner runner 4096 Jul 30 11:13 ..
drwxr-xr-x 4 runner runner 4096 Jul 30 11:13 out

app/build/intermediates/merged_res_blame_folder/debug/out:
total 16
drwxr-xr-x 4 runner runner 4096 Jul 30 11:13 .
drwxr-xr-x 3 runner runner 4096 Jul 30 11:13 ..
drwxr-xr-x 2 runner runner 4096 Jul 30 11:13 multi-v2
drwxr-xr-x 2 runner runner 4096 Jul 30 11:13 single

app/build/intermediates/merged_res_blame_folder/debug/out/multi-v2:
total 1804
drwxr-xr-x 2 runner runner   4096 Jul 30 11:13 .
drwxr-xr-x 4 runner runner   4096 Jul 30 11:13 ..
-rw-r--r-- 1 runner runner 801548 Jul 30 11:13 debug.json
-rw-r--r-- 1 runner runner   6565 Jul 30 11:13 values-af.json
-rw-r--r-- 1 runner runner   6537 Jul 30 11:13 values-am.json
-rw-r--r-- 1 runner runner   6595 Jul 30 11:13 values-ar.json
-rw-r--r-- 1 runner runner   6571 Jul 30 11:13 values-as.json
-rw-r--r-- 1 runner runner   6575 Jul 30 11:13 values-az.json
-rw-r--r-- 1 runner runner   2137 Jul 30 11:13 values-b+es+419.json
-rw-r--r-- 1 runner runner   6643 Jul 30 11:13 values-b+sr+Latn.json
-rw-r--r-- 1 runner runner   6592 Jul 30 11:13 values-be.json
-rw-r--r-- 1 runner runner   6584 Jul 30 11:13 values-bg.json
-rw-r--r-- 1 runner runner   6579 Jul 30 11:13 values-bn.json
-rw-r--r-- 1 runner runner   6587 Jul 30 11:13 values-bs.json
-rw-r--r-- 1 runner runner   6583 Jul 30 11:13 values-ca.json
-rw-r--r-- 1 runner runner   6589 Jul 30 11:13 values-cs.json
-rw-r--r-- 1 runner runner   6565 Jul 30 11:13 values-da.json
-rw-r--r-- 1 runner runner   6581 Jul 30 11:13 values-de.json
-rw-r--r-- 1 runner runner   6583 Jul 30 11:13 values-el.json
-rw-r--r-- 1 runner runner   2881 Jul 30 11:13 values-en-rAU.json
-rw-r--r-- 1 runner runner   2881 Jul 30 11:13 values-en-rCA.json
-rw-r--r-- 1 runner runner   6591 Jul 30 11:13 values-en-rGB.json
-rw-r--r-- 1 runner runner   2881 Jul 30 11:13 values-en-rIN.json
-rw-r--r-- 1 runner runner   2952 Jul 30 11:13 values-en-rXC.json
-rw-r--r-- 1 runner runner   6612 Jul 30 11:13 values-es-rUS.json
-rw-r--r-- 1 runner runner   6578 Jul 30 11:13 values-es.json
-rw-r--r-- 1 runner runner   6575 Jul 30 11:13 values-et.json
-rw-r--r-- 1 runner runner   6579 Jul 30 11:13 values-eu.json
-rw-r--r-- 1 runner runner   6569 Jul 30 11:13 values-fa.json
-rw-r--r-- 1 runner runner   6563 Jul 30 11:13 values-fi.json
-rw-r--r-- 1 runner runner   6616 Jul 30 11:13 values-fr-rCA.json
-rw-r--r-- 1 runner runner   6582 Jul 30 11:13 values-fr.json
-rw-r--r-- 1 runner runner   6581 Jul 30 11:13 values-gl.json
-rw-r--r-- 1 runner runner   6570 Jul 30 11:13 values-gu.json
-rw-r--r-- 1 runner runner    704 Jul 30 11:13 values-h320dp-port-v13.json
-rw-r--r-- 1 runner runner    825 Jul 30 11:13 values-h360dp-land-v13.json
-rw-r--r-- 1 runner runner    825 Jul 30 11:13 values-h480dp-land-v13.json
-rw-r--r-- 1 runner runner    704 Jul 30 11:13 values-h550dp-port-v13.json
-rw-r--r-- 1 runner runner    684 Jul 30 11:13 values-h720dp-v13.json
-rw-r--r-- 1 runner runner    713 Jul 30 11:13 values-hdpi-v4.json
-rw-r--r-- 1 runner runner   6583 Jul 30 11:13 values-hi.json
-rw-r--r-- 1 runner runner   6578 Jul 30 11:13 values-hr.json
-rw-r--r-- 1 runner runner   6573 Jul 30 11:13 values-hu.json
-rw-r--r-- 1 runner runner   6567 Jul 30 11:13 values-hy.json
-rw-r--r-- 1 runner runner   6571 Jul 30 11:13 values-in.json
-rw-r--r-- 1 runner runner   6567 Jul 30 11:13 values-is.json
-rw-r--r-- 1 runner runner   6577 Jul 30 11:13 values-it.json
-rw-r--r-- 1 runner runner   6566 Jul 30 11:13 values-iw.json
-rw-r--r-- 1 runner runner   6535 Jul 30 11:13 values-ja.json
-rw-r--r-- 1 runner runner   6567 Jul 30 11:13 values-ka.json
-rw-r--r-- 1 runner runner   6567 Jul 30 11:13 values-kk.json
-rw-r--r-- 1 runner runner   6563 Jul 30 11:13 values-km.json
-rw-r--r-- 1 runner runner   6583 Jul 30 11:13 values-kn.json
-rw-r--r-- 1 runner runner   6529 Jul 30 11:13 values-ko.json
-rw-r--r-- 1 runner runner   6583 Jul 30 11:13 values-ky.json
-rw-r--r-- 1 runner runner   2424 Jul 30 11:13 values-land.json
-rw-r--r-- 1 runner runner   1664 Jul 30 11:13 values-large-v4.json
-rw-r--r-- 1 runner runner    681 Jul 30 11:13 values-ldltr-v21.json
-rw-r--r-- 1 runner runner    697 Jul 30 11:13 values-ldrtl-v17.json
-rw-r--r-- 1 runner runner   6561 Jul 30 11:13 values-lo.json
-rw-r--r-- 1 runner runner   6597 Jul 30 11:13 values-lt.json
-rw-r--r-- 1 runner runner   6610 Jul 30 11:13 values-lv.json
-rw-r--r-- 1 runner runner   6577 Jul 30 11:13 values-mk.json
-rw-r--r-- 1 runner runner   6591 Jul 30 11:13 values-ml.json
-rw-r--r-- 1 runner runner   6569 Jul 30 11:13 values-mn.json
-rw-r--r-- 1 runner runner   6575 Jul 30 11:13 values-mr.json
-rw-r--r-- 1 runner runner   6577 Jul 30 11:13 values-ms.json
-rw-r--r-- 1 runner runner   6587 Jul 30 11:13 values-my.json
-rw-r--r-- 1 runner runner   6553 Jul 30 11:13 values-nb.json
-rw-r--r-- 1 runner runner   6580 Jul 30 11:13 values-ne.json
-rw-r--r-- 1 runner runner   3107 Jul 30 11:13 values-night-v8.json
-rw-r--r-- 1 runner runner   6577 Jul 30 11:13 values-nl.json
-rw-r--r-- 1 runner runner   6576 Jul 30 11:13 values-or.json
-rw-r--r-- 1 runner runner   6565 Jul 30 11:13 values-pa.json
-rw-r--r-- 1 runner runner   6589 Jul 30 11:13 values-pl.json
-rw-r--r-- 1 runner runner    660 Jul 30 11:13 values-port.json
-rw-r--r-- 1 runner runner   6609 Jul 30 11:13 values-pt-rBR.json
-rw-r--r-- 1 runner runner   6609 Jul 30 11:13 values-pt-rPT.json
-rw-r--r-- 1 runner runner   2865 Jul 30 11:13 values-pt.json
-rw-r--r-- 1 runner runner   6588 Jul 30 11:13 values-ro.json
-rw-r--r-- 1 runner runner   6583 Jul 30 11:13 values-ru.json
-rw-r--r-- 1 runner runner   6575 Jul 30 11:13 values-si.json
-rw-r--r-- 1 runner runner   6586 Jul 30 11:13 values-sk.json
-rw-r--r-- 1 runner runner   6591 Jul 30 11:13 values-sl.json
-rw-r--r-- 1 runner runner    721 Jul 30 11:13 values-small-v4.json
-rw-r--r-- 1 runner runner   6577 Jul 30 11:13 values-sq.json
-rw-r--r-- 1 runner runner   6586 Jul 30 11:13 values-sr.json
-rw-r--r-- 1 runner runner   6571 Jul 30 11:13 values-sv.json
-rw-r--r-- 1 runner runner   6571 Jul 30 11:13 values-sw.json
-rw-r--r-- 1 runner runner   2061 Jul 30 11:13 values-sw600dp-v13.json
-rw-r--r-- 1 runner runner   6583 Jul 30 11:13 values-ta.json
-rw-r--r-- 1 runner runner   6585 Jul 30 11:13 values-te.json
-rw-r--r-- 1 runner runner   6557 Jul 30 11:13 values-th.json
-rw-r--r-- 1 runner runner   6583 Jul 30 11:13 values-tl.json
-rw-r--r-- 1 runner runner   6565 Jul 30 11:13 values-tr.json
-rw-r--r-- 1 runner runner   6591 Jul 30 11:13 values-uk.json
-rw-r--r-- 1 runner runner   6573 Jul 30 11:13 values-ur.json
-rw-r--r-- 1 runner runner   6573 Jul 30 11:13 values-uz.json
-rw-r--r-- 1 runner runner   1484 Jul 30 11:13 values-v16.json
-rw-r--r-- 1 runner runner   1021 Jul 30 11:13 values-v17.json
-rw-r--r-- 1 runner runner    655 Jul 30 11:13 values-v18.json
-rw-r--r-- 1 runner runner  10580 Jul 30 11:13 values-v21.json
-rw-r--r-- 1 runner runner    749 Jul 30 11:13 values-v22.json
-rw-r--r-- 1 runner runner   3000 Jul 30 11:13 values-v23.json
-rw-r--r-- 1 runner runner   1765 Jul 30 11:13 values-v24.json
-rw-r--r-- 1 runner runner    748 Jul 30 11:13 values-v25.json
-rw-r--r-- 1 runner runner    787 Jul 30 11:13 values-v26.json
-rw-r--r-- 1 runner runner   2400 Jul 30 11:13 values-v28.json
-rw-r--r-- 1 runner runner   5701 Jul 30 11:13 values-v31.json
-rw-r--r-- 1 runner runner   2270 Jul 30 11:13 values-v34.json
-rw-r--r-- 1 runner runner   6569 Jul 30 11:13 values-vi.json
-rw-r--r-- 1 runner runner    719 Jul 30 11:13 values-w320dp-land-v13.json
-rw-r--r-- 1 runner runner    809 Jul 30 11:13 values-w360dp-port-v13.json
-rw-r--r-- 1 runner runner    809 Jul 30 11:13 values-w400dp-port-v13.json
-rw-r--r-- 1 runner runner    704 Jul 30 11:13 values-w600dp-land-v13.json
-rw-r--r-- 1 runner runner    756 Jul 30 11:13 values-watch-v20.json
-rw-r--r-- 1 runner runner    757 Jul 30 11:13 values-watch-v21.json
-rw-r--r-- 1 runner runner    755 Jul 30 11:13 values-xlarge-v4.json
-rw-r--r-- 1 runner runner   6557 Jul 30 11:13 values-zh-rCN.json
-rw-r--r-- 1 runner runner   6555 Jul 30 11:13 values-zh-rHK.json
-rw-r--r-- 1 runner runner   6556 Jul 30 11:13 values-zh-rTW.json
-rw-r--r-- 1 runner runner   6578 Jul 30 11:13 values-zu.json
-rw-r--r-- 1 runner runner 208781 Jul 30 11:13 values.json

app/build/intermediates/merged_res_blame_folder/debug/out/single:
total 16
drwxr-xr-x 2 runner runner 4096 Jul 30 11:13 .
drwxr-xr-x 4 runner runner 4096 Jul 30 11:13 ..
-rw-r--r-- 1 runner runner 2292 Jul 30 11:13 debug.json
-rw-r--r-- 1 runner runner  571 Jul 30 11:13 layout.json

app/build/intermediates/merged_shaders:
total 12
drwxr-xr-x  3 runner runner 4096 Jul 30 11:13 .
drwxr-xr-x 35 runner runner 4096 Jul 30 11:14 ..
drwxr-xr-x  3 runner runner 4096 Jul 30 11:13 debug

app/build/intermediates/merged_shaders/debug:
total 12
drwxr-xr-x 3 runner runner 4096 Jul 30 11:13 .
drwxr-xr-x 3 runner runner 4096 Jul 30 11:13 ..
drwxr-xr-x 2 runner runner 4096 Jul 30 11:13 out

app/build/intermediates/merged_shaders/debug/out:
total 8
drwxr-xr-x 2 runner runner 4096 Jul 30 11:13 .
drwxr-xr-x 3 runner runner 4096 Jul 30 11:13 ..

app/build/intermediates/navigation_json:
total 12
drwxr-xr-x  3 runner runner 4096 Jul 30 11:13 .
drwxr-xr-x 35 runner runner 4096 Jul 30 11:14 ..
drwxr-xr-x  2 runner runner 4096 Jul 30 11:13 debug

app/build/intermediates/navigation_json/debug:
total 12
drwxr-xr-x 2 runner runner 4096 Jul 30 11:13 .
drwxr-xr-x 3 runner runner 4096 Jul 30 11:13 ..
-rw-r--r-- 1 runner runner    2 Jul 30 11:13 navigation.json

app/build/intermediates/packaged_manifests:
total 12
drwxr-xr-x  3 runner runner 4096 Jul 30 11:13 .
drwxr-xr-x 35 runner runner 4096 Jul 30 11:14 ..
drwxr-xr-x  2 runner runner 4096 Jul 30 11:13 debug

app/build/intermediates/packaged_manifests/debug:
total 16
drwxr-xr-x 2 runner runner 4096 Jul 30 11:13 .
drwxr-xr-x 3 runner runner 4096 Jul 30 11:13 ..
-rw-r--r-- 1 runner runner 3387 Jul 30 11:13 AndroidManifest.xml
-rw-r--r-- 1 runner runner  394 Jul 30 11:13 output-metadata.json

app/build/intermediates/packaged_res:
total 12
drwxr-xr-x  3 runner runner 4096 Jul 30 11:13 .
drwxr-xr-x 35 runner runner 4096 Jul 30 11:14 ..
drwxr-xr-x  7 runner runner 4096 Jul 30 11:13 debug

app/build/intermediates/packaged_res/debug:
total 28
drwxr-xr-x 7 runner runner 4096 Jul 30 11:13 .
drwxr-xr-x 3 runner runner 4096 Jul 30 11:13 ..
drwxr-xr-x 2 runner runner 4096 Jul 30 11:13 drawable
drwxr-xr-x 2 runner runner 4096 Jul 30 11:13 layout
drwxr-xr-x 2 runner runner 4096 Jul 30 11:13 mipmap
drwxr-xr-x 2 runner runner 4096 Jul 30 11:13 mipmap-anydpi-v26
drwxr-xr-x 2 runner runner 4096 Jul 30 11:13 values

app/build/intermediates/packaged_res/debug/drawable:
total 28
drwxr-xr-x 2 runner runner 4096 Jul 30 11:13 .
drwxr-xr-x 7 runner runner 4096 Jul 30 11:13 ..
-rw-r--r-- 1 runner runner  355 Jul 30 11:12 ic_expand.xml
-rw-r--r-- 1 runner runner  184 Jul 30 11:12 ic_launcher_background.xml
-rw-r--r-- 1 runner runner  528 Jul 30 11:12 ic_launcher_foreground.xml
-rw-r--r-- 1 runner runner  604 Jul 30 11:12 ic_launcher_legacy.xml
-rw-r--r-- 1 runner runner  525 Jul 30 11:12 ic_refresh.xml

app/build/intermediates/packaged_res/debug/layout:
total 20
drwxr-xr-x 2 runner runner 4096 Jul 30 11:13 .
drwxr-xr-x 7 runner runner 4096 Jul 30 11:13 ..
-rw-r--r-- 1 runner runner 2766 Jul 30 11:12 activity_main.xml
-rw-r--r-- 1 runner runner 2238 Jul 30 11:12 item_category_header.xml
-rw-r--r-- 1 runner runner  938 Jul 30 11:12 item_info_row.xml

app/build/intermediates/packaged_res/debug/mipmap:
total 16
drwxr-xr-x 2 runner runner 4096 Jul 30 11:13 .
drwxr-xr-x 7 runner runner 4096 Jul 30 11:13 ..
-rw-r--r-- 1 runner runner  253 Jul 30 11:12 ic_launcher.xml
-rw-r--r-- 1 runner runner  253 Jul 30 11:12 ic_launcher_round.xml

app/build/intermediates/packaged_res/debug/mipmap-anydpi-v26:
total 16
drwxr-xr-x 2 runner runner 4096 Jul 30 11:13 .
drwxr-xr-x 7 runner runner 4096 Jul 30 11:13 ..
-rw-r--r-- 1 runner runner  271 Jul 30 11:12 ic_launcher.xml
-rw-r--r-- 1 runner runner  271 Jul 30 11:12 ic_launcher_round.xml

app/build/intermediates/packaged_res/debug/values:
total 12
drwxr-xr-x 2 runner runner 4096 Jul 30 11:13 .
drwxr-xr-x 7 runner runner 4096 Jul 30 11:13 ..
-rw-r--r-- 1 runner runner 2868 Jul 30 11:13 values.xml

app/build/intermediates/processed_res:
total 12
drwxr-xr-x  3 runner runner 4096 Jul 30 11:13 .
drwxr-xr-x 35 runner runner 4096 Jul 30 11:14 ..
drwxr-xr-x  3 runner runner 4096 Jul 30 11:13 debug

app/build/intermediates/processed_res/debug:
total 12
drwxr-xr-x 3 runner runner 4096 Jul 30 11:13 .
drwxr-xr-x 3 runner runner 4096 Jul 30 11:13 ..
drwxr-xr-x 2 runner runner 4096 Jul 30 11:13 out

app/build/intermediates/processed_res/debug/out:
total 1456
drwxr-xr-x 2 runner runner    4096 Jul 30 11:13 .
drwxr-xr-x 3 runner runner    4096 Jul 30 11:13 ..
-rw-r--r-- 1 runner runner     389 Jul 30 11:13 output-metadata.json
-rw-r--r-- 1 runner runner 1475267 Jul 30 11:13 resources-debug.ap_

app/build/intermediates/runtime_symbol_list:
total 12
drwxr-xr-x  3 runner runner 4096 Jul 30 11:13 .
drwxr-xr-x 35 runner runner 4096 Jul 30 11:14 ..
drwxr-xr-x  2 runner runner 4096 Jul 30 11:13 debug

app/build/intermediates/runtime_symbol_list/debug:
total 388
drwxr-xr-x 2 runner runner   4096 Jul 30 11:13 .
drwxr-xr-x 3 runner runner   4096 Jul 30 11:13 ..
-rw-r--r-- 1 runner runner 388941 Jul 30 11:13 R.txt

app/build/intermediates/signing_config_versions:
total 12
drwxr-xr-x  3 runner runner 4096 Jul 30 11:14 .
drwxr-xr-x 35 runner runner 4096 Jul 30 11:14 ..
drwxr-xr-x  2 runner runner 4096 Jul 30 11:14 debug

app/build/intermediates/signing_config_versions/debug:
total 12
drwxr-xr-x 2 runner runner 4096 Jul 30 11:14 .
drwxr-xr-x 3 runner runner 4096 Jul 30 11:14 ..
-rw-r--r-- 1 runner runner   96 Jul 30 11:14 signing-config-versions.json

app/build/intermediates/source_set_path_map:
total 12
drwxr-xr-x  3 runner runner 4096 Jul 30 11:13 .
drwxr-xr-x 35 runner runner 4096 Jul 30 11:14 ..
drwxr-xr-x  2 runner runner 4096 Jul 30 11:13 debug

app/build/intermediates/source_set_path_map/debug:
total 16
drwxr-xr-x 2 runner runner 4096 Jul 30 11:13 .
drwxr-xr-x 3 runner runner 4096 Jul 30 11:13 ..
-rw-r--r-- 1 runner runner 5570 Jul 30 11:13 file-map.txt

app/build/intermediates/stable_resource_ids_file:
total 12
drwxr-xr-x  3 runner runner 4096 Jul 30 11:13 .
drwxr-xr-x 35 runner runner 4096 Jul 30 11:14 ..
drwxr-xr-x  2 runner runner 4096 Jul 30 11:13 debug

app/build/intermediates/stable_resource_ids_file/debug:
total 420
drwxr-xr-x 2 runner runner   4096 Jul 30 11:13 .
drwxr-xr-x 3 runner runner   4096 Jul 30 11:13 ..
-rw-r--r-- 1 runner runner 421851 Jul 30 11:13 stableIds.txt

app/build/intermediates/symbol_list_with_package_name:
total 12
drwxr-xr-x  3 runner runner 4096 Jul 30 11:13 .
drwxr-xr-x 35 runner runner 4096 Jul 30 11:14 ..
drwxr-xr-x  2 runner runner 4096 Jul 30 11:13 debug

app/build/intermediates/symbol_list_with_package_name/debug:
total 232
drwxr-xr-x 2 runner runner   4096 Jul 30 11:13 .
drwxr-xr-x 3 runner runner   4096 Jul 30 11:13 ..
-rw-r--r-- 1 runner runner 227399 Jul 30 11:13 package-aware-r.txt

app/build/intermediates/validate_signing_config:
total 12
drwxr-xr-x  3 runner runner 4096 Jul 30 11:13 .
drwxr-xr-x 35 runner runner 4096 Jul 30 11:14 ..
drwxr-xr-x  2 runner runner 4096 Jul 30 11:13 debug

app/build/intermediates/validate_signing_config/debug:
total 8
drwxr-xr-x 2 runner runner 4096 Jul 30 11:13 .
drwxr-xr-x 3 runner runner 4096 Jul 30 11:13 ..

app/build/kotlin:
total 12
drwxr-xr-x 3 runner runner 4096 Jul 30 11:14 .
drwxr-xr-x 7 runner runner 4096 Jul 30 11:14 ..
drwxr-xr-x 5 runner runner 4096 Jul 30 11:14 compileDebugKotlin

app/build/kotlin/compileDebugKotlin:
total 20
drwxr-xr-x 5 runner runner 4096 Jul 30 11:14 .
drwxr-xr-x 3 runner runner 4096 Jul 30 11:14 ..
drwxr-xr-x 3 runner runner 4096 Jul 30 11:14 cacheable
drwxr-xr-x 2 runner runner 4096 Jul 30 11:14 classpath-snapshot
drwxr-xr-x 2 runner runner 4096 Jul 30 11:14 local-state

app/build/kotlin/compileDebugKotlin/cacheable:
total 16
drwxr-xr-x 3 runner runner 4096 Jul 30 11:14 .
drwxr-xr-x 5 runner runner 4096 Jul 30 11:14 ..
drwxr-xr-x 5 runner runner 4096 Jul 30 11:14 caches-jvm
-rw-r--r-- 1 runner runner  439 Jul 30 11:14 dirty-sources.txt

app/build/kotlin/compileDebugKotlin/cacheable/caches-jvm:
total 20
drwxr-xr-x 5 runner runner 4096 Jul 30 11:14 .
drwxr-xr-x 3 runner runner 4096 Jul 30 11:14 ..
drwxr-xr-x 2 runner runner 4096 Jul 30 11:14 inputs
drwxr-xr-x 2 runner runner 4096 Jul 30 11:14 jvm
drwxr-xr-x 2 runner runner 4096 Jul 30 11:14 lookups

app/build/kotlin/compileDebugKotlin/cacheable/caches-jvm/inputs:
total 8
drwxr-xr-x 2 runner runner 4096 Jul 30 11:14 .
drwxr-xr-x 5 runner runner 4096 Jul 30 11:14 ..

app/build/kotlin/compileDebugKotlin/cacheable/caches-jvm/jvm:
total 8
drwxr-xr-x 2 runner runner 4096 Jul 30 11:14 .
drwxr-xr-x 5 runner runner 4096 Jul 30 11:14 ..

app/build/kotlin/compileDebugKotlin/cacheable/caches-jvm/lookups:
total 8
drwxr-xr-x 2 runner runner 4096 Jul 30 11:14 .
drwxr-xr-x 5 runner runner 4096 Jul 30 11:14 ..

app/build/kotlin/compileDebugKotlin/classpath-snapshot:
total 8
drwxr-xr-x 2 runner runner 4096 Jul 30 11:14 .
drwxr-xr-x 5 runner runner 4096 Jul 30 11:14 ..

app/build/kotlin/compileDebugKotlin/local-state:
total 12
drwxr-xr-x 2 runner runner 4096 Jul 30 11:14 .
drwxr-xr-x 5 runner runner 4096 Jul 30 11:14 ..
-rw-r--r-- 1 runner runner   31 Jul 30 11:14 build-history.bin

app/build/outputs:
total 12
drwxr-xr-x 3 runner runner 4096 Jul 30 11:13 .
drwxr-xr-x 7 runner runner 4096 Jul 30 11:14 ..
drwxr-xr-x 2 runner runner 4096 Jul 30 11:13 logs

app/build/outputs/logs:
total 52
drwxr-xr-x 2 runner runner  4096 Jul 30 11:13 .
drwxr-xr-x 3 runner runner  4096 Jul 30 11:13 ..
-rw-r--r-- 1 runner runner 44717 Jul 30 11:13 manifest-merger-debug-report.txt

app/build/tmp:
total 12
drwxr-xr-x 3 runner runner 4096 Jul 30 11:14 .
drwxr-xr-x 7 runner runner 4096 Jul 30 11:14 ..
drwxr-xr-x 3 runner runner 4096 Jul 30 11:14 kotlin-classes

app/build/tmp/kotlin-classes:
total 12
drwxr-xr-x 3 runner runner 4096 Jul 30 11:14 .
drwxr-xr-x 3 runner runner 4096 Jul 30 11:14 ..
drwxr-xr-x 2 runner runner 4096 Jul 30 11:14 debug

app/build/tmp/kotlin-classes/debug:
total 8
drwxr-xr-x 2 runner runner 4096 Jul 30 11:14 .
drwxr-xr-x 3 runner runner 4096 Jul 30 11:14 ..

## Project structure
./.gradle/8.2/dependencies-accessors/gc.properties
./.gradle/8.2/gc.properties
./.gradle/buildOutputCleanup/cache.properties
./.gradle/vcs-1/gc.properties
./app/build.gradle
./app/src/main/AndroidManifest.xml
./build.gradle
./gradle.properties
./gradle/wrapper/gradle-wrapper.properties
./settings.gradle
